Workbook
Name çسçر76: [2]çسçرءهآس!$C$2:$J$39
Name çسçر76: [3]çسçرءهآس!$C$2:$J$39
Name çسçر76: [3]çسçرءهآس!$C$2:$J$39
Name بسوآهè: [2]çسçرءهآس!$CY$83:$DD$97
Name بسوآهè: [3]çسçرءهآس!$CY$83:$DD$97
Name بسوآهè: [3]çسçرءهآس!$CY$83:$DD$97
Name مشآسطçسçرهآèآوè: [2]çسçرءهآس!$T$6:$AA$23
Name مشآسطçسçرهآèآوè: [3]çسçرءهآس!$T$6:$AA$23
Name مشآسطçسçرهآèآوè: [3]çسçرءهآس!$T$6:$AA$23

Sheet IR
D2: ETc | E2: Ksp | F2: Kd | G2: Ksh | H2: Kmc | I2: IR; mm/d | J2: Kage | K2: Kstress | L2: Eff | M2: Lf | N2: Atree | O2: سهم ماه اوج | P2: ساعات کار | Q2: Ao | R2: lit/d | S2: m3/ha | T2: QHM
B3: سال خشک | D3: 7.1 | E3: 0.5 | F3: 1 | G3: =K20 -> 0.28117076 | H3: 1 | I3: =D3*E3*F3*H3 -> 3.55 | J3: 1 | K3: 0.65 | L3: 0.8 | M3: 0.05 | N3: 5 | O3: 0.22 | P3: 24 | Q3: 30 | R3: =+I3*Q3*G3/L3/(1-M3)*$J3*$K3 -> 25.610587 | S3: =R3/Q3*10*31/O3 -> 1202.9215 | T3: =R3/Q3/8.64*24/P3 -> 0.098806277
E4: برآورد نیازآبیاری و شدت جریان ماه اوج مصرف در کمربند سبز مشهد. | W4: انتخاب روش
B5: خارج از محدوده | D5: پهنه‌های کمربند سبز جنوبی | H5: وسعت پهنه | I5: سطح إسمی درختان | J5: درصد سایه‌انداز | K5: ضریب سایه‌انداز | L5: نیاز آبیاری روزانه | M5: نیاز هر درخت | N5: نیاز آبیاری سالانه | O5: آبدهی واحد (هیدرومدول) متوسط 9ماهه و ماه اوج | Q5: نیاز آبیاری سالانه | R5: آبدهی موردنیاز ماه اوج | U5: نیاز آبیاری سالانه | W5: 2 | X5: ناحیه | Y5: نیاز آبی با 20 ساعت پمپاژ (لیتر بر ثانیه) | Z5: مساحت (هکتار)
H6: ha | I6: m2 | J6: % | K6: Ksh | L6: mm/d | M6: lit/d | N6: m3/ha | O6: lit/s/ha | Q6: MCM | R6: lit/s | U6: m3/ha
B7: + | C7: =ک.ج2!V24 -> 2080.058 | D7: =ک.ج2!S24 -> نگهداری قدیم -زون 1 الی11 | H7: =ک.ج2!V24-21 -> 2059.058 | I7: =ک.ج2!R24 -> 37.165355 | J7: =N$3/I7 -> 0.13453389 | K7: =IF(W$5=1,(J7)^0.5,J7+15/100*(1-J7)) -> 0.26435381 | L7: =I$3*K7/L$3/(1-M$3)*$J$3*$K$3 -> 0.80262686 | M7: =+L7*I7 -> 29.829913 | N7: =ROUND(U7,-1) -> 1130 | O7: =L7/8.64*24/P$3 -> 0.092896628 | P7: =U7/((6*31+3*30)*24*3600)*1000 -> 0.047427461 | Q7: =+N7*H7/10^6 -> 2.3267355 | R7: =O7*H7 -> 191.27954 | S7: کوهستان وچهل بوستان | U7: =L7*10*31/O$3 -> 1130.9742 | W7: =J7+15/100*(1-J7) -> 0.26435381 | X7: یال 1 اراضی قهوه خانه و کوهسنگی | Y7: 12 | Z7: 190 | AA7: =+Y7/Z7 -> 0.063157895
B8: * | C8: =ک.ج2!V25 -> 134.3125 | D8: =ک.ج2!S25 -> توسعه 98 با افزایش25% (حاشیه کمربند جنوبی) | H8: =ک.ج2!V25 -> 134.3125 | I8: =ک.ج2!R25 -> 13.56962 | J8: =N$3/I8 -> 0.36847015 | K8: =IF(W$5=1,(J8)^0.5,J8+15/100*(1-J8)) -> 0.46319963 | L8: =I$3*K8/L$3/(1-M$3)*$J$3*$K$3 -> 1.4063594 | M8: =+L8*I8 -> 19.083763 | N8: =ROUND(U8,-1) -> 1980 | O8: =L8/8.64*24/P$3 -> 0.16277308 | P8: =U8/((6*31+3*30)*24*3600)*1000 -> 0.083102197 | Q8: =+N8*H8/10^6 -> 0.26593875 | R8: =O8*H8 -> 21.862459 | S8: کوهستان وچهل بوستان | U8: =L8*10*31/O$3 -> 1981.6882 | W8: =J8+15/100*(1-J8) -> 0.46319963 | X8: یال 2 اراضی قهوه خانه و کوهسنگی | Y8: 9 | Z8: 140 | AA8: =+Y8/Z8 -> 0.064285714
B9: * | C9: =ک.ج2!V26 -> 10 | D9: =ک.ج2!S26 -> توسعه 98 (استعلام انتهای لادن) | H9: =ک.ج2!V26-C9 -> 0 | I9: =ک.ج2!R26 -> 27.855153 | J9: =N$3/I9 -> 0.1795 | K9: =IF(W$5=1,(J9)^0.5,J9+15/100*(1-J9)) -> 0.302575 | L9: =I$3*K9/L$3/(1-M$3)*$J$3*$K$3 -> 0.91867344 | M9: =+L9*I9 -> 25.589789 | N9: =ROUND(U9,-1) -> 1290 | O9: =L9/8.64*24/P$3 -> 0.10632794 | P9: =U9/((6*31+3*30)*24*3600)*1000 -> 0.054284688 | Q9: =+N9*H9/10^6 -> 0 | R9: =O9*H9 -> 0 | S9: کوهستان وچهل بوستان | U9: =L9*10*31/O$3 -> 1294.4944 | W9: =J9+15/100*(1-J9) -> 0.302575 | X9: یال 3 اراضی قهوه خانه و کوهسنگی | Y9: 16 | Z9: 245 | AA9: =+Y9/Z9 -> 0.065306122
C10: =ک.ج2!V27 -> 250 | D10: =ک.ج2!S27 -> اراضی منابع طبیعی-ملی | H10: =ک.ج2!V27 -> 250 | I10: =ک.ج2!R27 -> 30.769231 | J10: =N$3/I10 -> 0.1625 | K10: =IF(W$5=1,(J10)^0.5,J10+15/100*(1-J10)) -> 0.288125 | L10: =I$3*K10/L$3/(1-M$3)*$J$3*$K$3 -> 0.87480058 | M10: =+L10*I10 -> 26.916941 | N10: =ROUND(U10,-1) -> 1230 | O10: =L10/8.64*24/P$3 -> 0.10125007 | P10: =U10/((6*31+3*30)*24*3600)*1000 -> 0.051692228 | Q10: =+N10*H10/10^6 -> 0.3075 | R10: =O10*H10 -> 25.312517 | S10: کوهستان وچهل بوستان | U10: =L10*10*31/O$3 -> 1232.6735 | W10: =J10+15/100*(1-J10) -> 0.288125 | X10: یال 4 اراضی قهوه خانه و کوهسنگی | Y10: 30 | Z10: 440 | AA10: =+Y10/Z10 -> 0.068181818
C11: =ک.ج2!V28 -> 250.0375 | D11: =ک.ج2!S28 -> اراضی قهوه خانه وکوهسنگی | H11: =ک.ج2!V28 -> 250.0375 | I11: =ک.ج2!R28 -> 30.769231 | J11: =N$3/I11 -> 0.1625 | K11: =IF(W$5=1,(J11)^0.5,J11+15/100*(1-J11)) -> 0.288125 | L11: =I$3*K11/L$3/(1-M$3)*$J$3*$K$3 -> 0.87480058 | M11: =+L11*I11 -> 26.916941 | N11: =ROUND(U11,-1) -> 1230 | O11: =L11/8.64*24/P$3 -> 0.10125007 | P11: =U11/((6*31+3*30)*24*3600)*1000 -> 0.051692228 | Q11: =+N11*H11/10^6 -> 0.30754613 | R11: =O11*H11 -> 25.316314 | S11: کوهستان وچهل بوستان | U11: =L11*10*31/O$3 -> 1232.6735 | W11: =J11+15/100*(1-J11) -> 0.288125 | X11: یال 5 اراضی قهوه خانه و کوهسنگی | Y11: 7 | Z11: 100 | AA11: =+Y11/Z11 -> 0.07
B12: خطا | C12: =ک.ج2!V29 -> 189 | D12: =ک.ج2!S29 -> اراضی آبشر | H12: =ک.ج2!V29-H13 -> 101.75 | I12: =ک.ج2!R29 -> 22.235294 | J12: =N$3/I12 -> 0.22486772 | K12: =IF(W$5=1,(J12)^0.5,J12+15/100*(1-J12)) -> 0.34113757 | L12: =I$3*K12/L$3/(1-M$3)*$J$3*$K$3 -> 1.0357565 | M12: =+L12*I12 -> 23.03035 | N12: =ROUND(U12,-1) -> 1460 | O12: =L12/8.64*24/P$3 -> 0.11987922 | P12: =U12/((6*31+3*30)*24*3600)*1000 -> 0.061203161 | Q12: =+N12*H12/10^6 -> 0.148555 | R12: =O12*H12 -> 12.197711 | S12: کوهستان وچهل بوستان | U12: =L12*10*31/O$3 -> 1459.4751 | W12: =J12+15/100*(1-J12) -> 0.34113757 | X12: اراضی زکریا | Y12: 31 | Z12: 490 | AA12: =+Y12/Z12 -> 0.063265306
C13: =ک.ج2!V30 -> 87.25 | D13: =ک.ج2!S30 -> توسعه 98 (تکمیل آبشر) | H13: =ک.ج2!V30 -> 87.25 | I13: =ک.ج2!R30 -> 22.65625 | J13: =N$3/I13 -> 0.22068966 | K13: =IF(W$5=1,(J13)^0.5,J13+15/100*(1-J13)) -> 0.33758621 | L13: =I$3*K13/L$3/(1-M$3)*$J$3*$K$3 -> 1.0249739 | M13: =+L13*I13 -> 23.222065 | N13: =ROUND(U13,-1) -> 1440 | O13: =L13/8.64*24/P$3 -> 0.11863124 | P13: =U13/((6*31+3*30)*24*3600)*1000 -> 0.060566015 | Q13: =+N13*H13/10^6 -> 0.12564 | R13: =O13*H13 -> 10.350576 | S13: کوهستان وچهل بوستان | U13: =L13*10*31/O$3 -> 1444.2814 | W13: =J13+15/100*(1-J13) -> 0.33758621 | X13: عرصه لادن تا دلاوران | Y13: 74 | Z13: 1100 | AA13: =+Y13/Z13 -> 0.067272727
B14: * | C14: =ک.ج2!V31 -> 34 | D14: =ک.ج2!S31 -> توسعه 98 با ابلاغ افزایش25% (حاشیه بلوار نماز) | H14: =ک.ج2!V31-C14 -> 0 | I14: =ک.ج2!R31 -> 22.666667 | J14: =N$3/I14 -> 0.22058824 | K14: =IF(W$5=1,(J14)^0.5,J14+15/100*(1-J14)) -> 0.3375 | L14: =I$3*K14/L$3/(1-M$3)*$J$3*$K$3 -> 1.0247122 | M14: =+L14*I14 -> 23.226809 | N14: =ROUND(U14,-1) -> 1440 | O14: =L14/8.64*24/P$3 -> 0.11860095 | P14: =U14/((6*31+3*30)*24*3600)*1000 -> 0.060550549 | Q14: =+N14*H14/10^6 -> 0 | R14: =O14*H14 -> 0 | S14: کوهستان وچهل بوستان | U14: =L14*10*31/O$3 -> 1443.9126 | W14: =J14+15/100*(1-J14) -> 0.3375 | X14: باقیمانده کل عرصه | Y14: 68 | Z14: 1000 | AA14: =+Y14/Z14 -> 0.068
C15: =ک.ج2!V32 -> 187.5 | D15: =ک.ج2!S32 -> اراضی مینوش ومغان با افزایش 25% | H15: =ک.ج2!V32 -> 187.5 | I15: =ک.ج2!R32 -> 19.646365 | J15: =N$3/I15 -> 0.2545 | K15: =IF(W$5=1,(J15)^0.5,J15+15/100*(1-J15)) -> 0.366325 | L15: =I$3*K15/L$3/(1-M$3)*$J$3*$K$3 -> 1.1122302 | M15: =+L15*I15 -> 21.851281 | N15: =ROUND(U15,-1) -> 1570 | O15: =L15/8.64*24/P$3 -> 0.12873035 | P15: =U15/((6*31+3*30)*24*3600)*1000 -> 0.065722014 | Q15: =+N15*H15/10^6 -> 0.294375 | R15: =O15*H15 -> 24.13694 | S15: کوهستان وچهل بوستان | U15: =L15*10*31/O$3 -> 1567.2334 | W15: =J15+15/100*(1-J15) -> 0.366325
C16: =ک.ج2!V33 -> 100 | D16: =ک.ج2!S33 -> اراضی مینوش ومغان(ترک تشریفات) | H16: =ک.ج2!V33 -> 100 | I16: =ک.ج2!R33 -> 17.241379 | J16: =N$3/I16 -> 0.29 | K16: =IF(W$5=1,(J16)^0.5,J16+15/100*(1-J16)) -> 0.3965 | L16: =I$3*K16/L$3/(1-M$3)*$J$3*$K$3 -> 1.203847 | M16: =+L16*I16 -> 20.755983 | N16: =ROUND(U16,-1) -> 1700 | O16: =L16/8.64*24/P$3 -> 0.13933415 | P16: =U16/((6*31+3*30)*24*3600)*1000 -> 0.071135682 | Q16: =+N16*H16/10^6 -> 0.17 | R16: =O16*H16 -> 13.933415 | S16: کوهستان وچهل بوستان | U16: =L16*10*31/O$3 -> 1696.3299 | W16: =J16+15/100*(1-J16) -> 0.3965
C17: =ک.ج2!V34 -> 205 | D17: =ک.ج2!S34 -> بزرگراه آسیایی بعد از نیروگاه توس | H17: =ک.ج2!V34 -> 205 | I17: =ک.ج2!R34 -> 35.964912 | J17: =N$3/I17 -> 0.13902439 | K17: =IF(W$5=1,(J17)^0.5,J17+15/100*(1-J17)) -> 0.26817073 | L17: =I$3*K17/L$3/(1-M$3)*$J$3*$K$3 -> 0.81421574 | M17: =+L17*I17 -> 29.283198 | N17: =ROUND(U17,-1) -> 1150 | O17: =L17/8.64*24/P$3 -> 0.094237933 | P17: =U17/((6*31+3*30)*24*3600)*1000 -> 0.048112252 | Q17: =+N17*H17/10^6 -> 0.23575 | R17: =O17*H17 -> 19.318776 | S17: سوران و و یرانی | U17: =L17*10*31/O$3 -> 1147.304 | W17: =J17+15/100*(1-J17) -> 0.26817073
C18: =ک.ج2!V35 -> 85 | D18: =ک.ج2!S35 -> حدفاصل مسیر رفت‌وبرگشت جاده بهشت رضا(ع) | H18: =ک.ج2!V35 -> 85 | I18: =ک.ج2!R35 -> 16.966068 | J18: =N$3/I18 -> 0.29470588 | K18: =IF(W$5=1,(J18)^0.5,J18+15/100*(1-J18)) -> 0.4005 | L18: =I$3*K18/L$3/(1-M$3)*$J$3*$K$3 -> 1.2159918 | M18: =+L18*I18 -> 20.630599 | N18: =ROUND(U18,-1) -> 1710 | O18: =L18/8.64*24/P$3 -> 0.14073979 | P18: =U18/((6*31+3*30)*24*3600)*1000 -> 0.071853318 | Q18: =+N18*H18/10^6 -> 0.14535 | R18: =O18*H18 -> 11.962882 | S18: جزایر میانی بهشت رضا(ع) | U18: =L18*10*31/O$3 -> 1713.443 | W18: =J18+15/100*(1-J18) -> 0.4005
C19: =ک.ج2!V36 -> 8.6580087 | D19: =ک.ج2!S36 -> توسعه سال 98جاده بهشت رضا (ع) | H19: =ک.ج2!V36 -> 8.6580087 | I19: =ک.ج2!R36 -> 21.645022 | J19: =N$3/I19 -> 0.231 | K19: =IF(W$5=1,(J19)^0.5,J19+15/100*(1-J19)) -> 0.34635 | L19: =I$3*K19/L$3/(1-M$3)*$J$3*$K$3 -> 1.0515824 | M19: =+L19*I19 -> 22.761524 | N19: =ROUND(U19,-1) -> 1480 | O19: =L19/8.64*24/P$3 -> 0.12171093 | P19: =U19/((6*31+3*30)*24*3600)*1000 -> 0.062138319 | Q19: =+N19*H19/10^6 -> 0.012813853 | R19: =O19*H19 -> 1.0537743 | S19: جزایر میانی بهشت رضا(ع) | U19: =L19*10*31/O$3 -> 1481.7752 | W19: =J19+15/100*(1-J19) -> 0.34635
B20: =C20-H20 -> 152.25 | C20: =SUM(C7:C19) -> 3620.816 | E20: جمع کمربند جنوبی | H20: =SUM(H7:H19) -> 3468.566 | I20: =SUMPRODUCT(I7:I19,H7:H19)/SUM(H7:H19) -> 32.400513 | J20: =N$3/I20 -> 0.15431855 | K20: =IF(W$5=1,(J20)^0.5,J20+15/100*(1-J20)) -> 0.28117076 | L20: =I$3*K20/L$3/(1-M$3)*$J$3*$K$3 -> 0.85368623 | M20: =+L20*I20 -> 27.659872 | N20: =ROUND(U20,-1) -> 1200 | O20: =L20/8.64*24/P$3 -> 0.098806277 | P20: =U20/((6*31+3*30)*24*3600)*1000 -> 0.050444575 | Q20: =+N20*H20/10^6 -> 4.1622792 | R20: =O20*H20 -> 342.71609 | U20: =L20*10*31/O$3 -> 1202.9215 | X20: کل عرصه | Y20: 250 | Z20: 3705 | AA20: =+Y20/Z20 -> 0.067476383
E21: کمربند شمالی | H21: 181 | I21: - | J21: - | K21: - | L21: =L20 -> 0.85368623 | M21: =M20 -> 27.659872 | N21: =ROUND(U21,-1) -> 1200 | O21: =L21/8.64*24/P$3 -> 0.098806277 | P21: =U21/((6*31+3*30)*24*3600)*1000 -> 0.050444575 | Q21: =+N21*H21/10^6 -> 0.2172 | R21: =O21*H21 -> 17.883936 | U21: =L21*10*31/O$3 -> 1202.9215
E22: مجموع کمربند سبز شهر مشهد | H22: =SUM(H20:H21) -> 3649.566 | Q22: =SUM(Q20:Q21) -> 4.3794792 | R22: =SUM(R20:R21) -> 360.60003
E24: مقدار توسعه تا سال 1400 | H24: =7395000/10000 -> 739.5 | I24: =I20 -> 32.400513 | J24: =I$59/I24 -> 0.15431855 | K24: =(J24)^0.5 -> 0.39283399 | L24: =H$59*K24/L$3/(1-M$3) -> 1.1921745 | M24: =+L24*I24 -> 38.627064 | N24: =ROUND(U24,-1) -> 1680 | O24: =L24/8.64*24/P$3 -> 0.13798316 | P24: =U24/((6*31+3*30)*24*3600)*1000 -> 0.070445946 | Q24: =+N24*H24/10^6 -> 1.24236 | R24: =O24*H24 -> 102.03854 | U24: =L24*10*31/O$3 -> 1679.8822
E25: مقدار مفروض توسعه سالانه | H25: =ROUND((1425-1424)*240000/2*I25/10000,-1) -> 390 | I25: =I24 -> 32.400513 | J25: =I$59/I25 -> 0.15431855 | K25: =(J25)^0.5 -> 0.39283399 | L25: =H$59*K25/L$3/(1-M$3) -> 1.1921745 | M25: =+L25*I25 -> 38.627064 | N25: =ROUND(U25,-1) -> 1680 | O25: =L25/8.64*24/P$3 -> 0.13798316 | P25: =U25/((6*31+3*30)*24*3600)*1000 -> 0.070445946 | Q25: =+N25*H25/10^6 -> 0.6552 | R25: =O25*H25 -> 53.813431 | U25: =L25*10*31/O$3 -> 1679.8822
E26: مقدار مفروض تا سال 1425 | H26: =ROUND((1425-1400)*250000/2*I26/10000,-3) -> 10000 | I26: =I25 -> 32.400513 | J26: =I$59/I26 -> 0.15431855 | K26: =(J26)^0.5 -> 0.39283399 | L26: =H$59*K26/L$3/(1-M$3) -> 1.1921745 | M26: =+L26*I26 -> 38.627064 | N26: =ROUND(U26,-1) -> 1680 | O26: =L26/8.64*24/P$3 -> 0.13798316 | P26: =U26/((6*31+3*30)*24*3600)*1000 -> 0.070445946 | Q26: =+N26*H26/10^6 -> 16.8 | R26: =O26*H26 -> 1379.8316 | U26: =L26*10*31/O$3 -> 1679.8822
E27: طرح مجموعه شهری | H27: 19000 | I27: =I26 -> 32.400513 | J27: =I$59/I27 -> 0.15431855 | K27: =(J27)^0.5 -> 0.39283399 | L27: =H$59*K27/L$3/(1-M$3) -> 1.1921745 | M27: =+L27*I27 -> 38.627064 | N27: =ROUND(U27,-1) -> 1680 | O27: =L27/8.64*24/P$3 -> 0.13798316 | P27: =U27/((6*31+3*30)*24*3600)*1000 -> 0.070445946 | Q27: =+N27*H27/10^6 -> 31.92 | R27: =O27*H27 -> 2621.68 | U27: =L27*10*31/O$3 -> 1679.8822
H29: =25*30 -> 750 | P29: =T65/((6*31+3*30)*P$3*3600)*1000 -> 0.14697702
E30: مجموع در سال 1398 | H30: =H20+H24/2 -> 3838.316 | I30: =I20 -> 32.400513 | J30: =I$59/I30 -> 0.15431855 | K30: =(J30)^0.5 -> 0.39283399 | L30: =H$59*K30/L$3/(1-M$3) -> 1.1921745 | M30: =+L30*I30 -> 38.627064 | N30: =ROUND(U30,-1) -> 1680 | O30: =L30/8.64*24/P$3 -> 0.13798316 | P30: =U30/((6*31+3*30)*24*3600)*1000 -> 0.070445946 | Q30: =+N30*H30/10^6 -> 6.4483709 | R30: =O30*H30 -> 529.62296 | U30: =L30*10*31/O$3 -> 1679.8822
D32: ETc | E32: Ksp | F32: Kd | G32: Ksh | H32: Kmc | I32: IR; mm/d | J32: Kage | K32: Kstress | L32: Eff | M32: Lf | N32: Atree | O32: سهم ماه اوج | P32: ساعات کار | Q32: Ao | R32: lit/d | S32: m3/ha | T32: QHM
D33: 7.1 | E33: 0.6 | F33: 0.6 | G33: =(N33/Q33)^0.5 -> 0.57735027 | H33: 1 | I33: =D33*E33*F33*H33 -> 2.556 | J33: 1 | K33: 1 | L33: 0.8 | M33: 0.05 | N33: 10 | O33: 0.22 | P33: 24 | Q33: 30 | R33: =+I33*Q33*G33/L33/(1-M33)*$J33*$K33 -> 58.251603 | S33: =R33/Q33*10*31/O33 -> 2736.0602 | T33: =R33/Q33/8.64*24/P33 -> 0.22473612
E35: گونه | H35: تراکم | K35: خرداقلیم
E36: دسته | F36: وضعیت | G36: ضریب | H36: دسته | I36: وضعیت | J36: ضریب | K36: دسته | L36: تأثیر بر | M36: ضریب
F37: نیاز رطوبتی | G37: گونه | I37: سطح برگ | J37: تراکم | L37: تبخیرتعرّق | M37: خُرداقلیم
F38: خیلی کم‌نیاز | G38: 0.05 | I38: تُنُک/ کم‌تراکم | J38: 0.5 | L38: کاهنده | M38: 0.5
G39: 0.08 | J39: 0.6 | M39: 0.6
G40: 0.1 | J40: 0.7 | M40: 0.7
F41: کم‌نیاز | G41: 0.2 | J41: 0.8 | M41: 0.8
G42: 0.3 | J42: 0.9 | M42: 0.9
G43: 0.4 | I43: مبنا | J43: 1 | L43: مبنا | M43: 1
F44: متوسط‌نیاز | G44: 0.5 | I44: پُرپشت/ متراکم | J44: 1.1 | M44: 1.1
G45: 0.6 | J45: 1.2 | L45: افزاینده | M45: 1.2
G46: 0.7 | J46: 1.3 | M46: 1.3
F47: پُرنیاز | G47: 0.8
G48: 0.9
D49: مقادیر منتخب | N49: کمربندی | P49: =+E3*F3*H3 -> 0.5 | Q49: =+#REF!*I49*L49 -> #REF! | R49: =+#REF!*J49*M49 -> #REF!
E55: تبخیرتعرق مرجع درروز و در ماه | G55: ضریب گیاهی منظرسبز | H55: تبخیرتعرق منظرسبز | I55: سطح سایه‌انداز | J55: درصد سایه‌انداز | K55: سطح إسمی درخت | L55: ضریب سایه‌انداز | M55: نیاز آبیاری روزانه | N55: نیاز هر درخت | O55: نیاز آبیاری سالانه | P55: آبدهی واحد (هیدرومدول)
E56: ETo | F56: ETo | H56: ETL | I56: A_tree | J56: Shading | K56: A_formal | M56: IRg | N56: IR_tree | O56: IRg | P56: Q_HM | Q56: Q_HM | T56: IRg | V56: IR_tree | X56: IR | Y56: IR
E57: mm/M | F57: mm/d | G57: K_L | H57: mm/d | I57: m2 | J57: % | K57: m2 | L57: Ksh | M57: mm/d | N57: lit/d | O57: m3/ha | P57: lit/s/ha | Q57: lit/s/ha | T57: m3/ha | V57: lit/d | W57: tree/ha | X57: m3/d/ha | Y57: m3/ha
H58: lit/m2/d | K58: (S1*S2) | M58: lit/m2/d | O58: Annually | P58: Max | Q58: Avg | T58: Annually
B59: شعاع درخت | D59: =+(I60/PI()*4)^0.5 -> 2.5231325 | E59: 220 | F59: =+E59/31 -> 7.0967742 | G59: =G94 -> 0.5 | H59: =+F59*G59*J$3*K$3 -> 2.3064516 | I59: =N3 -> 5 | J59: 0.25 | K59: =+I59/J59 -> 20 | L59: =(J59)^0.5 -> 0.5 | M59: =H59*L59/L$3/(1-M$3) -> 1.5174024 | N59: =+M59*K59 -> 30.348048 | O59: =ROUND(T59,-1) -> 2140 | P59: =M59/8.64*24/P$3 -> 0.17562528 | Q59: =T59/((6*31+3*30)*24*3600)*1000 -> 0.08966376 | T59: =M59*10*31/O$3 -> 2138.1579 | U59: =L59/J59 -> 2 | V59: =+H59/1000*I59*1000/L$3/(1-M$3)*(L59/J59) -> 30.348048 | W59: =10000/K59 -> 500 | X59: =W59*V59/1000 -> 15.174024 | Y59: =X59*31/$O$3 -> 2138.1579
E60: 220 | F60: =+E60/31 -> 7.0967742 | G60: =G63 -> 0.5 | H60: =+F60*G60*J$3*K$3 -> 2.3064516 | I60: =I63 -> 5 | J60: 0.3 | K60: =+I60/J60 -> 16.666667 | L60: =(J60)^0.5 -> 0.54772256 | M60: =H60*L60/L$3/(1-M$3) -> 1.662231 | N60: =+M60*K60 -> 27.70385 | O60: =ROUND(T60,-1) -> 2340 | P60: =M60/8.64*24/P$3 -> 0.19238785 | Q60: =T60/((6*31+3*30)*24*3600)*1000 -> 0.098221728 | T60: =M60*10*31/O$3 -> 2342.2346 | U60: =L60/J60 -> 1.8257419 | V60: =+H60/1000*I60*1000/L$3/(1-M$3)*(L60/J60) -> 27.70385 | W60: =10000/K60 -> 600 | X60: =W60*V60/1000 -> 16.62231 | Y60: =X60*31/$O$3 -> 2342.2346
E61: 220 | F61: =+E61/31 -> 7.0967742 | G61: =G64 -> 0.5 | H61: =+F61*G61*J$3*K$3 -> 2.3064516 | I61: =I64 -> 5 | J61: 0.5 | K61: =+I61/J61 -> 10 | L61: =(J61)^0.5 -> 0.70710678 | M61: =H61*L61/L$3/(1-M$3) -> 2.145931 | N61: =+M61*K61 -> 21.45931 | O61: =ROUND(T61,-1) -> 3020 | P61: =M61/8.64*24/P$3 -> 0.24837165 | Q61: =T61/((6*31+3*30)*24*3600)*1000 -> 0.12680371 | T61: =M61*10*31/O$3 -> 3023.8119 | U61: =L61/J61 -> 1.4142136 | V61: =+H61/1000*I61*1000/L$3/(1-M$3)*(L61/J61) -> 21.45931 | W61: =10000/K61 -> 1000 | X61: =W61*V61/1000 -> 21.45931 | Y61: =X61*31/$O$3 -> 3023.8119
E62: 220 | F62: =+E62/31 -> 7.0967742 | G62: =G65 -> 0.5 | H62: =+F62*G62*J$3*K$3 -> 2.3064516 | I62: =I65 -> 5 | J62: 1 | K62: =+I62/J62 -> 5 | L62: =(J62)^0.5 -> 1 | M62: =H62*L62/L$3/(1-M$3) -> 3.0348048 | N62: =+M62*K62 -> 15.174024 | O62: =ROUND(T62,-1) -> 4280 | P62: =M62/8.64*24/P$3 -> 0.35125055 | Q62: =T62/((6*31+3*30)*24*3600)*1000 -> 0.17932752 | T62: =M62*10*31/O$3 -> 4276.3158 | U62: =L62/J62 -> 1 | V62: =+H62/1000*I62*1000/L$3/(1-M$3)*(L62/J62) -> 15.174024 | W62: =10000/K62 -> 2000 | X62: =W62*V62/1000 -> 30.348048 | Y62: =X62*31/$O$3 -> 4276.3158
E63: 255 | F63: =+E63/31 -> 8.2258065 | G63: =G59 -> 0.5 | H63: =+F63*G63*J$3*K$3 -> 2.6733871 | I63: =I59 -> 5 | J63: =+J59 -> 0.25 | K63: =+I63/J63 -> 20 | L63: =(J63)^0.5 -> 0.5 | M63: =H63*L63/L$3/(1-M$3) -> 1.7588073 | N63: =+M63*K63 -> 35.176146 | O63: =ROUND(T63,-1) -> 2480 | P63: =M63/8.64*24/P$3 -> 0.20356566 | Q63: =T63/((6*31+3*30)*24*3600)*1000 -> 0.10392845 | T63: =M63*10*31/O$3 -> 2478.3194 | U63: =L63/J63 -> 2 | V63: =+H63/1000*I63*1000/L$3/(1-M$3)*(L63/J63) -> 35.176146 | W63: =10000/K63 -> 500 | X63: =W63*V63/1000 -> 17.588073 | Y63: =X63*31/$O$3 -> 2478.3194
E64: 255 | F64: =+E64/31 -> 8.2258065 | G64: =G60 -> 0.5 | H64: =+F64*G64*J$3*K$3 -> 2.6733871 | I64: =I60 -> 5 | J64: =+J60 -> 0.3 | K64: =+I64/J64 -> 16.666667 | L64: =(J64)^0.5 -> 0.54772256 | M64: =H64*L64/L$3/(1-M$3) -> 1.9266769 | N64: =+M64*K64 -> 32.111281 | O64: =ROUND(T64,-1) -> 2710 | P64: =M64/8.64*24/P$3 -> 0.22299501 | Q64: =T64/((6*31+3*30)*24*3600)*1000 -> 0.11384791 | T64: =M64*10*31/O$3 -> 2714.8629 | U64: =L64/J64 -> 1.8257419 | V64: =+H64/1000*I64*1000/L$3/(1-M$3)*(L64/J64) -> 32.111281 | W64: =10000/K64 -> 600 | X64: =W64*V64/1000 -> 19.266769 | Y64: =X64*31/$O$3 -> 2714.8629
E65: 255 | F65: =+E65/31 -> 8.2258065 | G65: =G61 -> 0.5 | H65: =+F65*G65*J$3*K$3 -> 2.6733871 | I65: =I61 -> 5 | J65: =+J61 -> 0.5 | K65: =+I65/J65 -> 10 | L65: =(J65)^0.5 -> 0.70710678 | M65: =H65*L65/L$3/(1-M$3) -> 2.4873291 | N65: =+M65*K65 -> 24.873291 | O65: =ROUND(T65,-1) -> 3500 | P65: =M65/8.64*24/P$3 -> 0.28788532 | Q65: =T65/((6*31+3*30)*24*3600)*1000 -> 0.14697702 | T65: =M65*10*31/O$3 -> 3504.8729 | U65: =L65/J65 -> 1.4142136 | V65: =+H65/1000*I65*1000/L$3/(1-M$3)*(L65/J65) -> 24.873291 | W65: =10000/K65 -> 1000 | X65: =W65*V65/1000 -> 24.873291 | Y65: =X65*31/$O$3 -> 3504.8729
E66: 255 | F66: =+E66/31 -> 8.2258065 | G66: =G62 -> 0.5 | H66: =+F66*G66*J$3*K$3 -> 2.6733871 | I66: =I62 -> 5 | J66: =+J62 -> 1 | K66: =+I66/J66 -> 5 | L66: =(J66)^0.5 -> 1 | M66: =H66*L66/L$3/(1-M$3) -> 3.5176146 | N66: =+M66*K66 -> 17.588073 | O66: =ROUND(T66,-1) -> 4960 | P66: =M66/8.64*24/P$3 -> 0.40713132 | Q66: =T66/((6*31+3*30)*24*3600)*1000 -> 0.2078569 | T66: =M66*10*31/O$3 -> 4956.6388 | U66: =L66/J66 -> 1 | V66: =+H66/1000*I66*1000/L$3/(1-M$3)*(L66/J66) -> 17.588073 | W66: =10000/K66 -> 2000 | X66: =W66*V66/1000 -> 35.176146 | Y66: =X66*31/$O$3 -> 4956.6388
J68: =+J64 -> 0.3 | K68: =+I68/J68 -> 0 | L68: =(J68)^0.5 -> 0.54772256
J69: =+J65 -> 0.5 | L69: =(J69)^0.5 -> 0.70710678
J70: 0.75 | L70: =(J70)^0.5 -> 0.8660254
J72: 0.25 | L72: =(J72)^0.5 -> 0.5
J73: 0.35 | L73: =(J73)^0.5 -> 0.59160798 | R73: وسعت کمربندی | S73: میلیون مترمکعب‌
J74: 0.65 | L74: =(J74)^0.5 -> 0.80622577 | R74: =36208160/10000 -> 3620.816
R75: 2493.0955 | S75: =T59*R75/10^6 -> 5.3306318
R76: 1.5306384 | S76: =T65*R75/10^6 -> 8.7379828
R78: =R20*16/24 -> 228.4774
D84: گستره سبز | E84: سهم فضای زنده | H84: فضای سبز | I84: سطح درخت | J84: تعداد درخت | K84: مصرف درخت | N84: حداقل قطر داخلی | O84: سرعت
D85: هکتار | H85: هکتار | I85: مترمربع | K85: لیتردر روز | L85: لیتردرثانیه | M85: لیتردرثانیه درهکتار | N85: م.م. | O85: m/s
D86: 400 | E86: 0.8 | F86: 0.3 | H86: =D86*E86 -> 320 | I86: =4*4 -> 16 | J86: =+H86/I86*10000 -> 200000 | K86: 10 | L86: =+K86*J86/24/3600 -> 23.148148 | M86: =+L86/H86 -> 0.072337963 | N86: =(L86/1000/O86/PI()*4)^0.5*1000 -> 242.78854 | O86: 0.5
D87: 400 | E87: 0.8 | F87: 0.3 | H87: =D87*E87 -> 320 | I87: =4*4 -> 16 | J87: =+H87/I87*10000 -> 200000 | K87: 15 | L87: =+K87*J87/24/3600 -> 34.722222 | M87: =+L87/H87 -> 0.10850694 | N87: =(L87/1000/O87/PI()*4)^0.5*1000 -> 242.78854 | O87: 0.75
D88: 400 | E88: 0.8 | F88: 0.3 | H88: =D88*E88 -> 320 | I88: =4*4 -> 16 | J88: =+H88/I88*10000 -> 200000 | K88: 30 | L88: =+K88*J88/24/3600 -> 69.444444 | M88: =+L88/H88 -> 0.21701389 | N88: =(L88/1000/O88/PI()*4)^0.5*1000 -> 242.78854 | O88: 1.5
D89: 400 | E89: 0.8 | F89: 0.3 | H89: =D89*E89 -> 320 | I89: =4*4 -> 16 | J89: =+H89/I89*10000 -> 200000 | K89: 40 | L89: =+K89*J89/24/3600 -> 92.592593 | M89: =+L89/H89 -> 0.28935185 | N89: =(L89/1000/O89/PI()*4)^0.5*1000 -> 242.78854 | O89: 2
B91: مشاور 1382 و 1387 | D91: 182.9 | E91: 220 | F91: =+E91/31 -> 7.0967742 | G91: =+E3*F3*H3 -> 0.5 | H91: =+F91*G91*J$3 -> 3.5483871 | I91: 15 | J91: 0.3 | K91: =+I91/J91 -> 50 | L91: =(J91)^0.5 -> 0.54772256 | M91: =H91*L91*K$3/L$3/(1-M$3) -> 1.662231 | N91: =M91*10*31/O$3 -> 2342.2346 | O91: =N91/((6*31+3*30)*24*3600)*1000 -> 0.098221728 | P91: =M91/8.64*24/P$3 -> 0.19238785 | Q91: =N91*O$3*1000/(31*P$3*3600) -> 0.19238785 | R91: =+M91*K91 -> 83.111551 | T91: =H91*L91*10 -> 19.435317 | V91: =+H91/1000*I91*1000 -> 53.225806 | W91: =10000/K91 -> 200 | X91: =W91*V91/1000 -> 10.645161 | Y91: =X91*31/$O$3 -> 1500
B92: مشاور 1398 | D92: 240.654 | E92: 255 | F92: =+E92/31 -> 8.2258065 | G92: =G91 -> 0.5 | H92: =+F92*G92*J$3 -> 4.1129032 | I92: =I91 -> 15 | J92: =+J91 -> 0.3 | K92: =+I92/J92 -> 50 | L92: =(J92)^0.5 -> 0.54772256 | M92: =H92*L92*K$3/L$3/(1-M$3) -> 1.9266769 | N92: =M92*10*31/O$3 -> 2714.8629 | O92: =N92/((6*31+3*30)*24*3600)*1000 -> 0.11384791 | P92: =M92/8.64*24/P$3 -> 0.22299501 | Q92: =N92*O$3*1000/(31*P$3*3600) -> 0.22299501 | R92: =+M92*K92 -> 96.333843 | V92: =+H92/1000*I92*1000 -> 61.693548 | W92: =10000/K92 -> 200 | X92: =W92*V92/1000 -> 12.33871 | Y92: =X92*31/$O$3 -> 1738.6364
E93: 220 | F93: =+E93/31 -> 7.0967742 | G93: =G92 -> 0.5 | H93: =+F93*G93*J$3 -> 3.5483871 | I93: =I92 -> 15 | J93: 0.5 | K93: =+I93/J93 -> 30 | L93: =(J93)^0.5 -> 0.70710678 | M93: =H93*L93*K$3/L$3/(1-M$3) -> 2.145931 | N93: =M93*10*31/O$3 -> 3023.8119 | O93: =N93/((6*31+3*30)*24*3600)*1000 -> 0.12680371 | P93: =M93/8.64*24/P$3 -> 0.24837165 | Q93: =N93*O$3*1000/(31*P$3*3600) -> 0.24837165 | R93: =+M93*K93 -> 64.377931 | V93: =+H93/1000*I93*1000 -> 53.225806 | W93: =10000/K93 -> 333.33333 | X93: =W93*V93/1000 -> 17.741935 | Y93: =X93*31/$O$3 -> 2500
B94: شعاع درخت | D94: =+(I94/PI()*4)^0.5 -> 4.3701937 | E94: 255 | F94: =+E94/31 -> 8.2258065 | G94: =G93 -> 0.5 | H94: =+F94*G94*J$3 -> 4.1129032 | I94: =I93 -> 15 | J94: =+J93 -> 0.5 | K94: =+I94/J94 -> 30 | L94: =(J94)^0.5 -> 0.70710678 | M94: =H94*L94*K$3/L$3/(1-M$3) -> 2.4873291 | N94: =M94*10*31/O$3 -> 3504.8729 | O94: =N94/((6*31+3*30)*24*3600)*1000 -> 0.14697702 | P94: =M94/8.64*24/P$3 -> 0.28788532 | Q94: =N94*O$3*1000/(31*P$3*3600) -> 0.28788532 | R94: =+M94*K94 -> 74.619874 | V94: =+H94/1000*I94*1000 -> 61.693548 | W94: =10000/K94 -> 333.33333 | X94: =W94*V94/1000 -> 20.564516 | Y94: =X94*31/$O$3 -> 2897.7273
F95: =F92/F91 -> 1.1590909

Sheet Analysis
C2: اطلاعات اعلامی از مسئولین کمربند سبز جنوبی | K2: استخراج اطلاعات از لایه‌های نقشه ماهواره‌ای | Q2: سطح مشروب هر مخزن- گزارش ناظر | T2: سطح مشروب هر مخزن | W2: مخازن
B3: ردیف | C3: پارک جنگلی | D3: کمربند سبز | E3: نام و نشانی | F3: جمع کل | G3: سطح بانک | H3: اختلاف دو سطح | I3: سطح نقشه | J3: fid | K3: wkt_geom | L3: نام اولیه در نقشه | M3: توضیحات | N3: Area_m2 | O3: Code | Q3: =L49 -> نام مخزن | R3: مساحت؛ هکتار | V3: مساحت؛ هکتار
K4: شمال جاده کمربندی
G5: =F5/10000 -> 0 | I5: =N5/10000 -> 24.505059 | J5: 19 | K5: Polygon ((59.4748418020744225 36.29684762670549247, 59.47464937819999165 36.29659561003934698, 59.47435728384880349 36.2965053029916831, 59.47424092004749241 36.2963227207550716, 59.47391481934614887 36.2962318004030422, 59.47310027153795176 36.2963533556744693, 59.47331401359914338 36.29584103695840724, 59.47353546186982243 36.2953629432889926, 59.47390577602711659 36.29489387549808299, 59.47412322225744674 36.29463040934845708, 59.47436103630300863 36.2942775922481573, 59.47509576670112352 36.29362430194716893, 59.47593911574516312 36.29335914468730806, 59.47637940064112172 36.29313099924854669, 59.47670715768320093 36.2930237020398323, 59.47695719820482907 36.29278327736751208, 59.4774349929807471 36.29280995685582667, 59.47779273904929909 36.29271587064860682, 59.47799035323205885 36.29249570968173799, 59.47840219220312719 36.29243165541699767, 59.47889807743683832 36.29217846715935281, 59.47958029484961173 36.29195444532859938, 59.48018209813797341 36.29180393362005219, 59.48075147421293707 36.29156402371358325, 59.48155752723639722 36.29125603951599288, 59.48209303016187732 36.29116653830575245, 59.48245983643975876 36.2910957230902369, 59.48312483721910127 36.29075181548054729, 59.48372205894534659 36.29053734725619762, 59.48520008777680346 36.29006728303122742, 59.48582254704780325 36.28974882212563102, 59.48674442051952127 36.28954034569800058, 59.48743692752056944 36.28925457349715344, 59.48783509867914887 36.28949408442816349, 59.48812460033280303 36.28967578953650985, 59.48821531151517661 36.28996758266404044, 59.48854525711100649 36.29035736192089701, 59.48856741012166083 36.29036535985453327, 59.4886973844399165 36.29062398984409299, 59.48788496204777232 36.29089410086255185, 59.48726697090160798 36.29095088465638241, 59.48619509848177245 36.29123260528363204, 59.485223125961042 36.29151592022463291, 59.48461193741467667 36.29172212916215301, 59.48372545134908762 36.29188979304238671, 59.48311417558201697 36.29211555190987326, 59.48308423722902916 36.29213220750479252, 59.48238907958174337 36.29219768087458675, 59.48167991337181348 36.2925243698850224, 59.48051214502361717 36.29277679949291269, 59.47963413695214285 36.29301625362631256, 59.47983280811787665 36.2931974868825975, 59.48025853043090194 36.2933942138519825, 59.48091784555312245 36.29334990390623261, 59.48086649281376026 36.29355375031992281, 59.48057928981567244 36.29371982708568822, 59.47985622304086206 36.29384519120434049, 59.4794039960698484 36.29396858973890261, 59.47894082981282082 36.2941634937540627, 59.47863379107879211 36.29394104147173294, 59.47815015137838657 36.29405710353987047, 59.47756336451011805 36.29437401626943682, 59.47720163317924857 36.29467352544831016, 59.47671370023478232 36.29473500154777099, 59.4766771801556402 36.29475365934828091, 59.47667272152597917 36.29476301395560967, 59.47654114450241991 36.29503791832951975, 59.47632289565636654 36.29522835177032647, 59.47608669846324148 36.29551767194725898, 59.47571599866947878 36.29582132874124056, 59.47536211965520891 36.29597291023001304, 59.4748418020744225 36.29684762670549247)) | M5: افزایش تراکم خورشید2 - شمالی | N5: 245050.59 | P5: =K50 -> 1 | Q5: =L50 -> مخزن 3 | R5: =M50 -> 221 | T5: 1 | U5: زیر دست مخزن 1 | V5: 221 | W5: 5 | X5: مخزن 2- کوهستان- 500م.م. | AA5: 4 | AB5: مخزن 1- لادن- 500م.م.
G6: =F6/10000 -> 0 | I6: =N6/10000 -> 10.16633 | J6: 18 | K6: Polygon ((59.47200494084314215 36.30202474628288911, 59.47129595638416077 36.30233590646618325, 59.47096499211731668 36.30209871019287959, 59.47076572449074661 36.30168202415782019, 59.47059745759892735 36.30152415949690692, 59.47062366181987869 36.30115148042379758, 59.47020896994786199 36.30164807020214113, 59.46963884282610735 36.3018309816062299, 59.46934173259810308 36.3021716483351824, 59.46911674722637287 36.30243580075701715, 59.46872578065285353 36.30260068806499163, 59.4685221433701372 36.30233290601420038, 59.46836393856324321 36.30193636286332293, 59.46848577678502323 36.30169512929561648, 59.4688389932297099 36.30137713038038783, 59.46919001948729289 36.30118835528306676, 59.46948955660622005 36.30124314149116316, 59.46986360524161341 36.30122547391807331, 59.47006453565673212 36.30127581436909168, 59.47034593765567223 36.30123057806652298, 59.47078507255636737 36.30080898894868113, 59.47077652210511189 36.30039324939672696, 59.47069928610891054 36.29986009248074197, 59.47123282256554688 36.29933444547454968, 59.47162355962986879 36.29874803319974319, 59.47185548144970113 36.29839893614794022, 59.47211305403718029 36.29797011983558974, 59.47176232903643722 36.29770222497059962, 59.47247160584100101 36.29696174678060316, 59.47310757481125165 36.29635239507418731, 59.47391275390547349 36.29619608719910673, 59.47425332606859882 36.29630712619812272, 59.47441944310600803 36.2964871841305623, 59.47468096612446686 36.29660419041937303, 59.47477268535193673 36.29677433664900121, 59.4747716876248802 36.29691582490234225, 59.47477474474420234 36.29712610895457203, 59.47471116860847928 36.29738204307088978, 59.47471320377943016 36.29741453085188141, 59.47454709303306686 36.29752839794247166, 59.47442970987074773 36.29760450209023048, 59.47423854101931795 36.29771561239645195, 59.4740977376548301 36.29785989592379281, 59.47389036444415211 36.29803139924865718, 59.47382093104371847 36.2981718544101426, 59.47386717724631211 36.29835990994450867, 59.47373125326667065 36.29842031051131812, 59.47387692871865283 36.29850321934146251, 59.47386423830592861 36.29856973141504284, 59.47368882324769146 36.29856887930156262, 59.47340226700146104 36.29848873427332023, 59.47319069762190225 36.29867048212759073, 59.47287851699289973 36.29888051931620652, 59.47250913328002042 36.29913237193928666, 59.47223451476678946 36.29929931911934204, 59.47222133560958213 36.29949248013377172, 59.4720321332707087 36.29968476057923965, 59.47177885535447217 36.29983030915310849, 59.47147658861892694 36.30021559336245218, 59.47169366658970802 36.30062696235639663, 59.47170748091028258 36.30063143483579324, 59.47163780401751865 36.30128051153325686, 59.47170228352614885 36.30165323995816351, 59.47190373782338213 36.30180661750424065, 59.47209106505749787 36.30193972012337156, 59.47200494084314215 36.30202474628288911)) | M6: افزایش تراکم خورشید - شمالی | N6: 101663.3 | W6: 6 | X6: مخزن 3- . . . - 1000م.م.
G7: =F7/10000 -> 0 | I7: =N7/10000 -> 22.544036 | J7: 17 | K7: Polygon ((59.50326114211385686 36.28528803939143188, 59.5027319236329717 36.285998634337993, 59.50174452046898921 36.28737188943237868, 59.50112865485964164 36.28817187917292841, 59.50047785881407236 36.28769459814583342, 59.4998296333109522 36.28743123596194664, 59.49962113262188268 36.2870594492536469, 59.49927583343090021 36.28673011723107322, 59.49888091916660926 36.28643020985891354, 59.49845778445703814 36.28629092534905709, 59.49821091712875898 36.28594026340311984, 59.49756557153771297 36.28612529382704821, 59.4970429372166123 36.2855971946951712, 59.4964449981385215 36.28506767109627162, 59.49560403772269268 36.28440136312867992, 59.49716778760016211 36.28341272101341275, 59.49856799651421824 36.28255697188450313, 59.49888244932292736 36.28244826230695708, 59.49915313958963026 36.28206933648404231, 59.4993201782624439 36.28239143754245788, 59.49948552811940061 36.28254133955176286, 59.49958465133040875 36.28284319881297648, 59.49977188406231932 36.28299412800578949, 59.50000317155468821 36.28327157061352182, 59.50119265008680713 36.28322496032434685, 59.50199981434784746 36.28376426075279682, 59.50197726620628202 36.28412296948901172, 59.50326114211385686 36.28528803939143188)) | M7: بین سرافرازان و دلاوران - شمالی | N7: 225440.36 | P7: =K51 -> 2 | Q7: =L51 -> مخزن شاهین | R7: =M51 -> 177 | T7: 2 | U7: زیر دست مخزن 2 | V7: 444.37 | W7: 7 | X7: مخزن 4- . . . - 1000م.م.
B8: =B57 -> 8 | C8: =D57 -> کوهستان وچهل بوستان | D8: =C57 -> 0 | E8: =E57 -> توسعه 98 با ابلاغ افزایش25% (حاشیه بلوار نماز) | F8: =F57 -> 340000 | G8: =F8/10000 -> 34 | H8: =I8-G8 -> -0.82617283 | I8: =N8/10000 -> 33.173827 | J8: 23 | K8: Polygon ((59.52719089737190217 36.28946035465901332, 59.52648530550457906 36.28978719661689212, 59.52598892408391151 36.28994880599722705, 59.52430943420492326 36.290087458094753, 59.52322611371732819 36.29003167677125674, 59.52220118381102054 36.29013268449561735, 59.52150091927298803 36.28970545484393284, 59.52035956060208832 36.28880228957039122, 59.51955802956708652 36.28780156406040192, 59.51929472960730294 36.28706247595187051, 59.51901923941505146 36.28613461228417947, 59.51826917074067325 36.28472634404627684, 59.51871625799053334 36.28346033611688171, 59.51815314856523287 36.28298377996819113, 59.51743960235440056 36.28281038956129123, 59.51696126901134676 36.28256058618647728, 59.5164245877185607 36.2823578178970223, 59.51624083063271087 36.28199860362394702, 59.51723996575628917 36.28148660664994196, 59.51821137294125919 36.28146583339805176, 59.51885502791669325 36.28217659534465156, 59.51887415090082811 36.28220683641430355, 59.5191205657224387 36.28273582282049148, 59.51955947357335219 36.28286935966144, 59.51975673455449112 36.28335354485398057, 59.52032791032063841 36.28356324291789292, 59.52101481354330303 36.28394565255877779, 59.52141313688977675 36.28491085784712311, 59.52166156240630102 36.28544333901260188, 59.52268077328049856 36.28623048529860284, 59.5234655450650223 36.28664051553567305, 59.52500551363183234 36.28678440467798794, 59.52719089737190217 36.28946035465901332)) | L8: توسعه 98 با افزایش25% (حاشیه کمربند جنوبی) | M8: کشت جدید-حاشیه نماز - شمالی | N8: 331738.27 | O8: 8 | Q8: Polygon ((59.51993012327333332 36.27160452790071332, 59.51804500828796307 36.26973873289929173, 59.51704652569082299 36.26906266044463223, 59.5169912381533095 36.26902036003326657, 59.51546703433930929 36.26857121204110967, 59.51533291991960084 36.26847449346818308, 59.51424669391138167 36.26679994290788756, 59.51435595273777324 36.26553646797445651, 59.5129639472611629 36.26523294826389332, 59.51290967990301084 36.26524159184280194, 59.51149541821383337 36.26430934889288693, 59.5114663007802065 36.26428067845291281, 59.50783214285190326 36.26396316222503913, 59.50607506283370185 36.26335268876402296, 59.50600174866782055 36.26334800741275188, 59.50347685363617245 36.26254831110112065, 59.50331673854717707 36.26243469480777293, 59.50306424813049233 36.26087307642477242, 59.50305851376757715 36.26079890780732029, 59.503830323720031 36.25809597536172646, 59.50377525046238247 36.25663573331866729, 59.50345043187258653 36.25501575868953807, 59.50320159619172955 36.25441923748795148, 59.50352352908110731 36.25301611388336909, 59.5024542365164919 36.25119242436002054, 59.5035593399720284 36.25049654417769318, 59.50410407645446753 36.2497519937003716, 59.50443925177616933 36.24947407204747662, 59.50598212532317177 36.24967739615347284, 59.50662287771429249 36.24971081006305695, 59.50722857056179294 36.24946572611654716, 59.5081597156367792 36.24959367877138305, 59.50814554200105277 36.24839732070945075, 59.50936895009652261 36.24800737230741277, 59.5098447631868126 36.24833364387944101, 59.5099785502884373 36.24814630501712287, 59.51094854852040328 36.24785510500991847, 59.51131234790855729 36.24841516368798722, 59.51170860744438329 36.24863084647682854, 59.51197137591903896 36.24905071502045217, 59.51211213989004278 36.24869707131779251, 59.51210606378420209 36.24868675004549345, 59.5120938237225019 36.24866595814278725, 59.51189087949840228 36.24853370673930186, 59.51186184258283873 36.24849911671736891, 59.51197115185868824 36.24821469669085161, 59.51291205944745144 36.24788909200933773, 59.51340776450380332 36.24766829449522731, 59.51287115594414701 36.24641912168299029, 59.51226658315209761 36.24553968495361289, 59.51181060736850981 36.24545299083916206, 59.51107001820422227 36.24587935775890912, 59.51104148748721201 36.24546432126248874, 59.5110480245891722 36.24545820189612755, 59.51106772178297888 36.24543418937435746, 59.51190655786996331 36.24506377369193899, 59.51273532618184703 36.24472791818531192, 59.51282239472997304 36.24450184230043703, 59.51347907273279958 36.24452794903049835, 59.51385364088255159 36.24471225446450262, 59.51385733763847696 36.24470917366431166, 59.51462533563316271 36.24442975230073216, 59.51567080717548208 36.24445980168479764, 59.51729396546475215 36.24424250694968208, 59.51889341335478179 36.24389961782031122, 59.52060204379257868 36.24358181091368891, 59.52133872228620248 36.24250107120972331, 59.52133400841046296 36.24249349078486659, 59.52181294408210732 36.24098421215192189, 59.52445758909785667 36.23955249331139328, 59.52604066323409882 36.23914087849510679, 59.52753964399811082 36.23879752879042826, 59.52798561505056085 36.23925629841333773, 59.52798995302661922 36.23927628041376892, 59.52845619054546944 36.23953220567801736, 59.52846703558906682 36.23951449920785706, 59.52849242060501211 36.23948242488209104, 59.52850921555373276 36.23945336401971673, 59.52864846400846233 36.23829266171988905, 59.52881943226137906 36.23717135017580659, 59.53100069309194708 36.23674228242594353, 59.5297062217279418 36.24034054696574714, 59.52916939372744309 36.24038628106440285, 59.52845109444996297 36.24038861954041124, 59.52804822532468876 36.24060564210478219, 59.52743600098021659 36.24039643360355711, 59.52703888469702775 36.24051886483137963, 59.52705352991686283 36.24051825718100872, 59.52629418788802695 36.24091112897836808, 59.52556000334254804 36.24083700016049647, 59.52507416903044657 36.24115459123469662, 59.52466393565708103 36.24095062955299795, 59.52414867930131948 36.24116317532912745, 59.52368739324241176 36.24177349930864267, 59.52345762321228051 36.24208387395528064, 59.52238598490546906 36.24246191934594918, 59.5216788927462872 36.24331781850843726, 59.52172229056151309 36.24330973313465876, 59.52318953827097658 36.24285521086613926, 59.5232229381973994 36.24284867852618675, 59.52386186356098108 36.24299821915705877, 59.52350175780568264 36.24316661683970864, 59.52299601343393931 36.24373380514939669, 59.52300166539353654 36.24374337306837646, 59.52301296270690756 36.24376249721657217, 59.52313747224376783 36.24455712168875721, 59.52278472913406659 36.24567077554333849, 59.52231403455409264 36.24622177491894348, 59.52185471197161348 36.2466778888472092, 59.52138460081164339 36.24696123498554812, 59.5206899387627999 36.24690539346377705, 59.52014869743059222 36.24665443723692704, 59.51949026253532082 36.24638664914363062, 59.51901391211399073 36.24642321609408668, 59.51815671747345249 36.24541966356959222, 59.51772889979736192 36.24562776217644, 59.51733100678436017 36.24555718268300808, 59.51732932983740199 36.2455621814077773, 59.51716509545089195 36.24561548574963155, 59.51717046282656298 36.24561411577690251, 59.51692068375260902 36.24508686707122251, 59.51690205709937231 36.2448411227544085, 59.5160140952891723 36.24508598804123238, 59.51565712488370252 36.24564418803807797, 59.51537074563562157 36.24715638353421809, 59.5153887059903397 36.24720119284562969, 59.51545272613007143 36.24789467129689768, 59.515490117942079 36.24787592350595844, 59.51652643163237855 36.24703981224965332, 59.51796018472993666 36.24695038175200068, 59.51798374389967705 36.24695677023156293, 59.51878580435489141 36.24780774878647804, 59.51795551550679875 36.24823749620396995, 59.51728397101538093 36.24822399108067117, 59.51661082696013239 36.24859343496527941, 59.51623629560901207 36.24886090831356711, 59.51605872651971652 36.24916943767990318, 59.51607146636018086 36.24918295517125699, 59.5165719744198185 36.24951522888598276, 59.51692490756639131 36.24931525662678666, 59.51790151015819674 36.24982426041383832, 59.51832482791178336 36.24979604784969922, 59.5186905732776097 36.25000700859285985, 59.51994028335388975 36.24950756379767824, 59.52049006538329223 36.24955858697835254, 59.52026182680260291 36.25029508263980205, 59.51907260219635276 36.25088653830645313, 59.51781563335234182 36.251747852321202, 59.51740302395342752 36.25232444079035332, 59.51840574106527271 36.25279043747288199, 59.51816808094700662 36.25332917661560117, 59.51816032805633938 36.25333760259631788, 59.51780920638122296 36.25401224498409647, 59.51782760062297228 36.25402036866662314, 59.51895054728446866 36.25431681404827344, 59.51858910906322109 36.25502693111555175, 59.52155351573136244 36.25540784867528288, 59.51981152155477162 36.25658683563703732, 59.51986356840892256 36.2566134146126231, 59.52095349502525323 36.25770290662133277, 59.52254487607005728 36.25910950905100094, 59.522568405033077 36.25916697720391824, 59.5225838266557119 36.25920082220469709, 59.52376166703118798 36.26089527950787783, 59.52376455669364219 36.26094597068446035, 59.52477695932085311 36.26212853768628008, 59.52489448383241211 36.26479702141342898, 59.52651847051512135 36.26771808261774055, 59.52723320514613903 36.26876285261221255, 59.51993012327333332 36.27160452790071332)) | S8: زیر دست مخزن زکریا | Y8: 1 | Z8: 0 | AA8: -1 | AD8: 316.01
B9: =B52 -> 3 | C9: =D52 -> کوهستان وچهل بوستان | D9: =C52 -> 0 | E9: =E52 -> توسعه 98 (استعلام انتهای لادن) | F9: =F52 -> 100000 | G9: =F9/10000 -> 10 | H9: =I9-G9 -> 0.97159443 | I9: =N9/10000 -> 10.971594 | J9: 16 | K9: Polygon ((59.46868149596051012 36.31024506747041869, 59.46898253047798732 36.310800435530588, 59.46951716237928309 36.31128731375351748, 59.46944861315594721 36.31142854308936307, 59.46945658353222797 36.31220563863440987, 59.46945524349858658 36.31221053957884237, 59.46933374812965667 36.31215486531038295, 59.46925064113833059 36.3116015322277832, 59.46916243392445267 36.31158938293106786, 59.4687594482340387 36.31176178265646826, 59.46875956369122207 36.31201808047723034, 59.4689256623343212 36.3123166973499707, 59.4690684041000921 36.31242713298355085, 59.46929369927939746 36.31252377819996724, 59.46930512170156646 36.31253267106549742, 59.46882712870198873 36.31248511145651747, 59.46876939182939736 36.31241329682571717, 59.46844329325980283 36.31247158683633813, 59.4682775861470887 36.31217506232888326, 59.46731966398741065 36.31257133700717077, 59.46744912766070712 36.31275238911027259, 59.46742687156355345 36.31299218944086249, 59.46692184262734315 36.31328388406711127, 59.46699059258892106 36.31362601839502702, 59.46694292915206148 36.31413275190455181, 59.46659642401459678 36.31435900818647866, 59.46604120580270347 36.31436314487476125, 59.46561544506098329 36.31415184760871284, 59.46482005343533217 36.31464412360246286, 59.46492883195602275 36.31398045015434661, 59.4650567939288166 36.31324704550455351, 59.46517349118119711 36.31284921146489353, 59.46527557935831965 36.31269621446399753, 59.4659156568592735 36.31194373344325754, 59.46567014325378864 36.31176751652122903, 59.4659596181768606 36.31152236518501297, 59.4665839071103477 36.31065090352151259, 59.46726415946989164 36.3098640158655499, 59.4679351681542272 36.30972491684565284, 59.46794758206988973 36.30972701755141685, 59.46861686550973047 36.30977305915806141, 59.46863876555593009 36.30976742334855345, 59.46867147877438242 36.30975895805770648, 59.46887793935997024 36.30992584035101345, 59.46868149596051012 36.31024506747041869)) | L9: توسعه 98 (استعلام انتهای لادن) | M9: انتهای لادن- شمال جاده کمربندی | N9: 109715.94 | O9: 3 | P9: =K52 -> 3 | Q9: =L52 -> مخزن قله زو | R9: =M52 -> 267
H10: =I14-G14 -> -20.630539 | I10: =(N10+N11+N12)/10000+0 -> 20.563376 | J10: 25 | K10: Polygon ((59.50014629844194758 36.28146852903452668, 59.49989266448991287 36.28158469902187022, 59.4994660982978516 36.28177986421137291, 59.49922975756982169 36.28192856117105691, 59.50004970384740943 36.2832237721128692, 59.50100357655581718 36.28314941131098692, 59.50118641177429168 36.28257897513559271, 59.50098592268376052 36.28197822177418175, 59.500515220554 36.28148711624412215, 59.50014629844194758 36.28146852903452668)) | L10: نگهداری قدیم -زون 1 الی11 | M10: بخش شمالی کمربند- زون 7 | N10: 23078.126 | P10: =K53 -> 4 | Q10: =L53 -> مخزن 5 | R10: =M53 -> 692 | T10: 3 | U10: زیر دست مخزن 3 | V10: 692.02 | W10: 8 | X10: مخزن 5- . . . - 1000م.م.
H11: - | J11: 26 | K11: Polygon ((59.50600865283462326 36.27839575279637074, 59.50591647085072111 36.27843410772513977, 59.50544378939466128 36.2786525156487798, 59.50518439103461787 36.27884304121074877, 59.50440043154652159 36.27927985415856682, 59.50358188561041572 36.27964696102214504, 59.50305732448234153 36.27988395314360304, 59.50274028204229637 36.27991648141784253, 59.50227912940224684 36.28014882583960343, 59.50131647326610107 36.28062280631545633, 59.50094755115404865 36.28083191443391797, 59.50067662397802337 36.28107354978421739, 59.50051588830363158 36.28115625578623593, 59.50098592268376052 36.28197822177418175, 59.50118641177429168 36.28257897513559271, 59.50105501384993545 36.28298892968400224, 59.50207904208043175 36.28349506657598056, 59.50713191311722028 36.28103577658689716, 59.5049721516006116 36.28046234485218946, 59.50600865283462326 36.27839575279637074)) | L11: نگهداری قدیم -زون 1 الی11 | M11: بخش شمالی کمربند- زون 8 | N11: 147365.37 | P11: =K54 -> 5 | Q11: =L54 -> مخزن زکریا | R11: =M54 -> 383 | T11: 4 | U11: زیر دست مخزن زکریا | V11: 382.73 | W11: 9 | X11: مخزن 0- ذکریا
H12: - | J12: 27 | K12: Polygon ((59.51081514588202737 36.27666816312117248, 59.51075857357137977 36.27667288107273436, 59.51023977685131428 36.27680764652129852, 59.50962298519522875 36.27693776466468023, 59.50861421379509153 36.27690058807441886, 59.50792824924299396 36.27710970616433883, 59.50783025430698103 36.27726770612743934, 59.50755971149328616 36.27771797875296045, 59.50927422037913317 36.27885032298821244, 59.51081514588202737 36.27666816312117248)) | L12: نگهداری قدیم -زون 1 الی11 | M12: بخش شمالی کمربند- زون 8 | N12: 35190.258 | P12: =K55 -> 6 | Q12: =L55 -> مخزن 2 آبشر | R12: =M55 -> 631 | T12: 7 | U12: زیر دستمخزن 2 آبشر | V12: 630.94 | W12: 3 | X12: مخزن 2- آبشر
K13: کوهستان وچهل بوستان | P13: =K56 -> 7 | Q13: =L56 -> مخزن بتنی جدید | R13: =M56 -> 855 | T13: 6 | U13: زیر دست مخزن جدید | V13: 855.29 | W13: 11 | X13: مخزن 0- ژئوممبران
B14: =B50 -> 1 | C14: =D50 -> کوهستان وچهل بوستان | D14: =C50 -> قدیم | E14: =E50 -> نگهداری قدیم -زون 1 الی11 | F14: =F50 -> 20800580 | G14: =F14/10000 -> 2080.058 | H14: - | I14: =SUM(N14:N27)/10000 -> 2059.4275 | J14: 4 | K14: Polygon ((59.44314909399989233 36.30212582897704721, 59.44276034241961071 36.30220532425931879, 59.44216671796318963 36.30232671356125707, 59.44181498472981673 36.30389596103972849, 59.44044062271620987 36.30429240852574679, 59.44037298021075344 36.30016570962062161, 59.4402405088310033 36.30002116972259074, 59.44020319548727116 36.29994726704332919, 59.43979678589099791 36.30014420744375769, 59.4395723391526829 36.29991740398975253, 59.43952011256840962 36.29955493335646111, 59.43935747903633882 36.29929346642271071, 59.43932912277995939 36.29900958706264902, 59.4389350162465675 36.29841365414932142, 59.43945260486714233 36.29744642603969851, 59.43995282463159668 36.29683806274500313, 59.4407046346233372 36.29625885293545196, 59.44135243231301757 36.29610922069750245, 59.44155504906464671 36.29566864711495811, 59.44186884713852947 36.29540326242666026, 59.4416323032020415 36.29493365584500708, 59.44169884222471012 36.29452315550781805, 59.4419531408616777 36.2938218145943523, 59.4419634782936086 36.29336032199078943, 59.44266038978138766 36.29308052633113846, 59.44290077030645136 36.29278014594793689, 59.44261688886270179 36.2923515407062709, 59.44295981250549943 36.29200898960542077, 59.44325439757675866 36.29151767077190271, 59.44356973265521304 36.29158051122019657, 59.44428796816846727 36.29198804428376945, 59.44460687604556171 36.29145307283855004, 59.44525612480907029 36.29103641179821693, 59.4464954847058209 36.29007219553631103, 59.44700954779636248 36.28879717281409256, 59.44712255811270296 36.28807796281864739, 59.44926051237818143 36.28688188240899848, 59.45099276095118768 36.28569831894939313, 59.45177841338870195 36.28481544924896696, 59.45416086428524238 36.28586622010499241, 59.45481389114125648 36.28449036050821519, 59.45481389114125648 36.28449036050821519, 59.45568551047109196 36.28486179582233717, 59.45636583401734043 36.28525927630492731, 59.45686318496054668 36.28563395025158655, 59.45700211716147265 36.28668778482862933, 59.45774686218432237 36.28654263856685702, 59.45844187521613122 36.28561178292321188, 59.46120928733331823 36.28510001970398235, 59.46317724746879207 36.28522406913504739, 59.46541410655604665 36.2848224563198869, 59.4659382941307868 36.28695075527948433, 59.46579130712049022 36.28693508604951035, 59.46554713359560651 36.28703612986296889, 59.46486714519704009 36.28755878297349824, 59.46408365825752185 36.28780807161624011, 59.46356497496317672 36.28798166789083979, 59.46330471378723104 36.28808420960984904, 59.4629745224763866 36.28828741997511287, 59.46298860673835662 36.28834256230471311, 59.46272925253884267 36.28841264006196354, 59.46217753112536286 36.28887742432576147, 59.4613370454334671 36.28960050108847923, 59.46128778249792646 36.28975273467643348, 59.46127504038560829 36.29067952171097033, 59.46088644739054985 36.2908277978963909, 59.46091255833143663 36.29179992152717205, 59.4592841234290006 36.2928838337631916, 59.45815167891421993 36.29344770336202686, 59.45798752660896014 36.29394508472010727, 59.45762423798670682 36.29463043960036117, 59.45652976183600202 36.29496874430508058, 59.455498939456362 36.29556716526079185, 59.4551746054655581 36.29559315872781156, 59.45464566774659687 36.29515862902457712, 59.45435023777324801 36.29516722056329314, 59.45401479640558051 36.29475117673415241, 59.45405578703297778 36.29446800644522142, 59.45363394472249752 36.29430722753497207, 59.45288588535179031 36.29426945613852951, 59.45237199319286248 36.29452847275840099, 59.45169799232905206 36.29436753396630166, 59.45138537053362882 36.29467251102715153, 59.45106226789849302 36.29477464316706659, 59.45062102532242676 36.2947065706863512, 59.45012365826661949 36.2954539250907473, 59.45024126981972046 36.29607061685865688, 59.44958072479212774 36.29687735394988835, 59.44929697018739745 36.2967822224268204, 59.44897906554385258 36.29707156492065678, 59.44826466535152321 36.29707608953623321, 59.44676142001519281 36.29762927992253907, 59.44664956758442287 36.29787408218040667, 59.44583757674539015 36.29853941121926653, 59.44532901117324286 36.29969710536896343, 59.44473780543785324 36.30004738869917702, 59.44343904260931311 36.30135522723433184, 59.44314909399989233 36.30212582897704721)) | L14: نگهداری قدیم -زون 1 الی11 | M14: 10 | N14: 2012340 | O14: 1 | W14: 10 | X14: مخزن 0- بتنی
H15: - | J15: 11 | K15: Polygon ((59.50011088706383333 36.2807173935736742, 59.50036048222671781 36.28057924205360507, 59.50125108326285073 36.28013081917164584, 59.50196298765094127 36.27977765529577425, 59.50232326315099129 36.27977765529577425, 59.50283629546305519 36.27976371458367311, 59.50304381415109134 36.27972886279254539, 59.50324845063511248 36.27964754188607088, 59.50354243544315125 36.27950348750091791, 59.50383065584318132 36.27937105017034725, 59.50430045509524746 36.279147997316187, 59.5047616077353112 36.27891332643784494, 59.5050210060953475 36.27873209497968077, 59.50522276037537495 36.27860895028724997, 59.50539569261540862 36.27849742285099666, 59.50558880028341946 36.2784044831990613, 59.50581072999145249 36.27830921994099356, 59.50610935476166219 36.2781949717499117, 59.50633277580254088 36.2777495114522992, 59.50645321079220196 36.2777124012623915, 59.5068977242671906 36.27728077050897326, 59.50744158415856333 36.27763996177235128, 59.50757752104368592 36.27759125652450223, 59.50772019014171832 36.27726015466588194, 59.50777206981372558 36.27707427230518533, 59.50834274620580544 36.27684656581013201, 59.50858485134182985 36.2767675654423627, 59.50907482602190868 36.27679544793423361, 59.50981843465399379 36.27679080085294316, 59.51052745683809064 36.27660956446700169, 59.51090502556214545 36.27649338707520599, 59.51093952510075269 36.27649202524891336, 59.50872630700744281 36.27330905340180323, 59.49780741505993831 36.27012423273951924, 59.50073671450529389 36.2656832454816751, 59.50289103797482682 36.26102459983552251, 59.49986509806669233 36.25886964508332255, 59.50053721452798783 36.25865401236041663, 59.50123083670583668 36.25800348675655727, 59.50257673680651749 36.25788759758535917, 59.50403504938491039 36.25702988157453177, 59.50432334992388661 36.25745148298025811, 59.50486454779701972 36.25724600500956996, 59.50556310655885994 36.25762179738367763, 59.50597668216276759 36.25810672609397756, 59.50788501563977206 36.25872259471341152, 59.50799828980372297 36.25764046382828099, 59.50706809370794304 36.25720764507183702, 59.50685332771873703 36.2570365891636186, 59.5066330080338588 36.25677561856922893, 59.50644196715076362 36.25662438907434648, 59.50627880305952999 36.25649522683963255, 59.50595546944952474 36.25642856629814759, 59.50547846284405296 36.25633022343738077, 59.50500576365107008 36.25635333979163732, 59.50419408427895007 36.25643150171441675, 59.50148803323259727 36.25767702083005162, 59.50066728636713265 36.25696673573504114, 59.49685398591574881 36.25952245869770252, 59.49540793090095292 36.25833124204064006, 59.4931829498865099 36.25941201809391856, 59.49211034768178763 36.26081425052643681, 59.49164085693986692 36.26217236363896745, 59.49383062637266306 36.26335613042456885, 59.49344424384329244 36.26446941519982659, 59.49046207083755178 36.26627022559807045, 59.48925532867703936 36.26648339960704703, 59.48977292823344243 36.26697098483236203, 59.49100462431916725 36.2697386090772369, 59.49135113804179298 36.27022197201066689, 59.49168801669558349 36.27060301025760936, 59.49695533789203949 36.27527187557384281, 59.49805365235980759 36.27650429249072062, 59.49799148639480251 36.27775402321179143, 59.49906166496646165 36.2780462065910001, 59.49922296755202211 36.27852254244466224, 59.4988403718305392 36.27903273464166034, 59.49896075376968696 36.27981717936135198, 59.50011088706383333 36.2807173935736742)) | L15: نگهداری قدیم -زون 1 الی11 | M15: 8 | N15: 2109227.7 | O15: 1 | P15: =K57 -> 8 | Q15: =L57 -> مخزن 1 آیشر | R15: =M57 -> 316 | T15: 5 | U15: زیر دست مخزن یک آبشر | V15: 316.01 | W15: 2 | X15: مخزن 1- آبشر | AA15: 1 | AB15: مخزن 0- شهدای ارتش- 500م.م.
H16: - | J16: 10 | K16: Polygon ((59.49887705119732573 36.28140430579759368, 59.49905772601853471 36.28129253117430153, 59.49954193629061194 36.28103230918843991, 59.50011088706383333 36.2807173935736742, 59.49896075376968696 36.27981717936135198, 59.4988403718305392 36.27903273464166034, 59.49922296755202211 36.27852254244466224, 59.49906166496646165 36.2780462065910001, 59.49799148639480251 36.27775402321179143, 59.49805365235980759 36.27650429249072062, 59.49695533789203949 36.27527187557384281, 59.49168801669558349 36.27060301025760936, 59.49005909310530882 36.27146226026128062, 59.48935132426291972 36.27149449215649213, 59.48877909240790984 36.27160551922330711, 59.48823824713731057 36.27207365557261909, 59.48806669752691079 36.27269355541515239, 59.48594579148750228 36.27359398458479234, 59.48461585349784286 36.27429127511460649, 59.48408542155573997 36.27471710156208218, 59.48348861201858284 36.27537593856192188, 59.48717802983882308 36.27535491510646182, 59.48701555033382249 36.27641963528400026, 59.48698098742860907 36.27664612242306674, 59.48670131490734292 36.27726289968700257, 59.48647231950820213 36.27752710194680219, 59.48575814427321262 36.27812355960080737, 59.48553335320259094 36.27865140813752021, 59.48530411863364975 36.27913617931233148, 59.484522578366132 36.27962633904822098, 59.48319792918336191 36.28008540159085982, 59.48235769682470675 36.28012390980139656, 59.48192425912191794 36.28031378214537739, 59.4836033109318123 36.28267415293247211, 59.4844336372651199 36.28516461115645342, 59.48447243274654994 36.28682358166248179, 59.48460306326263236 36.28745835394982322, 59.48508753887975331 36.28781969122677964, 59.48564518430885073 36.28788996470626671, 59.4862548331176626 36.28821896503040989, 59.49171128535083142 36.28576371080786345, 59.49877538495434237 36.28124656232215983, 59.49887705119732573 36.28140430579759368)) | L16: نگهداری قدیم -زون 1 الی11 | M16: 7 | N16: 1745512 | O16: 1 | R16: =M58 -> 3542
H17: - | J17: 9 | K17: Polygon ((59.48028678147561266 36.29089096266121572, 59.48589346546312129 36.28875001143463663, 59.4860718712037766 36.28858889756345718, 59.4862548331176626 36.28821896503040989, 59.48564518430885073 36.28788996470626671, 59.48508753887975331 36.28781969122677964, 59.48460306326263236 36.28745835394982322, 59.48447243274654994 36.28682358166248179, 59.4844336372651199 36.28516461115645342, 59.4836033109318123 36.28267415293247211, 59.48192425912191794 36.28031378214537739, 59.48110225905423221 36.28049475330713847, 59.48067392185777891 36.28102300499580224, 59.4795047578483107 36.28154010602602852, 59.47908204469256788 36.2818287237693724, 59.47869722935789127 36.28194910257221295, 59.47819720203212768 36.28231534531183655, 59.47773479166075106 36.28290589449427728, 59.47750105991850234 36.28331529395133259, 59.47750362179934314 36.28386851793788281, 59.47760754868492228 36.28443777261281156, 59.47738589508868046 36.28481239435404859, 59.47689837463356355 36.2854032619394431, 59.47681267332352917 36.28551186167072018, 59.47727854667854785 36.28577988539030486, 59.47791241999740208 36.2865391999348077, 59.47909270093627754 36.28738790797304858, 59.47937804989361865 36.28783524591450771, 59.47905247185097721 36.28863384548387216, 59.47939169212744304 36.28914615293089696, 59.47982029853663732 36.28932534011507016, 59.47996758779262194 36.28963351649132107, 59.48016574800040246 36.28981126687099135, 59.4801792793985129 36.29024319054541792, 59.48037018761471728 36.29073143123007128, 59.48028678147561266 36.29089096266121572)) | L17: نگهداری قدیم -زون 1 الی11 | M17: 6 | N17: 536969.38 | O17: 1 | AD17: path | AE17: Makhzan | AF17: StorageName
H18: - | J18: 8 | K18: Polygon ((59.45700211716147265 36.28668778482862933, 59.45686318496054668 36.28563395025158655, 59.45636583401734043 36.28525927630492731, 59.45568551047109196 36.28486179582233717, 59.45481389114125648 36.28449036050821519, 59.45548359249894332 36.28458111998053681, 59.45588270452593349 36.2841853058109578, 59.45583771964027164 36.28339127588073865, 59.45615164182859758 36.28314514063622198, 59.4586419426691819 36.28246298813950688, 59.45895969497294686 36.28179008141975714, 59.45924632702475066 36.28147239351997655, 59.46040881557937752 36.28130683884064211, 59.46095996203929701 36.28073542185809686, 59.46180011059084336 36.28080872542712143, 59.46258960259667248 36.28104288343659789, 59.46285039415211315 36.28117772293712306, 59.46308069295473331 36.28115021181975663, 59.46324228447077331 36.28088289074322148, 59.46364453817135853 36.28067851869945315, 59.4643972646617982 36.2807221798179711, 59.46462417859495986 36.28022953194120248, 59.46558945221929093 36.2796140874024573, 59.46625278384856017 36.27966302701342016, 59.46675409738467266 36.27923447585067862, 59.46719607869186319 36.27936707917017145, 59.4679834932560567 36.27876660910253293, 59.46826869745733291 36.27828427416729795, 59.46891564821002873 36.27828620162087248, 59.46992256914099073 36.27763955420137876, 59.47031160993944354 36.27726765686131216, 59.47159613643537313 36.27632978100096039, 59.47440727113149705 36.275178574285313, 59.47583722499081915 36.27756662693681733, 59.47668551298517059 36.27724286976611978, 59.47763166204683927 36.27669306535572957, 59.47904528513919331 36.27638832021612103, 59.47977923271300682 36.27638643413975217, 59.48054438792252085 36.27707779436683211, 59.48097289972759683 36.27732552710671854, 59.48125323695462896 36.27802967823686231, 59.48150277905161687 36.27758468763384059, 59.48238516151862854 36.27732675298761222, 59.48287613190971967 36.27742596480307213, 59.48348341959273 36.27748896533279321, 59.48432134548698258 36.27853613969244151, 59.48479173610016346 36.27881340842255753, 59.48539795987115752 36.27868098374575823, 59.48553335320259094 36.27865140813752021, 59.48530411863364975 36.27913617931233148, 59.484522578366132 36.27962633904822098, 59.48319792918336191 36.28008540159085982, 59.48235769682470675 36.28012390980139656, 59.48192425912191794 36.28031378214537739, 59.48110225905423221 36.28049475330713847, 59.48067392185777891 36.28102300499580224, 59.4795047578483107 36.28154010602602852, 59.47908204469256788 36.2818287237693724, 59.47869722935789127 36.28194910257221295, 59.47819720203212768 36.28231534531183655, 59.47773479166075106 36.28290589449427728, 59.47750105991850234 36.28331529395133259, 59.47750362179934314 36.28386851793788281, 59.47760754868492228 36.28443777261281156, 59.47738589508868046 36.28481239435404859, 59.47689837463356355 36.2854032619394431, 59.47681267332352917 36.28551186167072018, 59.47591698077444988 36.28605980241218276, 59.47547157110469129 36.28618189798572757, 59.47471894364458223 36.28677426431359265, 59.47436785371176882 36.28675901704212237, 59.47423729739999487 36.28674010723108267, 59.47370964151004813 36.28663040457441724, 59.4736235456272766 36.28649183819587165, 59.47313389510271975 36.28636200781738097, 59.47273077371079353 36.28632275929447104, 59.47227297301380133 36.28635894502725279, 59.47203281630881833 36.286462071726163, 59.47174250086005287 36.28671850483735284, 59.47142171708357949 36.28687956727519293, 59.47120518156763325 36.28689571270515302, 59.4697336070860274 36.28652862185727201, 59.46903828565419303 36.28656749655762326, 59.46764189999618822 36.2870060707385278, 59.46723976149704782 36.28706428063725298, 59.4659382941307868 36.28695075527948433, 59.46541410655604665 36.2848224563198869, 59.46317724746879207 36.28522406913504739, 59.46120928733331823 36.28510001970398235, 59.45844187521613122 36.28561178292321188, 59.45774686218432237 36.28654263856685702, 59.45700211716147265 36.28668778482862933)) | L18: نگهداری قدیم -زون 1 الی11 | M18: 11 | N18: 1743722.2 | O18: 1 | Q18: wkt_geom | R18: fid | S18: Name | T18: description | U18: begin | V18: end | W18: altitudeMode | X18: tessellate | Y18: extrude | Z18: visibility | AA18: drawOrder | AB18: icon | AC18: layer | AD18: C:/Users/mohamadnejad/Desktop/New folder (2)/res5-1506m.kmz|layername=res5-1506m.kmz | AF18: مخزن 5- . . . - 1000م.م.
H19: - | J19: 12 | K19: Polygon ((59.45515590958396501 36.3091597351203319, 59.4558634737959224 36.3087649530233989, 59.45615985699053141 36.30860233045880392, 59.45685262579490882 36.30822221365811941, 59.45683854072267849 36.30785717271361079, 59.45763258512764793 36.3075030734061599, 59.45794369531662227 36.30811733927126994, 59.45814227935689189 36.30814725674130727, 59.45834296679009867 36.30812341098682339, 59.45857379747729254 36.30786672682547334, 59.4590365599675863 36.30771299363626525, 59.45944035890202173 36.3074496324375886, 59.45930096030245693 36.30715721800604001, 59.45943886134764256 36.30704360663624897, 59.45991974718764794 36.30699384051825263, 59.46007297922135137 36.306907256461038, 59.46013265184203789 36.30680347877905234, 59.46014675901661661 36.3065164957568598, 59.46037830594175944 36.30648408319851228, 59.46059160311691727 36.30655573414406945, 59.46082844724320182 36.30653137962995913, 59.46114841270082252 36.30612824735135291, 59.46134760939857955 36.30600478953360266, 59.46237238296131267 36.30566092851759663, 59.46250306021161691 36.30547232086656351, 59.46316379242207262 36.30506257328867292, 59.46337501941849268 36.30469907232256332, 59.46342399648853672 36.30440975733338149, 59.46358837805932041 36.3043024918151076, 59.46383022102274651 36.3040012143795181, 59.464401180058573 36.30370735691999329, 59.46461925490051215 36.30336288791239951, 59.46504346190319268 36.30309281890050244, 59.4651726428416012 36.30267611862314681, 59.46546925483033164 36.30236020273285646, 59.4658967846181028 36.30220441894240935, 59.46604692356653032 36.30203389754986176, 59.4664047205146602 36.30197163143147066, 59.46676477601162247 36.30159059104965991, 59.46690253929440928 36.30156235130706222, 59.46787969630830872 36.30175298334364697, 59.46790662781193504 36.30173745287243037, 59.46734927737597332 36.29918889670867799, 59.46662617400721018 36.29893457169377768, 59.46590302037537157 36.29845936534277229, 59.46599601687025682 36.29813311811035703, 59.46619176588958311 36.29787336206597814, 59.4661802701232034 36.29773047793062091, 59.46561359097452737 36.29767011750458749, 59.46509364258606212 36.29768318561635709, 59.46372261620388144 36.29716463692871287, 59.46286457885312871 36.29699635969924287, 59.46210032510597188 36.29740861810647345, 59.46039658205786083 36.29787972515944006, 59.45937360658464854 36.29760165447599718, 59.45884601556461746 36.29779479821957722, 59.4583021941609573 36.29755624494762856, 59.45822439578076768 36.29719570839257869, 59.45766539979410226 36.29677731661931972, 59.45773712975783809 36.29714367636727701, 59.45674452081750161 36.2991798006045272, 59.45615762312930741 36.30015331809376278, 59.45587334379280264 36.30031846790741668, 59.45605517990934175 36.30078132010670089, 59.45619901607509661 36.30160789207091909, 59.45638175290365268 36.30203096288855846, 59.45676462080056268 36.30211433626710971, 59.45718548071091902 36.30212181908193259, 59.45738889925949877 36.30219991145968095, 59.45753123868647094 36.30241345871370129, 59.45757213509251216 36.30268257360356188, 59.45760263254945244 36.30288325859866205, 59.45749450736383324 36.30305410580292147, 59.45663208528992527 36.30343187276088202, 59.45401637942698159 36.30438327875580029, 59.45491573746586056 36.30463725120394258, 59.45526637197219344 36.3046984947143514, 59.45549695254104705 36.30473876900006047, 59.45575368282821671 36.30565996866631195, 59.45601263347457888 36.30596809457185259, 59.45598916224439989 36.30616300847413669, 59.45587059018148324 36.30646207343335163, 59.45588283194955892 36.30663338480196245, 59.45616790604034207 36.307144789459322, 59.45596516909092344 36.30768562815509881, 59.45559561338217236 36.30792859656207128, 59.45517134146462723 36.30855022811694255, 59.45515589639715159 36.30915953944084151, 59.45515590958396501 36.3091597351203319)) | L19: نگهداری قدیم -زون 1 الی11 | M19: 2 | N19: 869788.77 | O19: 1 | Q19: PointZ (723246.84902091813273728 4017769.43398979632183909 0) | R19: 8 | S19: res5-1506m | T19: مخزن شماره 5 خط انتقال با ظرفیت 1000 متر مکعب | X19: -1 | Y19: 0 | Z19: -1 | AC19: res5-1506m res5-1506m.kmz | AD19: C:/Users/mohamadnejad/Desktop/New folder (2)/res4-1490m.kmz|layername=res4-1490m.kmz | AF19: مخزن 4- . . . - 1000م.م.
H20: - | J20: 3 | K20: Polygon ((59.45401637942698159 36.30438327875580029, 59.45437318305506835 36.30365286231174338, 59.45449165774226685 36.30283204242593342, 59.45401742499422681 36.30282446125345786, 59.45356278904141334 36.30275817941414118, 59.4531115002472319 36.30279301135976766, 59.45281305423406337 36.30261008443380177, 59.45260344181605205 36.30257330381682834, 59.45217176717213903 36.30185167472801311, 59.45211633736325751 36.3014435373719877, 59.45178547740209041 36.30157706150588126, 59.45158954347122915 36.30151085916199349, 59.45149236208725085 36.30105844100781098, 59.45075135259086352 36.30099766384533666, 59.45026933374300881 36.30126975392862221, 59.44834497056572076 36.301666947930471, 59.44736180014130866 36.30164450640108242, 59.44710602339898031 36.30148463108150025, 59.44671049802543195 36.3015127594811986, 59.44674749690663162 36.3012918521111132, 59.44617730377341047 36.3010224053087569, 59.44595647051583853 36.30077003345761, 59.44551916740770992 36.30104959355625738, 59.44523167736814173 36.30103054197110168, 59.44494265590061843 36.30107050997079199, 59.44472946689707271 36.30123405633616329, 59.44454700608113029 36.30169418791319202, 59.44434448029880969 36.30198519434336646, 59.44374532325903715 36.3021179903964466, 59.44325675217516647 36.30210381408880949, 59.44314909399989233 36.30212582897704721, 59.44343904260931311 36.30135522723433184, 59.44429100217431738 36.30054194865920181, 59.44473780543785324 36.30004738869917702, 59.44532901117324286 36.29969710536896343, 59.44583757674539015 36.29853941121926653, 59.44664956758442287 36.29787408218040667, 59.44676142001519281 36.29762927992253907, 59.44826466535152321 36.29707608953623321, 59.44897906554385258 36.29707156492065678, 59.44929697018739745 36.2967822224268204, 59.44958072479212774 36.29687735394988835, 59.45024126981972046 36.29607061685865688, 59.45012365826661949 36.2954539250907473, 59.45062102532242676 36.2947065706863512, 59.45106226789849302 36.29477464316706659, 59.45138537053362882 36.29467251102715153, 59.45169799232905206 36.29436753396630166, 59.45237199319286248 36.29452847275840099, 59.45288588535179031 36.29426945613852951, 59.45363394472249752 36.29430722753497207, 59.45405578703297778 36.29446800644522142, 59.45401479640558051 36.29475117673415241, 59.45435023777324801 36.29516722056329314, 59.45464566774659687 36.29515862902457712, 59.4551746054655581 36.29559315872781156, 59.455498939456362 36.29556716526079185, 59.45652976183600202 36.29496874430508058, 59.45762423798670682 36.29463043960036117, 59.45798752660896014 36.29394508472010727, 59.45815167891421993 36.29344770336202686, 59.4592841234290006 36.2928838337631916, 59.46091255833143663 36.29179992152717205, 59.46088644739054985 36.2908277978963909, 59.46127504038560829 36.29067952171097033, 59.46123365005672667 36.290960851062529, 59.46123365005672667 36.290960851062529, 59.46115348906999998 36.29133337406624094, 59.46122149444649807 36.29164250497179012, 59.46103995506984319 36.29210318860005913, 59.46053327102082875 36.29232200157540689, 59.46023242852317736 36.29248091460097214, 59.45986806470519781 36.29280709974845109, 59.45962108653861833 36.29331397339930021, 59.45922064707060173 36.29340998344618185, 59.45897095724245673 36.29353468539171246, 59.45890757720891884 36.29367439728567746, 59.45892367345825136 36.29387031403074815, 59.45925171020176236 36.29418046601673353, 59.45926905820127928 36.29457809874975993, 59.45896957774615998 36.29486709257599131, 59.45853337806727978 36.29492295460946139, 59.45803131495375027 36.29521728513120848, 59.45773797489253809 36.29533054619231081, 59.4575139803192485 36.29549345460858234, 59.45766539979410226 36.29677731661931972, 59.45773712975783809 36.29714367636727701, 59.45722156311712325 36.29819505011408864, 59.45674452081750161 36.2991798006045272, 59.45615762312930741 36.30015331809376278, 59.45587334379280264 36.30031846790741668, 59.45605517990934175 36.30078132010670089, 59.45619901607509661 36.30160789207091909, 59.45638175290365268 36.30203096288855846, 59.45676462080056268 36.30211433626710971, 59.45718548071091902 36.30212181908193259, 59.45738889925949877 36.30219991145968095, 59.45753123868647094 36.30241345871370129, 59.45757213509251216 36.30268257360356188, 59.45760263254945244 36.30288325859866205, 59.45749450736383324 36.30305410580292147, 59.45714184710367078 36.30324645666068051, 59.45663208528992527 36.30343187276088202, 59.45401637942698159 36.30438327875580029)) | L20: نگهداری قدیم -زون 1 الی11 | M20: 9 | N20: 782009.92 | O20: 1 | Q20: PointZ (722363.92603672039695084 4018547.4274014956317842 0) | R20: 7 | S20: res4-1490m | T20: مخزن شماره 4 خط انتقال با ظرفیت 1000 متر مکعب | X20: -1 | Y20: 0 | Z20: -1 | AC20: res4-1490m res4-1490m.kmz | AD20: C:/Users/mohamadnejad/Desktop/New folder (2)/res3-1403m.kmz|layername=res3-1403m.kmz | AF20: مخزن 3- . . . - 1000م.م.
H21: - | J21: 2 | K21: Polygon ((59.46790662781193504 36.30173745287243037, 59.46804320828881885 36.30351572942670657, 59.46740658450175943 36.30447353748392203, 59.46852980704211689 36.30461990900730029, 59.46899711735314042 36.30501395967147715, 59.46869295596358995 36.30621269707530274, 59.46766267632170866 36.30696246188482235, 59.46722751280714903 36.3077427949299576, 59.46703093678087271 36.30836827687811308, 59.46664545762692455 36.3092069874567116, 59.46585797878389457 36.31031637912501253, 59.46554408861568675 36.31091988156347838, 59.46477863715287526 36.31141244259148237, 59.46181877219912337 36.31177899193603054, 59.45879705176962204 36.30992992527524166, 59.45555115593778339 36.31016609540005646, 59.45545743709096342 36.30994709504155793, 59.45464179410596728 36.30975024513229954, 59.45450141903479846 36.30963058595572335, 59.45507639940016276 36.30928990469374185, 59.45515605246968249 36.30915944849360955, 59.4558634737959224 36.3087649530233989, 59.45685262579490882 36.30822221365811941, 59.45683854072267849 36.30785717271361079, 59.45763258512764793 36.3075030734061599, 59.45794369531662227 36.30811733927126994, 59.45814227935689189 36.30814725674130727, 59.45834296679009867 36.30812341098682339, 59.45857379747729254 36.30786672682547334, 59.4590365599675863 36.30771299363626525, 59.45944035890202173 36.3074496324375886, 59.45930096030245693 36.30715721800604001, 59.45943886134764256 36.30704360663624897, 59.45991974718764794 36.30699384051825263, 59.46007297922135137 36.306907256461038, 59.46013265184203789 36.30680347877905234, 59.46014675901661661 36.3065164957568598, 59.46037830594175944 36.30648408319851228, 59.46059160311691727 36.30655573414406945, 59.46082844724320182 36.30653137962995913, 59.46114841270082252 36.30612824735135291, 59.46134760939857955 36.30600478953360266, 59.46237238296131267 36.30566092851759663, 59.46250306021161691 36.30547232086656351, 59.46316379242207262 36.30506257328867292, 59.46337501941849268 36.30469907232256332, 59.46342399648853672 36.30440975733338149, 59.46358837805932041 36.3043024918151076, 59.46383022102274651 36.3040012143795181, 59.464401180058573 36.30370735691999329, 59.46461925490051215 36.30336288791239951, 59.46504346190319268 36.30309281890050244, 59.4651726428416012 36.30267611862314681, 59.46546925483033164 36.30236020273285646, 59.4658967846181028 36.30220441894240935, 59.46604692356653032 36.30203389754986176, 59.4664047205146602 36.30197163143147066, 59.46676477601162247 36.30159059104965991, 59.46690253929440928 36.30156235130706222, 59.46728836707512755 36.30163614789083226, 59.46787969630830872 36.30175298334364697, 59.46790662781193504 36.30173745287243037)) | L21: نگهداری قدیم -زون 1 الی11 | M21: 1 | N21: 640829.39 | O21: 1 | Q21: PointZ (720644.71218112017959356 4020092.10132103506475687 0) | R21: 6 | S21: res3-1403m | T21: مخزن شماره 3 خط انتقال با ظرفیت 1000 متر مکعب | X21: -1 | Y21: 0 | Z21: -1 | AC21: res3-1403m res3-1403m.kmz | AD21: C:/Users/mohamadnejad/Desktop/New folder (2)/res2-1274m.kmz|layername=res2-1274m.kmz | AF21: مخزن 2- کوهستان- 500م.م.
H22: - | J22: 7 | K22: Polygon ((59.47370964151004813 36.28663040457441724, 59.47436785371176882 36.28675901704212237, 59.47471894364458223 36.28677426431359265, 59.47547157110469129 36.28618189798572757, 59.47591698077444988 36.28605980241218276, 59.47681267332352917 36.28551186167072018, 59.47727854667854785 36.28577988539030486, 59.47791241999740208 36.2865391999348077, 59.47909270093627754 36.28738790797304858, 59.47937804989361865 36.28783524591450771, 59.47905247185097721 36.28863384548387216, 59.47939169212744304 36.28914615293089696, 59.47982029853663732 36.28932534011507016, 59.47996758779262194 36.28963351649132107, 59.48016574800040246 36.28981126687099135, 59.4801792793985129 36.29024319054541792, 59.48037018761471728 36.29073143123007128, 59.48028678147561266 36.29089096266121572, 59.48026218531820319 36.29093800788155022, 59.47212082052186588 36.29260888264398233, 59.47171673559549276 36.29190461872988749, 59.46984585306441318 36.29144927429057077, 59.46929007709159265 36.29120470242938268, 59.46908813116895232 36.29084099859694845, 59.46962045357083326 36.28982335142497817, 59.47102772641952129 36.28824131775201067, 59.47346736271568091 36.28692894734658125, 59.47367993656372676 36.2867636631848427, 59.47370964151004813 36.28663040457441724)) | L22: نگهداری قدیم -زون 1 الی11 | M22: 5 | N22: 475749.08 | O22: 1 | Q22: PointZ (721000.49498760746791959 4020949.78804468177258968 0) | R22: 5 | S22: res2-1274m | T22: مخزن شماره 2 با ظرفیت 500 متر مکعب مربوط به خط انتقال آب پارک جنگلی کوهستان | X22: -1 | Y22: 0 | Z22: -1 | AC22: res2-1274m res2-1274m.kmz | AD22: C:/Users/mohamadnejad/Desktop/New folder (2)/makhzan 2abshar-1407m.kmz|layername=makhzan 2abshar-1407m.kmz | AF22: مخزن 2- آبشر
H23: - | J23: 6 | K23: Polygon ((59.46298860673835662 36.28834256230471311, 59.4629745224763866 36.28828741997511287, 59.46330471378723104 36.28808420960984904, 59.46408365825752185 36.28780807161624011, 59.46486714519704009 36.28755878297349824, 59.46554713359560651 36.28703612986296889, 59.46579130712049022 36.28693508604951035, 59.4659382941307868 36.28695075527948433, 59.46723976149704782 36.28706428063725298, 59.46764189999618822 36.2870060707385278, 59.46903828565419303 36.28656749655762326, 59.4697336070860274 36.28652862185727201, 59.47120518156763325 36.28689571270515302, 59.47142171708357949 36.28687956727519293, 59.47174250086005287 36.28671850483735284, 59.47203281630881833 36.286462071726163, 59.47227297301380133 36.28635894502725279, 59.47273077371079353 36.28632275929447104, 59.47313389510271975 36.28636200781738097, 59.4736235456272766 36.28649183819587165, 59.47370964151004813 36.28663040457441724, 59.47367993656372676 36.2867636631848427, 59.47346736271568091 36.28692894734658125, 59.47102772641952129 36.28824131775201067, 59.47102772641952129 36.28824131775201067, 59.46962045357083326 36.28982335142497817, 59.46908813116895232 36.29084099859694845, 59.46929007709159265 36.29120470242938268, 59.46984585306441318 36.29144927429057077, 59.47171673559549276 36.29190461872988749, 59.47212082052186588 36.29260888264398233, 59.47161578786170111 36.29300874743476868, 59.47098289147722028 36.29325902348306698, 59.47069511332919234 36.29359690267050098, 59.47021465135348706 36.29363553825437805, 59.46971730100950282 36.29339215359858883, 59.46951355915108905 36.29307244596890314, 59.46805313989779762 36.29332066490052711, 59.46775530679951771 36.29376298071146323, 59.46670895304402649 36.29375774875867222, 59.46670895304402649 36.29375774875867222, 59.46645781056586344 36.29334631729869187, 59.46595487993336349 36.29358574977312912, 59.46556755583608833 36.29347682797612151, 59.46502936131714989 36.29358553030297685, 59.46473262996362052 36.2936869724077269, 59.46451208472971217 36.29364625289399982, 59.46466850854071851 36.29292287073307932, 59.46455354092687173 36.29276961710139204, 59.46384607327004801 36.29285893976649646, 59.46320463863634131 36.29274981180383719, 59.46281595221591232 36.29199161960539755, 59.46299487687878127 36.29103459392133146, 59.46349552339449218 36.28983362775608157, 59.4632913560018892 36.28961307894130783, 59.4633691901196002 36.28926549632493703, 59.46298860673835662 36.28834256230471311)) | L23: نگهداری قدیم -زون 1 الی11 | M23: 4 | N23: 491281.48 | O23: 1 | Q23: PointZ (728559.84219419397413731 4014284.46710783895105124 0) | R23: 3 | S23: makhzan 2abshar-1407m | X23: -1 | Y23: 0 | Z23: -1 | AC23: makhzan 2abshar-1407m makhzan 2abshar-1407m.kmz | AD23: C:/Users/mohamadnejad/Desktop/New folder (2)/makhzan 1 abshar-1281m.kmz|layername=makhzan 1 abshar-1281m.kmz | AF23: مخزن 1- آبشر
H24: - | J24: 5 | K24: Polygon ((59.46734927737597332 36.29918889670867799, 59.46662617400721018 36.29893457169377768, 59.46590302037537157 36.29845936534277229, 59.46599601687025682 36.29813311811035703, 59.46619176588958311 36.29787336206597814, 59.4661802701232034 36.29773047793062091, 59.46561359097452737 36.29767011750458749, 59.46509364258606212 36.29768318561635709, 59.46372261620388144 36.29716463692871287, 59.46286457885312871 36.29699635969924287, 59.46210032510597188 36.29740861810647345, 59.46039658205786083 36.29787972515944006, 59.45937360658464854 36.29760165447599718, 59.45884601556461746 36.29779479821957722, 59.4583021941609573 36.29755624494762856, 59.45822439578076768 36.29719570839257869, 59.45766539979410226 36.29677731661931972, 59.4575139803192485 36.29549345460858234, 59.45773797489253809 36.29533054619231081, 59.45803131495375027 36.29521728513120848, 59.45853337806727978 36.29492295460946139, 59.45896957774615998 36.29486709257599131, 59.45926905820127928 36.29457809874975993, 59.45925171020176236 36.29418046601673353, 59.45892367345825136 36.29387031403074815, 59.45890757720891884 36.29367439728567746, 59.45897095724245673 36.29353468539171246, 59.45922064707060173 36.29340998344618185, 59.45962108653861833 36.29331397339930021, 59.45986806470519781 36.29280709974845109, 59.46023242852317736 36.29248091460097214, 59.46053327102082875 36.29232200157540689, 59.46103995506984319 36.29210318860005913, 59.46122149444649807 36.29164250497179012, 59.46115348906999998 36.29133337406624094, 59.46123365005672667 36.290960851062529, 59.46127504038560829 36.29067952171097033, 59.46128778249792646 36.28975273467643348, 59.4613370454334671 36.28960050108847923, 59.46217753112536286 36.28887742432576147, 59.46272925253884267 36.28841264006196354, 59.46298860673835662 36.28834256230471311, 59.4633691901196002 36.28926549632493703, 59.4632913560018892 36.28961307894130783, 59.46349552339449218 36.28983362775608157, 59.46299487687878127 36.29103459392133146, 59.46281595221591232 36.29199161960539755, 59.46320463863634131 36.29274981180383719, 59.46384607327004801 36.29285893976649646, 59.46455354092687173 36.29276961710139204, 59.46466850854071851 36.29292287073307932, 59.46451208472971217 36.29364625289399982, 59.46473262996362052 36.2936869724077269, 59.46502936131714989 36.29358553030297685, 59.46556755583608833 36.29347682797612151, 59.46595487993336349 36.29358574977312912, 59.46645781056586344 36.29334631729869187, 59.46670895304402649 36.29375774875867222, 59.46775530679951771 36.29376298071146323, 59.46805313989779762 36.29332066490052711, 59.46951355915108905 36.29307244596890314, 59.46971730100950282 36.29339215359858883, 59.47021465135348706 36.29363553825437805, 59.47069511332919234 36.29359690267050098, 59.47098289147722028 36.29325902348306698, 59.47161578786170111 36.29300874743476868, 59.47212082052186588 36.29260888264398233, 59.47226810078559822 36.29278828850971195, 59.472131090101783 36.29300269076402685, 59.47132062794995022 36.29373953505722739, 59.46932116897311715 36.29517107384589991, 59.46916472086171268 36.29549891937392658, 59.4685394443461135 36.29588874027719214, 59.46717814984032202 36.29860697470675746, 59.46734927737597332 36.29918889670867799)) | L24: نگهداری قدیم -زون 1 الی11 | M24: 3 | N24: 579876.24 | O24: 1 | Q24: PointZ (729929.16508991294540465 4015126.42719690408557653 0) | R24: 2 | S24: makhzan 1 abshar-1281m | X24: -1 | Y24: 0 | Z24: -1 | AC24: makhzan 1 abshar-1281m makhzan 1 abshar-1281m.kmz | AD24: C:/Users/mohamadnejad/Desktop/New folder (2)/res1-1138m.kmz|layername=res1-1138m.kmz | AF24: مخزن 1- . . . - 500م.م.
H25: - | J25: 20 | K25: Polygon ((59.43352172800007338 36.29775200100004895, 59.43701383200004784 36.3008480910000273, 59.4374872040000426 36.30128598000005269, 59.43550595300006734 36.30546465200006878, 59.43289373200008185 36.31127267800007985, 59.42799883900004687 36.3092226220000498, 59.42800567900007991 36.30915341700006138, 59.42205079200005002 36.30556216800005132, 59.4206876500000476 36.30474009000005253, 59.42070518200007001 36.3047182940000468, 59.42373869100003958 36.30206115400005729, 59.42532354800005123 36.30092162900007224, 59.42826301300004843 36.29880813200003331, 59.43307777100005751 36.29735839000006337, 59.43352172800007338 36.29775200100004895)) | M25: کشت جدید-باغ عنبر | N25: 1289698.9 | Q25: PointZ (721786.68736184225417674 4021824.41158600756898522 0) | R25: 4 | S25: res1-1138m | T25: مخزن شماره یک خط انتقال با ظرفیت 500 متر مکعب | X25: -1 | Y25: 0 | Z25: -1 | AC25: res1-1138m res1-1138m.kmz | AD25: C:/Users/mohamadnejad/Desktop/New folder (2)/مخزن ژئوممبران-1424 متر.kmz|layername=مخزن ژئوممبران-1424 متر.kmz | AF25: مخزن 0- ژئوممبران
H26: - | J26: 22 | K26: Polygon ((59.52184448300005215 36.26325278300004129, 59.52394099500003222 36.26421878200005722, 59.52410785700004681 36.26429566500007695, 59.52428756700003731 36.26476201200006244, 59.52416420300006195 36.26521117900006175, 59.52416087700004965 36.26522329000005129, 59.52363975000002227 36.26585610700004736, 59.52371270000003278 36.26607581400003255, 59.52401915900001939 36.26642291500007786, 59.5244146340000384 36.2671134140000504, 59.52464293400004181 36.26726812300007197, 59.52478259600007959 36.26749983400002719, 59.52504027200006931 36.26762654100002692, 59.52525632400004696 36.26780399600006177, 59.52536101700007976 36.26822018700004691, 59.52534623200006081 36.26843520200004178, 59.52560055500003955 36.26885066900006649, 59.52592547200003992 36.26910547600004975, 59.52605490500008756 36.26926717600002803, 59.52664294500004871 36.26972733800005244, 59.52697087900003226 36.26990194900002962, 59.52722496300003741 36.27015953000005766, 59.52744501100004726 36.27028308500006659, 59.52716747100004113 36.27054396000006165, 59.52619636300004657 36.27139639700005347, 59.52534677400007013 36.27199789000007968, 59.52438432500002818 36.27254356400005264, 59.52352155100003728 36.27293414200004662, 59.52253379000006106 36.27328484700007039, 59.52141057500006127 36.27358204400007935, 59.51875168600003008 36.27419681600002832, 59.51458348000006282 36.27521247200007792, 59.51331783400006969 36.27562472900007151, 59.51139957000003733 36.27640060900006347, 59.5110112430000413 36.27655767600003855, 59.51098807100004251 36.27654860600006259, 59.50984108400007244 36.27470666600004279, 59.50941713400005284 36.27428710700007741, 59.50890247200005234 36.27352591400006077, 59.50881324700004171 36.27339394900001679, 59.5069154780000531 36.27283686200007651, 59.50528818400005804 36.27224909200003822, 59.50173488700006175 36.27123598500003254, 59.49852372300006209 36.27033162600002925, 59.49772964400006003 36.27010799000004226, 59.49783491800008761 36.26996826500005255, 59.50163886900003973 36.26491946200007987, 59.50654802000008203 36.25847348300005279, 59.50797325600005649 36.2566020720000779, 59.50831173600005286 36.2567499310000585, 59.51384912000003879 36.25916884700006904, 59.51646905500007279 36.26195792200007872, 59.51721906500006298 36.26204194400003189, 59.51744629500006312 36.26199375200008035, 59.51824361600006341 36.26258967900002972, 59.51962491100005082 36.26305309900004659, 59.5204916650000726 36.26280437600008355, 59.52184448300005215 36.26325278300004129)) | L26: توسعه 98 با افزایش25% (حاشیه کمربند جنوبی) | M26: کشت جدید-ذکریا | N26: 3155029.4 | Q26: PointZ (728530.00008685165084898 4014102.00004721619188786 0) | R26: 11 | S26: مخزن ژئوممبران-1424 متر | X26: -1 | Y26: 0 | Z26: -1 | AC26: مخزن ژئوممبران-1424 متر مخزن ژئوممبران-1424 متر.kmz | AD26: C:/Users/mohamadnejad/Desktop/New folder (2)/res zakaria-1451m.kmz|layername=res zakaria-1451m.kmz | AF26: مخزن 0- ذکریا
H27: - | J27: 21 | K27: Polygon ((59.58287714400007218 36.25361007500004007, 59.57736422700003232 36.2539216150000172, 59.57154675500004259 36.25269069500006935, 59.55992613281029691 36.25338946162725051, 59.55946769256661355 36.25318456614765239, 59.5623299960000665 36.24453699300004672, 59.56201410600006341 36.23845791900004087, 59.56200982500008223 36.23837554100003899, 59.56501862200008901 36.23596776300008315, 59.56571289300006811 36.23541783800005334, 59.56784445500006342 36.23372944700003018, 59.56784473200008989 36.23372922800007245, 59.57464129500004901 36.23027930500006732, 59.5746686440000417 36.23028831800007765, 59.58042214400006742 36.23218442200005285, 59.5835671010000425 36.23321048000003231, 59.5860055000000699 36.2345587330000285, 59.58711584300004915 36.23717796200003249, 59.59057433300007034 36.23747421200005192, 59.59057078000004992 36.23749848000006324, 59.59054377800003977 36.2376828000000728, 59.59050016300005836 36.23775008800004116, 59.58970624000006211 36.23771464300006073, 59.58645558700006006 36.23819210700003168, 59.58399280700007239 36.23893619900007934, 59.58355305900005305 36.23906906000007666, 59.58157112100008135 36.23992606100006242, 59.58052990200008026 36.24137338200006297, 59.58023887800005269 36.24251031100005349, 59.58022964100006647 36.24249335000008188, 59.57963872200002697 36.24354127600003039, 59.57974423500007077 36.24457905000002711, 59.5796061860000421 36.2455029660000605, 59.57940812700007882 36.24588243300007662, 59.57852160800005947 36.24709536600005322, 59.57817090600008214 36.24795564900006184, 59.57803843600004257 36.24904999200003886, 59.57763526900004081 36.24981008300005669, 59.5789822940000704 36.24944539500007323, 59.57952780600002995 36.24953351400006341, 59.58010257900002671 36.24976085100008305, 59.58079335200005744 36.24976591300003292, 59.58119362100008232 36.24993707600003745, 59.58130929900004702 36.25045400400006201, 59.5815041690000271 36.25112904500002742, 59.58191261200005329 36.25136977000005345, 59.5824418220000922 36.25162838900008211, 59.58292421000003714 36.25155787100005256, 59.58319599400005018 36.25157197000004317, 59.58354964300008305 36.25156432800002904, 59.58354486900004332 36.25157885200007968, 59.58287714400007218 36.25361007500004007)) | M27: معجونی-کشت جدید | N27: 4162240.1 | Q27: PointZ (725353.71347178495489061 4015240.82581722689792514 0) | R27: 9 | S27: res zakaria-1451m | X27: -1 | Y27: 0 | Z27: -1 | AC27: res zakaria-1451m res zakaria-1451m.kmz | AD27: C:/Users/mohamadnejad/Desktop/مخزن بتنی جدید.kml|layername=مخزن بتنی جدید.kml | AF27: مخزن 0- بتنی
B28: =B51 -> 2 | C28: =D51 -> کوهستان وچهل بوستان | D28: =C51 -> 0 | E28: =E51 -> توسعه 98 با افزایش25% (حاشیه کمربند جنوبی) | F28: =F51 -> 1343125 | G28: =F28/10000 -> 134.3125 | H28: =I28-G28 -> -134.3125 | Q28: PointZ (728942.00008791394066066 4013635.00004723947495222 0) | R28: 10 | S28: مخزن بتنی جدید | X28: -1 | Y28: 0 | Z28: -1 | AC28: مخزن بتنی جدید مخزن بتنی جدید.kml | AD28: C:/Users/mohamadnejad/Desktop/New folder (2)/makhzan500-1089m.kmz|layername=makhzan500-1089m.kmz | AF28: مخزن 0- . . . - 500م.م.
H29: =I29-G29 -> 18.617703 | I29: =N29/10000 -> 18.617703 | L29: جنب اراضی نظامی- از مخزن 2 | N29: 186177.03 | Q29: PointZ (730641.52904550195671618 4016127.96371453953906894 0) | R29: 1 | S29: makhzan500-1089m | X29: -1 | Y29: 0 | Z29: -1 | AC29: makhzan500-1089m makhzan500-1089m.kmz
B31: =B53 -> 4 | C31: =D53 -> کوهستان وچهل بوستان | D31: =C53 -> توسعه | E31: =E53 -> اراضی منابع طبیعی-ملی | F31: =F53 -> 2500000 | G31: =F31/10000 -> 250 | H31: =I31-G31 -> -245.07781 | I31: =N31/10000 -> 4.9221908 | J31: 38 | K31: Polygon ((59.48135590400004702 36.29052482800005919, 59.47954247800004168 36.28668415800007097, 59.47986013800004912 36.28678029300004937, 59.48339544500004195 36.28975343100007223, 59.48236998300006917 36.29016040100003693, 59.48135590400004702 36.29052482800005919)) | L31: ملي | N31: 49221.908 | O31: 4 | AD31: Area_ha
B32: =B54 -> 5 | C32: =D54 -> کوهستان وچهل بوستان | D32: =C54 -> 0 | E32: =E54 -> اراضی قهوه خانه وکوهسنگی | F32: =F54 -> 2500375 | G32: =F32/10000 -> 250.0375 | H32: =I32-G32 -> 313.60285 | I32: =(N32+N33)/10000+0 -> 563.64035 | J32: 37 | K32: Polygon ((59.53766475954132176 36.2612876148258465, 59.52946103640545061 36.2619275771742835, 59.52772383617673313 36.26103390842793317, 59.52523255881239095 36.26091876924689217, 59.5212110402111918 36.25790322636918717, 59.52489633076950071 36.25578600427415665, 59.53766475954132176 36.2612876148258465)) | L32: قهوه خانه | N32: 4982331.4 | O32: 5 | Q32: wkt_geom | R32: fid | S32: Name | T32: description | U32: timestamp | V32: begin | W32: end | X32: altitudeMode | Y32: tessellate | Z32: extrude | AA32: visibility | AB32: drawOrder | AC32: icon | AD32: 221
J33: 28 | K33: Polygon ((59.52394099500003222 36.26421878200005722, 59.52422622800003182 36.26387240900003661, 59.52435291600006195 36.26341113200003718, 59.52417320900008235 36.2629447850000588, 59.52390664800004316 36.26282196400006796, 59.52456157500005673 36.26266671300003708, 59.52475768700004011 36.26261263500003906, 59.52488656900005282 36.26235021200005804, 59.52521757100004152 36.26145733000004157, 59.5252325590000666 36.26091876900005673, 59.52772383600005668 36.26103390800005855, 59.53210355600003112 36.2632868800000665, 59.53426649700003281 36.26330962800005864, 59.53966736000006676 36.26336626000006191, 59.54062857200005965 36.26364815600005187, 59.53959257900004332 36.26391559200005332, 59.53856577100003733 36.26431397000005319, 59.53722483800004284 36.26498883500004666, 59.53590181400006287 36.26567069600002924, 59.53430159100003749 36.26639233500004167, 59.53183450100004137 36.26725437100004257, 59.53086029000009205 36.26765972700007978, 59.53006075100007877 36.2680823140000328, 59.52923880900006282 36.26862072700004092, 59.52825214700005318 36.26945156200002884, 59.52822160000005169 36.2694772820000324, 59.52816932100004976 36.26952130100004723, 59.52813415000002806 36.2694984160000331, 59.52752154500007009 36.26893851700003779, 59.52729026000002932 36.26880865100002893, 59.52703618000003871 36.26855106900006831, 59.52670825100005914 36.26837645900001661, 59.52612022200003139 36.26791629700006325, 59.52599079100002655 36.2677545960000316, 59.52566588000008352 36.26749978900006255, 59.5254115620000519 36.26708432200007337, 59.52542634600006721 36.26686930700004297, 59.52532165500002748 36.26645311600003652, 59.52510560700005726 36.26627566100007272, 59.52484793600007151 36.26614895400007299, 59.52470827600006231 36.26591724300004671, 59.52447998000008056 36.26576253400003225, 59.52416420300006195 36.26521117900006175, 59.52428756700003731 36.26476201200006244, 59.52410785700004681 36.26429566500007695, 59.52394099500003222 36.26421878200005722)) | L33: کوه سنگي | N33: 654072.12 | O33: 5 | Q33: Polygon ((59.4671398019754065 36.29859485778376893, 59.46701003206796798 36.30131233618833875, 59.46711316968328731 36.30263729177762855, 59.46748305244658184 36.30597300284628659, 59.4673673217263925 36.30754008181254733, 59.46685088599699043 36.30857119279438194, 59.46615355489964116 36.30998760469795172, 59.46492124722708894 36.3116216391089921, 59.46188316909908878 36.31169457343430906, 59.45884339839896171 36.30982640766804792, 59.45549235970327828 36.31009497535829667, 59.45445352741457157 36.30965718488906901, 59.45509043718511322 36.30880166890175076, 59.45547210314207121 36.30794857533989273, 59.45595548166264166 36.30687870741277123, 59.45573893195444271 36.30649071324120314, 59.455951075074708 36.30593028017769086, 59.45566590958968334 36.30550659757560084, 59.45547252489099321 36.30477159622876826, 59.45606832321806223 36.30420013101033305, 59.45654321198050951 36.30375128074423685, 59.4565661039173321 36.30373829239687922, 59.45674770094858275 36.30346509677209355, 59.4566836551550395 36.3033198182667789, 59.45601219146139726 36.30313183278472167, 59.45552377616537143 36.30311445702697171, 59.45498085775064823 36.30292093082209703, 59.45496992868382335 36.30292713225070855, 59.45454918305647851 36.30269891254805259, 59.45328482614112175 36.30267378296787939, 59.45253015706320099 36.30220514129918286, 59.45202199936760223 36.3013701613252735, 59.4518422941598601 36.3009525237047086, 59.45113805820140129 36.30082686138906212, 59.44945949154421072 36.30133134651342175, 59.44868104674686293 36.30162746250373829, 59.44783996849179175 36.30159309179855143, 59.44706468208436689 36.30140851581302996, 59.44651737413286696 36.3011533443078207, 59.44582317994228049 36.30079502656759161, 59.44532224563983647 36.30107911032639123, 59.44512486575803933 36.30097458755361117, 59.44472859891092753 36.30123689898257311, 59.4446052385464796 36.30145817678832998, 59.44431361387066204 36.30193415212765018, 59.44366674038847265 36.30201059755585646, 59.44318099665832733 36.30210218892707275, 59.44283859837793216 36.3020620908999021, 59.44290279465616322 36.30201488186057901, 59.44281545219480023 36.30189159858190351, 59.44261874704798743 36.30174419722789736, 59.44259616327629203 36.30158244412371005, 59.44245711386894726 36.30145287062070025, 59.44245387480550846 36.30144966181666177, 59.44197267119069039 36.30117054876740923, 59.44175855670418684 36.30021496150737192, 59.44244999630411996 36.29926232932940877, 59.44379059195062354 36.2990066711632835, 59.44584733368583329 36.29864365873673648, 59.4469027953019733 36.29769021878023239, 59.44837451581626908 36.297043251366091, 59.44911354307298268 36.29666822820281169, 59.44965043733282783 36.29646028533627344, 59.44990570088221915 36.2958045496987225, 59.44997567220128332 36.29530485259817851, 59.45049913524017882 36.29474554630478877, 59.45192287672104925 36.29435252413910717, 59.45272228323531749 36.29427072535378329, 59.4536860116653969 36.29431832449103723, 59.45400525447212203 36.29461692109268256, 59.45421053184362847 36.29510598157791179, 59.45442159714684038 36.29516224899464305, 59.45463902224374664 36.29519680651083746, 59.45476321493792682 36.29542729216078811, 59.45492326536883354 36.29557042760634289, 59.45614592293178191 36.29548737229929145, 59.45643643384134691 36.29568803712844272, 59.4564267022639612 36.29610690637392167, 59.45703406541304048 36.29629325007825713, 59.45731109045266294 36.29631352148410173, 59.45755987689661026 36.29664320270187261, 59.45757219270475247 36.29689112504537718, 59.45795715840039719 36.29701118413135674, 59.45812890032355114 36.29728659839806681, 59.45849489489199868 36.29755912072282342, 59.45890942521616296 36.2977499311809666, 59.45913243214601351 36.29761518299555689, 59.45950552428872982 36.29758195058658288, 59.46006747903614809 36.29768029665927287, 59.46091092697780311 36.29765165218167766, 59.46154764033339291 36.29753785877217354, 59.46200753661663185 36.29739853603405919, 59.46241612427718337 36.29716667400212771, 59.46303450554710679 36.2970367450877589, 59.4631631211967786 36.2972868247956697, 59.46345165325220705 36.2973503420963084, 59.46404923195814973 36.29726733403109051, 59.46428119998414985 36.29735258440911139, 59.46455531477374734 36.29753780594540302, 59.46503512170546202 36.29763225565444884, 59.46569024325727071 36.29765836977149007, 59.46570440742719654 36.29765033116922268, 59.4661642851383192 36.29774649910184081, 59.46605733018520823 36.29805013433512784, 59.46595300166448084 36.29827099263813039, 59.46606856840867295 36.29855385345712193, 59.46627526428829214 36.2988674315117521, 59.46645520518620742 36.29890483641810306, 59.46671406666396109 36.29875416075672234, 59.46696113273532802 36.29862448300561084, 59.4671398019754065 36.29859485778376893)) | S33: زیر دست مخزن 1 | Y33: 1 | Z33: 0 | AA33: -1 | AD33: 444.37
B34: =B55 -> 6 | C34: =D55 -> کوهستان وچهل بوستان | D34: =C55 -> 0 | E34: =E55 -> اراضی آبشر | F34: =F55 -> 1890000 | G34: =F34/10000-G35 -> 101.75 | H34: =I34-G34 -> 16.013311 | I34: =N34/10000 -> 117.76331 | J34: 39+ | L34: آبشر | N34: 1177633.1 | Q34: Polygon ((59.46711779532491704 36.29854574887885121, 59.46647223041073715 36.29886180194004197, 59.46605264501481969 36.29859814204151292, 59.46605872276651183 36.29800891488717696, 59.46614086171187807 36.29774205039834101, 59.46532616611035849 36.29757889343885324, 59.46459065905116148 36.29752206230347866, 59.46448177550230696 36.29748722887357815, 59.46408691196889151 36.29728935731576911, 59.46356415771258952 36.2973485811636678, 59.46306290175859033 36.29726506060467983, 59.46299428079230154 36.29696676730422666, 59.46239621904970818 36.29717456543654208, 59.46212330140208024 36.29731011849106181, 59.46132341930680809 36.29758922763559781, 59.46032072281037273 36.29766067508781191, 59.45956883778266189 36.29758797798191949, 59.45902499743556291 36.29762130372817808, 59.45879269536516176 36.29770650422501177, 59.45840759514994289 36.29749172898046794, 59.45814002297756673 36.29730221659033162, 59.45791598270879064 36.29699702669002193, 59.4578948681408832 36.29698857329840678, 59.45755232672362212 36.29683294091763202, 59.45743059738305902 36.29641846757611034, 59.4572300691846678 36.29629697535362709, 59.4570372433958525 36.2962933875427467, 59.45641304268571048 36.29608397065319281, 59.45642888590103325 36.29570711485489198, 59.45633668787782256 36.29562227609825698, 59.4561460372778896 36.29547203464443328, 59.4557299882820729 36.29549427303336273, 59.45504139564177137 36.29555537693563139, 59.45482466186704329 36.29554636286010805, 59.45474573594461276 36.29548056232692943, 59.45474410883524286 36.29530412470594314, 59.45455612932987322 36.29515573183046229, 59.45427415659238335 36.29516377430542207, 59.45416433392401245 36.29517297866382108, 59.45406223982890737 36.29484640535483919, 59.45395672316676894 36.29452394307445218, 59.45381044834694251 36.29439374034608079, 59.45342375084059938 36.2943003410182925, 59.45304602842013253 36.29428405432488347, 59.45271936628201814 36.29426381126467049, 59.4525650862995434 36.29434258236801014, 59.45240988112215774 36.29436544918520013, 59.45216081666055885 36.29436093867119695, 59.45193690425114852 36.29437403632667269, 59.45177699212445077 36.29441239221878845, 59.45139354524007302 36.29449670207988987, 59.45106007935532233 36.29463636288868855, 59.45080591876759968 36.29467960678142902, 59.45062688732500789 36.29470446802444172, 59.45049317561279167 36.29477308019023241, 59.45023785349818013 36.2950282857195603, 59.45003010341844174 36.29529089610259263, 59.4499696977527492 36.29550187091801661, 59.44985014547170721 36.29596895692414193, 59.44967719766125214 36.29641427160736811, 59.44938969093198722 36.29662090365705041, 59.44876723812151909 36.29680513834742328, 59.44801836184210231 36.29722437733887119, 59.44737069526466655 36.29742747537581948, 59.44683851886062342 36.29775710435603031, 59.4462820862941399 36.29824810131781732, 59.44594876188340749 36.29855274337742799, 59.44595509002873968 36.29854474815557808, 59.44571121277172665 36.29869661505566825, 59.44444678797736969 36.29888017932095323, 59.44254400839336228 36.29924317569752645, 59.44174345577675211 36.30016393462747004, 59.44197695683393334 36.30113676699946268, 59.44151601365955173 36.30141782732278699, 59.44096050962836841 36.30168713107121192, 59.44073345644859074 36.30171773832910276, 59.44050470120627239 36.30163551793776833, 59.44054036649249184 36.30142140647841131, 59.4402102261006533 36.30001450872578062, 59.44064309816950242 36.29928338603163951, 59.44093711523900225 36.29870548238252326, 59.44111803954584161 36.29841463275062807, 59.44150810187659317 36.29819067413095723, 59.44119087597962192 36.29813474062778766, 59.44086798639794722 36.29796997356307031, 59.44049561906147972 36.29787578064200204, 59.44018131595255738 36.29771737362249695, 59.439846033736778 36.29757269864938252, 59.4398059700772734 36.29727609955899226, 59.44008298377129051 36.29692621589750701, 59.44040025335024069 36.29654877379080347, 59.441018028418938 36.29625272991796692, 59.44157044273224244 36.2962752361800014, 59.4418501324131725 36.29581074095281679, 59.44196461483996785 36.29528433500738061, 59.44168920951052115 36.29463962773947117, 59.44164487406960262 36.29388219418495254, 59.44144897892144996 36.29389645641988693, 59.4414558513850011 36.29364646466237332, 59.44176806686518688 36.2933561174392878, 59.44178171300759317 36.29333887420302318, 59.44220505941331822 36.29312976987208117, 59.4422264339722588 36.29310942974324661, 59.44223537180455708 36.29309813515406802, 59.44224430968623096 36.29308684049632205, 59.44258001872992025 36.29292558962546877, 59.4425976422470228 36.29290331792100233, 59.44262407725585717 36.29286991065833945, 59.44249474376913867 36.29262929331523679, 59.44247760772091738 36.29261704606695105, 59.4422617129236599 36.29249462413368832, 59.44258159214052739 36.29189727527757725, 59.44295604369266073 36.29159590049309259, 59.44357745660106929 36.29159353830873158, 59.44414548771113971 36.29182422814272257, 59.44425493958951989 36.29167410849905906, 59.44434732577678204 36.29155733473034928, 59.44450798829200266 36.29134856329523728, 59.4445248917012421 36.29133898276476344, 59.44477317410785844 36.29093044007338875, 59.44479309970004266 36.29092309130626859, 59.44519454752869336 36.2909736682495776, 59.44519948045920188 36.29097300259873293, 59.44547661922935333 36.29101443499659041, 59.44548060823434099 36.29100939220457178, 59.44557250356370304 36.2908345277170028, 59.44602980415594118 36.290467499931097, 59.44642145103682651 36.29013330846755281, 59.4465008935381789 36.28992185504655055, 59.44625047045411037 36.28974752058186226, 59.44616992659565113 36.28951610583756349, 59.44618323829433137 36.28941068709079332, 59.44619229357306267 36.28939924285018748, 59.44642913321408173 36.28922912127489298, 59.44670300893662329 36.28886268562075657, 59.44691994827569204 36.28864923416252708, 59.44699581365308916 36.28837684389512219, 59.44722693171083705 36.28806412635525191, 59.44807282667269988 36.28758721279363897, 59.44807502334941773 36.28758443620554885, 59.44854037968470806 36.28731305236296834, 59.44912027918154962 36.28702969076368845, 59.44900934136528292 36.28680100321525259, 59.44886642660468823 36.28675030612993879, 59.44883929402089251 36.28664421651907901, 59.44885684508763291 36.28662203147918319, 59.44898252099140024 36.28641159012379092, 59.44900800684158071 36.28638583879247648, 59.44934706940635039 36.28619955427701171, 59.44935906863135244 36.28619067700277157, 59.44938304216149305 36.28617294087651146, 59.44942976779861254 36.28613269552869269, 59.44971351606145049 36.285996853801187, 59.44972723301390261 36.28599783861020711, 59.44974305647352253 36.2859961230490029, 59.4500012301066576 36.28592192059112165, 59.45072245451407156 36.28566539011404046, 59.45108716203103683 36.28539161946620339, 59.45132398344409808 36.28518261615040075, 59.45157778245029334 36.28478120250105121, 59.4517224436160987 36.28463559105234992, 59.45216106165450043 36.28472092483495004, 59.4521732526177189 36.28471704159257172, 59.45218868024647918 36.28470329532692062, 59.45234975920956799 36.28452263436569325, 59.45263765376113696 36.28438949301322225, 59.4529200303767098 36.2843129223726919, 59.45293401282823709 36.28430137885438, 59.45300007523034935 36.28415633027137233, 59.45292214187345792 36.28442451557307891, 59.45250587929030672 36.28499867017527691, 59.45274846394581658 36.28533461235829094, 59.45341053305587309 36.28546507697514301, 59.4542656074089706 36.28573639082342339, 59.45420529949026189 36.28546380688351292, 59.45397574149384212 36.28516519993397083, 59.45412710962641256 36.28476789668805225, 59.4547377146150211 36.28428952086999715, 59.45546071413316014 36.28433564771774655, 59.4558515856258083 36.28373147246985297, 59.45599156209205205 36.28330433403800726, 59.45693126693976183 36.28257245127198161, 59.45715733929107216 36.28265033722357202, 59.45764267178967089 36.28281596138357656, 59.45765591909889736 36.28279921181992762, 59.45807890997642886 36.2824281664257029, 59.45809403723892927 36.28242156557435294, 59.45848800874769324 36.28215947446111045, 59.45883943788594195 36.28210555537344106, 59.45880773898628746 36.28161360578558003, 59.45913103807895084 36.28154396260998027, 59.45907277852616346 36.28062967527465332, 59.45928492556342349 36.28064900611958166, 59.45941875616915695 36.28128250213830341, 59.45974771676220882 36.28141188017446694, 59.46006946162432172 36.28134965112747778, 59.46057796313922239 36.28125084186501681, 59.46092207306781319 36.28087811734892654, 59.46091736887505164 36.28086073167982306, 59.46073979136519227 36.28028622632550082, 59.46083552629505675 36.28019075696575868, 59.46105467108687037 36.28034551841894029, 59.46121145420050169 36.28065852229992316, 59.46167818192765253 36.28058633580538839, 59.46190540287752668 36.28051837281965675, 59.46240308487453063 36.28016293768840228, 59.46182246315400732 36.28016980576663997, 59.46262454436374156 36.28044485720309353, 59.46305661884616001 36.28052361129528691, 59.46305972956631791 36.28051967816661261, 59.4630815074296919 36.2805023816768184, 59.46352398127179839 36.28028435684532127, 59.46353313329537826 36.28027278449029325, 59.46355448788636266 36.28024578246394327, 59.46386534610621766 36.27999933232670315, 59.46387399524743955 36.27999808538948656, 59.4642138749379825 36.28037285072544194, 59.46421964944622118 36.28036554817872883, 59.46423697293008814 36.28034364057368322, 59.46452218507946696 36.28022666905147275, 59.46454765815825283 36.28022870264383926, 59.464552590998629 36.28023100459517281, 59.46454403585315873 36.2804358779270828, 59.46473148988607704 36.28072367357424355, 59.46518711065802876 36.28121464617314729, 59.4651642791630124 36.28121531070303973, 59.46484268667605022 36.28141231568258718, 59.46508553770409833 36.28154721214640688, 59.46501034324437995 36.28211349488812232, 59.46461451276635302 36.28176681222281985, 59.46458243102416219 36.28172555041909675, 59.46419260521115291 36.28105779347824011, 59.46415110724284858 36.28104646954874823, 59.464108124864552 36.28104957839921241, 59.46335723994773304 36.28138300223834278, 59.46331495755322294 36.28139624834511778, 59.463264321586081 36.28141994700664696, 59.46319888535216336 36.28143522872993287, 59.46239081117133196 36.28137779908622207, 59.46236197150049207 36.28138518336996299, 59.46231592716564052 36.2814142641255728, 59.46167150936140899 36.28148226954679956, 59.46163285824326294 36.28146982829679956, 59.46156393861318179 36.28143363020470957, 59.46132367996373347 36.28112209209731986, 59.46126976873674153 36.28114192288521878, 59.46121117829771663 36.28116752335058237, 59.46068614975241928 36.28176633488658354, 59.46067256878794893 36.281783501253841, 59.46113311845039817 36.28339747785692282, 59.46221230399878266 36.28340100928863166, 59.46225360552806194 36.28336806139355275, 59.46226556376384309 36.28335294185681192, 59.4638146819044735 36.28270151716508707, 59.46512681477779694 36.28291000960162904, 59.46514722392368668 36.28290070968738235, 59.46596147923275311 36.28259996447930291, 59.46638167217609094 36.28223521026753673, 59.46734394825300996 36.2847845662983417, 59.46950795487315133 36.28607042429567286, 59.47149755790761105 36.28639021650686658, 59.47349284821893178 36.28653536204986807, 59.47624518267119953 36.28584839993133215, 59.47722088676268015 36.28484954461041667, 59.47724546566435322 36.2847597184866828, 59.47762263070428901 36.28333513972602731, 59.47832940222006215 36.28232161646994314, 59.48021784264560097 36.28129270001016238, 59.48145839290067727 36.28047880482071719, 59.48218829035867827 36.2807564561113125, 59.48372378909986224 36.28302207932159718, 59.48323344239977217 36.28401057715083766, 59.48424583586964332 36.28519200204431172, 59.48463942557486206 36.28738998437218299, 59.48513878364111207 36.28775402512366099, 59.48659296906715355 36.28744322646890197, 59.48721120428940168 36.28788082932508274, 59.48413669915048985 36.28933173561588177, 59.48203716660582074 36.29011553336994922, 59.47975671463373715 36.29089396932884881, 59.47797241104998278 36.29138789120958819, 59.47554228831761236 36.29196780922970333, 59.47385075812508148 36.2925365061188927, 59.47175917130437739 36.293440701428203, 59.46951008392908022 36.29509728286291903, 59.46790540217470777 36.29672533296199788, 59.46711779532491704 36.29854574887885121)) | S34: زیر دست مخزن 2 | Y34: 1 | Z34: 0 | AA34: -1 | AD34: 692.02
B35: =B56 -> 7 | C35: =D56 -> کوهستان وچهل بوستان | D35: =C56 -> 0 | E35: =E56 -> توسعه 98 (تکمیل آبشر) | F35: =F56 -> 872500 | G35: =F35/10000 -> 87.25 | H35: =I35-G35 -> 0.16610649 | I35: =N35/10000 -> 87.416106 | J35: 24 | K35: Polygon ((59.55866736852011201 36.25381643656530173, 59.55840334012788873 36.25351668855841325, 59.55870593483405884 36.25316783390689324, 59.55950848180216184 36.2531974490502904, 59.5600236501254372 36.2534313593215316, 59.56019497374479243 36.25399907893824292, 59.56115491732072087 36.2539023229420323, 59.56166791680031736 36.25404283412454731, 59.56127520036925915 36.25478075445366954, 59.56125889087672221 36.25544687084411066, 59.56174212293966974 36.25586289181978827, 59.56234497142862239 36.25613296438299216, 59.56244166318634115 36.25657036183775261, 59.56162283369283017 36.25671944869583285, 59.56121141614715953 36.25699916541304191, 59.56109704956374173 36.25751543335474025, 59.56043191039373141 36.25751680316680137, 59.55914676787494955 36.25769101581880705, 59.55921324483973223 36.25841034371104143, 59.55823205254870345 36.25867678872860722, 59.55605978113703713 36.25874951855673345, 59.55387426430478826 36.25906847763867091, 59.55194744875556978 36.25943068993066731, 59.55039315497315044 36.25979778954894073, 59.54889649726799661 36.25984195023511347, 59.5476870097939468 36.25969630064165727, 59.54713390601553158 36.25919675967826805, 59.54652177883973252 36.25822687897193219, 59.54606822717138215 36.25769609905763247, 59.54587153057907045 36.25712321468625277, 59.54625259167426776 36.25657737248197776, 59.54711860901124965 36.25648623095006684, 59.54751640974121329 36.25619911856186661, 59.54769563728798687 36.25612349213491115, 59.54775399047027662 36.25598498562384719, 59.54777877201998848 36.25581003924988721, 59.54726903695254236 36.25541106615430209, 59.54677850054142141 36.25531635994625645, 59.54620264788975703 36.25570629636825259, 59.54571811265695658 36.25542782427479693, 59.54558512981532203 36.25486150965593168, 59.54572234466319003 36.25425191673920011, 59.54633946642213971 36.25368586545287997, 59.54670130676834816 36.25289081453917817, 59.54793623410599679 36.25237863335195954, 59.54846250942439667 36.25228023568394065, 59.54823739655076054 36.25265225034446104, 59.54918828973365663 36.25304507066756798, 59.54962590239893672 36.25355290732039748, 59.55065093117180197 36.25326769782198255, 59.55140968276609215 36.25308250148383848, 59.55205754267849017 36.25292480335402701, 59.55253204298539771 36.25312544872411991, 59.55256972419852701 36.25363189236819039, 59.55310519622693732 36.25389928390775651, 59.55403714158634898 36.25384934184378238, 59.55557811275696167 36.25372416296504241, 59.55689001326491194 36.25400913153985272, 59.55772707987426884 36.2539745992328335, 59.55866736852011201 36.25381643656530173)) | L35: توسعه 98 با افزایش25% (حاشیه کمربند جنوبی) | M35: کشت جدید آبشر | N35: 874161.06 | O35: 7 | Q35: Polygon ((59.48702953896457046 36.28784711814723352, 59.48646340247061204 36.28743714908956974, 59.48517021231454294 36.2877526459315618, 59.48454727551936827 36.28729991640356189, 59.48447643553547692 36.28645199123698717, 59.48435607744841036 36.28549946522460345, 59.48419273037463029 36.28497191886547313, 59.48353819025207656 36.28427173965413033, 59.48345289790233892 36.28423392518630664, 59.483141614065147 36.28400763643136173, 59.48316725693972273 36.28394535682924271, 59.48320999300533884 36.28383151824802155, 59.48365033433194071 36.28303424662006194, 59.48362441063481754 36.28300662359159645, 59.48272241424255924 36.28159228446725848, 59.48227811624099104 36.28077464961909016, 59.48137899978559773 36.28040087619047682, 59.48008522315598867 36.28128636565202925, 59.47936912270340315 36.28165150095348679, 59.47833752542999264 36.2822878591932394, 59.4778103841196284 36.28304240829834271, 59.47753282679514086 36.28371383371042214, 59.47745731414010351 36.28424068961218296, 59.4769286439924727 36.28505247373308151, 59.47627162931606648 36.28578920306536304, 59.47361722441519305 36.28644266853417832, 59.47166229584529162 36.28633400504099171, 59.46964400334187673 36.28607441804450673, 59.46731622686719732 36.28479756718952842, 59.46638949123349249 36.28218259628702924, 59.46593891366983087 36.28250019466136678, 59.46499199683203329 36.28280498654898167, 59.46387115031942017 36.28265425742556261, 59.46219587747737734 36.28337606955305716, 59.46107113077881934 36.28331354684719656, 59.46067203024974646 36.28180080199761193, 59.46067230208880972 36.28177573696318348, 59.46122586520065312 36.28117471890365664, 59.4617259545536001 36.28146746865918715, 59.4623951100668009 36.28140549538662185, 59.46313508852605167 36.28144287023341263, 59.46412692954223189 36.28104590803204132, 59.46469269093079646 36.28179088232035099, 59.4650127658371872 36.28208256157505218, 59.46508398346462343 36.28152982419776151, 59.46567182843009647 36.28114446764239176, 59.47037813573879106 36.2785938216379904, 59.47195812975734697 36.27766400415821124, 59.47240656569981354 36.27731730881515659, 59.47249956229970991 36.27711154358382117, 59.47299118256155026 36.2772787497457827, 59.47372491673217354 36.27830574167837341, 59.4767565093279913 36.27961563299790271, 59.47915051794917218 36.27925256871556314, 59.48103322820112737 36.27972182131946255, 59.4836350287932305 36.27913034406544313, 59.48572233200307835 36.2784304425836126, 59.48587286881078029 36.27801376717618353, 59.48728041432441671 36.27668369525660097, 59.48740057073570142 36.27624960362044249, 59.48694942340019765 36.27481945868032653, 59.48716912050363703 36.2744255269036131, 59.48549729340142989 36.27460729469908784, 59.48456286889913258 36.27429449730048816, 59.48668241399891343 36.2733439968354503, 59.48799849586740862 36.27256033013001257, 59.48840817783292323 36.2720416879101677, 59.48935906314753197 36.27159517845016268, 59.49010077360404125 36.27152153201787854, 59.49168712727244923 36.27061415962715074, 59.49112951018622653 36.26994081912536672, 59.49038170280454807 36.26864742947778097, 59.49005753416994935 36.26735625594182721, 59.48928733709332306 36.26659657311721219, 59.49075461826549827 36.26614294976182151, 59.49218533762655881 36.26532114986505917, 59.49337894734041043 36.26459369827657042, 59.49392983755581099 36.26376615593118657, 59.49277044539947212 36.26319238403382172, 59.49159090673602179 36.26374810527121184, 59.49119764380063202 36.26357027981742931, 59.49205799554719931 36.26274414923525313, 59.49142242662880875 36.26248272097740255, 59.49100853793412824 36.26207658894330166, 59.49099263988401276 36.26206255765705322, 59.49068151254108727 36.26137614353604732, 59.49067887478493333 36.26133611821820324, 59.49004826177993266 36.26080465919152829, 59.49014412376394745 36.26037471627424225, 59.49013334184088819 36.26034138439368348, 59.48993868163420728 36.25994771035085762, 59.48954721777217003 36.25934902702370977, 59.48931907575114053 36.25884047439811297, 59.48956678004694965 36.25848875729784737, 59.48955415599348839 36.25846188851328833, 59.48937762761811143 36.25832276868778337, 59.4893399831279126 36.25832198554041241, 59.48928330482235793 36.25832080613413666, 59.48843369255470037 36.2585864885716731, 59.48841051847303163 36.25859209835518016, 59.48793054940278324 36.2587747922644823, 59.48786538337063234 36.25876150169435874, 59.48691793268594097 36.2586911604585822, 59.48670133522748671 36.2583015193759266, 59.48676688312278316 36.25779292667991172, 59.48678114725405663 36.25778825054469223, 59.48804873721564945 36.25653517677419302, 59.48883311023676868 36.25620967792809779, 59.48963150997393257 36.25560455881917221, 59.48998455952123265 36.25479783300720982, 59.49135585616396327 36.25497536995612791, 59.49206470570383232 36.2555617030184294, 59.49316550199645093 36.25583748102719284, 59.4923186026599069 36.25717561735765315, 59.49120523676481298 36.25944364493628314, 59.49006255484378869 36.25993290284468884, 59.49018468212420174 36.26030512740099709, 59.49044420034808667 36.26020104779866671, 59.49048677569928856 36.26018149119531842, 59.49052943403255966 36.26016189636573728, 59.49133359843469293 36.2601619962447117, 59.4912247943799386 36.26105422553541757, 59.49101001908825026 36.26130316365328099, 59.49111766340801211 36.26199529326432724, 59.49148036604658785 36.26241318045450868, 59.49160318253093038 36.26172083672757651, 59.49207736358405185 36.26058566193326982, 59.49278503433836818 36.25968976563707002, 59.49351001480989964 36.25954335585755217, 59.49384319732447324 36.25923951274533863, 59.49504094846719937 36.259240323371003, 59.49529559630853726 36.25943605467387698, 59.49570329315864825 36.25937741924197866, 59.49600198393198269 36.25968996279772227, 59.49532253799812764 36.260545065363047, 59.49491626113199771 36.26084698745013668, 59.49516979531688321 36.26116534610744679, 59.49521306129729936 36.26113677131966284, 59.49524255712756116 36.26111827883917726, 59.49649353423286158 36.26079523194435694, 59.49653369013083193 36.2607736859764529, 59.49658200445173151 36.26074776246372267, 59.4978390834948172 36.2598618175612728, 59.49786221083665794 36.25983820558648318, 59.49895827038079688 36.25901869463829996, 59.50000261727181083 36.25845313778862078, 59.4996412275951414 36.25789717494212283, 59.49978543882524207 36.25762251264477243, 59.49949014864026253 36.25730843814047688, 59.50015887211426957 36.25599603680576166, 59.49972546099512272 36.25605443249956039, 59.49914387697320706 36.25625781495111966, 59.49913230657855223 36.25625113303821223, 59.49884389797126261 36.2559644395149121, 59.49883641858774297 36.25594733559091054, 59.49882857038232231 36.25542698404012754, 59.49827796528079205 36.25490783333548706, 59.49720530577199185 36.25505480670182834, 59.49720805608838958 36.25493955241906718, 59.49772739146177258 36.25442983412381892, 59.4977220743692925 36.25440525036194117, 59.49771191081679689 36.25438227306680261, 59.49684601358948299 36.25437470144218111, 59.49682103354945184 36.25436795045231264, 59.49678573706263762 36.25436426374569976, 59.49546772036782727 36.25443335250358246, 59.49510806855734302 36.25402442226867095, 59.49514830516550035 36.25400876220208346, 59.49520321070369988 36.25394608239582084, 59.49524692729210784 36.25391190284477005, 59.49604666518097673 36.25302757174051749, 59.49601228289156296 36.25301193224817808, 59.49462040144411645 36.2533102837981005, 59.49345996559061689 36.25277940701985813, 59.49495119462633141 36.25222729504186248, 59.49540658514079183 36.25146977551735716, 59.49606730422806322 36.25097472834182355, 59.4960861140603825 36.25096099695750951, 59.49660276225986877 36.25046986282467287, 59.49845918876837203 36.25021815961243732, 59.49985991782685346 36.24941785085869839, 59.50184605396722048 36.24873415341628657, 59.50274059187744768 36.24951880426768724, 59.50354601771410756 36.25017556006478969, 59.50255802900216651 36.25110522221810783, 59.50240670587933778 36.25121534531613321, 59.50275969813748134 36.25182014165960709, 59.5034858929079391 36.25299942626651273, 59.50311796511132911 36.25443499179017692, 59.5037716026221517 36.25656862293781302, 59.50376612645317209 36.25786227683546059, 59.50373199760088028 36.25803614376903994, 59.50351049142142301 36.25815425691413196, 59.50315021648138014 36.26259025240793221, 59.50630330494762177 36.26396946465926874, 59.50635449254036757 36.26386739614662957, 59.51080881249666987 36.26396650493808238, 59.51301743307544001 36.26519595497664028, 59.51502076675512143 36.26849172238068064, 59.51974336911610663 36.27158261816644824, 59.51085392831973309 36.27643309759584156, 59.50819495003104009 36.27687081403180258, 59.50684363802702137 36.27751061783160225, 59.50380239171983732 36.27910655432471287, 59.50166959222484309 36.2798728398220689, 59.50054260860036237 36.28076072292513743, 59.49938756364245762 36.28078858999631251, 59.49936616871347184 36.28087628858617109, 59.4989235087158832 36.28080442850814791, 59.49862920283793954 36.28118496609683064, 59.48702953896457046 36.28784711814723352)) | S35: زیر دست مخزن 3 | Y35: 1 | Z35: 0 | AA35: -1 | AD35: 382.73
B36: =B58 -> 9 | C36: =D58 -> کوهستان وچهل بوستان | D36: =C58 -> قرارداد جدید نگهداری | E36: =E58 -> اراضی مینوش ومغان با افزایش 25% | F36: =F58 -> 1875000 | G36: =(F36+F37)/10000 -> 287.5 | H36: =I36-G36 -> 3.4591886 | I36: =N36/10000 -> 290.95919 | J36: 15 | K36: Polygon ((59.54303170300004666 36.24574521000005234, 59.53692021200004092 36.2480682400000731, 59.5342289350000371 36.24917946200002916, 59.5313503470000569 36.25050125400002798, 59.53134862300004215 36.2505020460000722, 59.5290311290000318 36.25052371800006767, 59.52693516900006898 36.25058850400006349, 59.52379029400003674 36.24789651500004339, 59.51824451300007013 36.24417282700005671, 59.51514121200006002 36.24454625600004221, 59.51085503100006235 36.24105010400006677, 59.50938457800003789 36.23777281900004255, 59.5112940090000393 36.2363695200000393, 59.51258565200004114 36.23554081200006749, 59.514773223000077 36.23392887900008219, 59.52101621300005263 36.22959719500005349, 59.52397502800005213 36.22456099900006166, 59.52416497500008319 36.22320501500008305, 59.52653792800003885 36.22035458000004837, 59.52667086900004279 36.22019488900002671, 59.5279831740000418 36.2186185240000782, 59.52838282500005107 36.21813845600007653, 59.52846140700007282 36.21804406200004678, 59.52847590100004282 36.21804876100002701, 59.53442183500005314 36.21997652700002845, 59.5384375880000789 36.22050774200005208, 59.53860681400004751 36.22089697600006275, 59.53941896600002792 36.22299420700006323, 59.53979126400002997 36.22550510600007101, 59.54116630400005761 36.22761265000003306, 59.54116688500005239 36.23342979900007776, 59.54349200800003672 36.23640024700006279, 59.54464856400006312 36.2378776940000833, 59.54804098300007809 36.24101147900007192, 59.54303170300004666 36.24574521000005234)) | M36: اراضی مینوش و مغان | N36: 2909591.9 | O36: 9 | Q36: Polygon ((59.54675398256537022 36.25370287030158067, 59.55114284374140254 36.25236066487443765, 59.56775820056365944 36.24936075177831185, 59.56827138057533233 36.2493238712222734, 59.5683896195200191 36.24919311915427755, 59.57572765779225676 36.24821913101135351, 59.57624733713109322 36.24822309533946196, 59.57661717428030812 36.24821483022299162, 59.57684248411128181 36.24819448621948936, 59.58705668846427983 36.25119798422741724, 59.58369334762986114 36.25603949132121073, 59.57838507752944679 36.25677950628344348, 59.57029163497888646 36.25938569012969026, 59.55031222661909851 36.25998501215033798, 59.54675398256537022 36.25370287030158067)) | S36: زیر دست مخزن یک آبشر | Y36: 1 | Z36: 0 | AA36: -1 | AD36: 855.29
B37: =B59 -> 10 | C37: =D59 -> کوهستان وچهل بوستان | D37: =C59 -> 0 | E37: =E59 -> اراضی مینوش ومغان(ترک تشریفات) | F37: =F59 -> 1000000 | H37: - | O37: 10 | Q37: Polygon ((59.55842373385674904 36.24570394367196258, 59.54180005744890991 36.246372878307767, 59.54095740340517295 36.24593736500678176, 59.53790125530716182 36.24524547003142061, 59.53520476743000955 36.24375886981646744, 59.5321772388157413 36.23862960280648338, 59.53158899679934279 36.23703464356689352, 59.53193862538410741 36.23623763273359799, 59.53264789531498735 36.23496185159883254, 59.53355333602542743 36.23411072768408303, 59.53484907102667734 36.23266749157593836, 59.53807559261414895 36.23126413722558681, 59.53970848762047297 36.23365055303231941, 59.53975697740943929 36.23369653713084659, 59.53888888620038244 36.23476301355518103, 59.54028333118630201 36.23596350413407663, 59.54031406887867206 36.23601272707598753, 59.54226153928451026 36.23776716233445683, 59.54353780672194318 36.23711804691112803, 59.54394379756475075 36.23449783576864291, 59.54595410969970715 36.23468139685947875, 59.54610493006155281 36.23470060096119738, 59.54614931295552793 36.23469369548614338, 59.54805563433541948 36.23589108352407351, 59.54810379427903655 36.23594383809471253, 59.54882300460533173 36.23711792330460923, 59.54884947404995188 36.23714770625475268, 59.54994919404462195 36.23759066716227295, 59.5512566033771904 36.2373768828338001, 59.5526944569471226 36.23704249600169902, 59.55377142692037751 36.23597248777988966, 59.55486458711529707 36.23644386529319661, 59.55672200613199863 36.2355992623915526, 59.55832883525705057 36.2345721150149771, 59.5596308558824532 36.23178944126974699, 59.55951316354992997 36.22892874926176177, 59.56169954793254817 36.22496107394447051, 59.56142787869170263 36.22145207602616068, 59.56775438983572712 36.21967116010382171, 59.57256175485475325 36.21866035963407171, 59.57482724666610352 36.21735641477116019, 59.57869289879967312 36.219756214313783, 59.57877600186218814 36.21977986833074681, 59.58161179385022166 36.22203384588996045, 59.58099081056528945 36.22251255051274654, 59.57384605559460766 36.22311573351362313, 59.57216325437038051 36.2250863596356325, 59.57215886559495743 36.22516254370606248, 59.57385205445726228 36.22492936973546307, 59.58362544493680701 36.22836419723500967, 59.58968056113405964 36.23369149152429713, 59.5867618187042325 36.23660686227358241, 59.58674853427947227 36.23664394953374313, 59.58249192305555653 36.23982680029519798, 59.5788046269977869 36.24343436533961693, 59.57090503490619682 36.24666319034633233, 59.55842373385674904 36.24570394367196258)) | S37: زیر دست مخزن جدید | Y37: 1 | Z37: 0 | AA37: -1 | AD37: 630.94
K38: بزرگراه آسیایی بعد از نیروگاه توس | Q38: Polygon ((59.54949524466672273 36.2597113471211614, 59.54888257449601241 36.26054104363136332, 59.53908340419572198 36.26286249062412281, 59.52697825527032904 36.26863392381225992, 59.52156432723489132 36.25791567156247197, 59.52140308598580276 36.25536047786712857, 59.52049626305964836 36.25335783125117217, 59.52047143262746687 36.25286419999635257, 59.52171110680451704 36.25181835741155112, 59.52206649114150849 36.25061375058471214, 59.52252456725460661 36.25044905026533115, 59.52257940308513184 36.25042928460605651, 59.52257465121193292 36.24992985651859101, 59.52256008432237167 36.2498738554243829, 59.5225626331739619 36.24985346818653653, 59.52207676171217798 36.24864607799820249, 59.52203031460742721 36.24863549266463991, 59.52185396145321761 36.24949773814942944, 59.52183431833230998 36.24952264224481979, 59.52056858031161113 36.24999072145644163, 59.52063338205290677 36.24972582046576264, 59.52132855991509786 36.24894250555436059, 59.52049199970930715 36.24852452106772915, 59.52075475050480691 36.24797698241726351, 59.52151962270789198 36.24692600337443338, 59.52289970744981673 36.24551973962022089, 59.52352146571779201 36.24342669627105096, 59.52344418657700231 36.24328770973374247, 59.52232030871073221 36.24287503287622769, 59.52427988044374985 36.2414012813368771, 59.52799127310269256 36.24073434767056057, 59.5296568770927621 36.24029407944264136, 59.53010503305676338 36.23966744182560973, 59.53110624338744117 36.23699127822825972, 59.53164564526728242 36.23754990138065324, 59.53224997511537708 36.23890891354223953, 59.53239709243035804 36.23983799198921218, 59.5326020068549866 36.24065513397211191, 59.53308937393060063 36.24065964424819697, 59.53359808676607656 36.24085175568642114, 59.53358572294344953 36.24189406333741204, 59.53394269774211267 36.24224956900958006, 59.53437129123425109 36.24279814643127651, 59.53463091248889327 36.24311215346192228, 59.53457167298056163 36.24376835577751166, 59.53488874297646305 36.24376899506827243, 59.53539322502324183 36.24400353185249202, 59.53601978604641687 36.24518167910994748, 59.53656460824424101 36.24557845230452102, 59.53866041793469321 36.24546366359268035, 59.53946888674020244 36.24555300975559646, 59.54079452587880184 36.24583425104540169, 59.54106232135408305 36.2460358570211767, 59.54120677621872204 36.24638859388154088, 59.54175062397146689 36.24652493600711267, 59.54324653934644829 36.24623499733854004, 59.54470350947499213 36.24583087230720224, 59.55443003068352681 36.24603794614012742, 59.55991906981399353 36.24595263869357353, 59.57125320861226925 36.24709179362643852, 59.57252087656863893 36.24826693823820989, 59.55588606423584963 36.25029415212281236, 59.54936139609907286 36.2517141417736326, 59.54764096821036645 36.25234923048105884, 59.54549284952314281 36.25499301985247058, 59.54553519724834132 36.25506293872795283, 59.54886979036876227 36.25608144621141804, 59.54974823591260247 36.25720354676221291, 59.54949524466672273 36.2597113471211614)) | S38: زیر دستمخزن 2 آبشر | Y38: 1 | Z38: 0 | AA38: -1
B39: =B60 -> 15 | C39: =D60 -> سوران و و یرانی | D39: =C60 -> بزرگراه آسیایی بعد از نیروگاه توس | E39: =E60 -> بزرگراه آسیایی بعد از نیروگاه توس | F39: =F60 -> 2050000 | G39: =F39/10000 -> 205 | H39: =I39-G39 -> -58.992981 | I39: =(N39+N40)/10000+0 -> 146.00702 | J39: 14 | K39: Polygon ((59.40218155289564095 36.45918090066201955, 59.39826935791506912 36.46118105668747944, 59.39032756861374196 36.45421324849800726, 59.38400045997588705 36.44856397360690181, 59.38529341708211717 36.4455248785227468, 59.38328664244436084 36.44406969107510008, 59.38346047060421284 36.44392908502498329, 59.38585836792338313 36.44537906876396249, 59.38467039950290172 36.44803298461933849, 59.38598522819467718 36.44719966990130899, 59.38767884900912719 36.44538402947438271, 59.38970760807021776 36.44730255018117759, 59.39267048953357175 36.44987607470380198, 59.39520126386216248 36.45175641740039651, 59.39737699845534991 36.45334017274048222, 59.40079684853876785 36.45704189981214682, 59.40180025093454219 36.45816635814352225, 59.40218155289564095 36.45918090066201955)) | L39: بزرگراه آسیایی بعد از نیروگاه توس | M39: بزرگراه آسیایی- سوران | N39: 972754.58 | O39: 15
H40: - | J40: 1 | K40: Polygon ((59.39951714310221575 36.38736581818958626, 59.39982876991710015 36.38758178188023606, 59.40027046705470326 36.38764722530442697, 59.40073926217620226 36.38762104794135155, 59.40142484116893229 36.38751851985116303, 59.40216461612946119 36.38760141491327715, 59.40236065180000224 36.38763344510000053, 59.40322956689681178 36.3874465319623539, 59.40369836201832499 36.38736581818958626, 59.40420509431729101 36.38727855996260985, 59.40432161564807956 36.38721529768681506, 59.40433245484162939 36.38704732518750973, 59.40431077645451552 36.38686626351561415, 59.4044110389949509 36.38684226735878013, 59.40448691334987075 36.3867768232570441, 59.40459259548709525 36.38669610878904592, 59.40479041076957856 36.38651286482092218, 59.40500719464079538 36.3864365130400742, 59.40540553500416365 36.38646705376141455, 59.40572529121420331 36.38656740176133297, 59.40590142810955854 36.38668956436905688, 59.40605046702101788 36.3867790047279982, 59.4063133174648712 36.38676155295872405, 59.40644067798922379 36.38672228646353091, 59.40659513649746515 36.38661975718815, 59.40678753218315222 36.38645178340224362, 59.40689321432037673 36.38637543156141874, 59.40708019040929599 36.38640379082533372, 59.40722380972398753 36.38650632038550015, 59.40741349561130136 36.38658921652678657, 59.40754898553081631 36.38659794243125845, 59.40765195786964625 36.38658703505052472, 59.40775764000684944 36.38654994994456615, 59.4079581650877202 36.38647359820013349, 59.40822643512834134 36.38655867585343628, 59.40837818383820235 36.38659357947914685, 59.40852993254804915 36.38662412013878367, 59.40870064984663657 36.38663502751431622, 59.40894182190336181 36.38661975718813579, 59.40895808069369366 36.38659139800299869, 59.40932119367799658 36.38645396488229977, 59.40954068734760796 36.38639288341735067, 59.40970598504940625 36.38628817222294032, 59.40986586315442963 36.38615946451994176, 59.41013142339667752 36.38607438642981862, 59.41038614444535426 36.38599803421841017, 59.41122076234953653 36.38580606261271555, 59.41153780876118873 36.38589550398797456, 59.4115594871483097 36.38595004136141853, 59.41028588190490467 36.38689244113280097, 59.40939706803291642 36.38745089486659623, 59.40826979190259038 36.38815331925795249, 59.40694741028816139 36.38899752899592954, 59.40563857766569811 36.38978065076356216, 59.40410212197846107 36.39078626352589652, 59.40252230951695367 36.39177877529758831, 59.40203725560510861 36.3921452379793493, 59.40178524435480512 36.39231101814881697, 59.40088017169249923 36.39161517532830459, 59.4004330549581141 36.39187039112997724, 59.39815682431034105 36.3932969665895385, 59.39807553035862497 36.39323370921103162, 59.39799694620530346 36.39319880856636047, 59.39770157818077223 36.39312464464443053, 59.39711084213170977 36.39294141582804087, 59.39687508967177365 36.39294795972178065, 59.39665017640538736 36.39297849788526662, 59.39644152192933291 36.3929806791822017, 59.39633854959050296 36.39296759139968884, 59.39632229080017112 36.39291087764999588, 59.39646049051804511 36.39218232041636014, 59.39653907467136662 36.39205798511657974, 59.39671250176833439 36.39200563335189287, 59.3967450193490194 36.39192274298572016, 59.39673959975224449 36.39180931392037621, 59.39672876055869466 36.39165443935232958, 59.39652552567942223 36.39171115401868661, 59.39626267523556891 36.39174605533126083, 59.39623286745327846 36.39148865778265929, 59.39632229080015691 36.39132069451598994, 59.39640087495347842 36.39114182414468956, 59.39652281588103477 36.391078565012414, 59.39658514124401023 36.39106329555898611, 59.39663662741341454 36.39079498895930698, 59.39651468648585819 36.3906881023324047, 59.39641442394542281 36.39066410735514978, 59.39628977321948611 36.39066192599320004, 59.39617325188869756 36.3906488378203079, 59.39594020922712758 36.39056594600741334, 59.39584265648508676 36.39050704913928058, 59.39583181729152273 36.39040234348576064, 59.39582910749313527 36.39015148561720991, 59.39586704467059519 36.38996824979295042, 59.3959591778158611 36.38988317587060095, 59.39612989511444852 36.38981991571414198, 59.39647945910677151 36.38950797694852213, 59.3965472040665432 36.38943380950539108, 59.39670708217156658 36.38940326994941898, 59.39675585854258344 36.38931819540881207, 59.39673688995385703 36.38922439516638718, 59.39665017640535893 36.38918076710808691, 59.39662036862306849 36.38911314356935378, 59.3966528862037535 36.38903243152677192, 59.39681005451039653 36.38902152448755345, 59.39698619140575175 36.38902152448755345, 59.397405621099999 36.38891952710000055, 59.39768260959204582 36.38880338338204723, 59.39778829172925612 36.38872921526674276, 59.39794546003589915 36.38862887005694091, 59.39809751939999671 36.38849427680000304, 59.39815559809999712 36.3883891000999995, 59.39815090969999289 36.3880442666999997, 59.39812701652803639 36.38786755109425997, 59.39815140471354482 36.38782174083292631, 59.39830586322178618 36.38774757178116914, 59.39856600386724494 36.38762104794133734, 59.39883042759999654 36.38748136209999728, 59.39895621483542953 36.38746616502952236, 59.39933016701328228 36.38739199563855919, 59.39935997479557273 36.38740072145294846, 59.39951714310221575 36.38736581818958626)) | L40: بزرگراه آسیایی بعد از نیروگاه توس | M40: بزرگراه آسیایی- ویرانی | N40: 487315.61 | O40: 15
K41: جاده بهشت رضا
B42: =B61 -> 16 | C42: =D61 -> جزایر میانی بهشت رضا(ع) | E42: =E61 -> حدفاصل مسیر رفت‌وبرگشت جاده بهشت رضا(ع) | F42: =F61 -> 850000 | G42: =(F42+F43)/10000 -> 93.658009 | H42: =I42-G42 -> 134.88573 | I42: =N42/10000 -> 228.54374 | J42: 13 | K42: Polygon ((59.70783928242625649 36.14973367246349056, 59.70810088640632074 36.15004262801757307, 59.70842508943451321 36.15012252958887728, 59.70511954097415241 36.15370288914579788, 59.70497056988325113 36.15461200291341726, 59.70205828163985018 36.15661048869643679, 59.70240251074533688 36.15678057805629919, 59.70240832490007676 36.15763251064102235, 59.70235230720434316 36.15768546675909789, 59.70093575713438128 36.15862336980858771, 59.69562411063706264 36.16223034803864067, 59.69106662713902978 36.1653282344595226, 59.68791719554199204 36.16726770228577692, 59.68497074713850736 36.16926372033368864, 59.68105845911394169 36.17200313503177256, 59.67555062453178749 36.17553680959066753, 59.67225373391549681 36.17774990039657723, 59.66819977586489898 36.18027588596704192, 59.66393094487570181 36.18334147405099799, 59.66212009116178194 36.18457799296980681, 59.65990385603419099 36.18601235638404034, 59.65482584013764722 36.18911329844590341, 59.65314835361508727 36.18981171722094814, 59.64654326209976887 36.19352389010118998, 59.64645427808233791 36.1935325830724608, 59.64652764259236051 36.19086148891675947, 59.64716685786177663 36.18868908220311198, 59.64908863555793772 36.18806631998747037, 59.65113471897379327 36.18731058598604022, 59.65820329465081784 36.18287889935199075, 59.66734029721032329 36.17696653916681271, 59.67796886696095271 36.16990302712874694, 59.68500393128775983 36.1652291935245529, 59.69068835293165165 36.16171873572204731, 59.69516067784177693 36.15896560456857856, 59.69684999904355749 36.15786270445229889, 59.70057220439616685 36.15556492636738994, 59.70469577451965648 36.15286358370609321, 59.70614489476726305 36.15132795192936754, 59.70934050636584089 36.14722583605342265, 59.70783928242625649 36.14973367246349056)) | L42: جاده بهشت رضا | N42: 2285437.4 | O42: 16
B43: =B62 -> 17 | C43: =D62 -> جزایر میانی بهشت رضا(ع) | E43: =E62 -> توسعه سال 98جاده بهشت رضا (ع) | F43: =F62 -> 86580.087 | H43: - | O43: 17
F44: =SUM(F4:F43)/10000 -> 3620.816 | G44: =SUM(G4:G43)/1 -> 3533.566 | H44: =I44-G44 -> 105.65528 | I44: =SUM(I4:I43)/1 -> 3639.2213 | N44: =SUM(N4:N43)/10000 -> 3639.2213
L45: محدوده نگهداری قدیم | N45: 1313
C46: اطلاعات خام
C47: اطلاعات اعلامی از مسئولین کمربند سبز جنوبی
B48: ردیف | C48: کمربند سبز | D48: پارک جنگلی | E48: نام و نشانی | F48: جمع کل | G48: تحت فشار | H48: شلنگی | I48: تانکری
F49: مترمربع | L49: نام مخزن | M49: مساحت تحت پوشش (هکتار)
B50: 1 | C50: قدیم | D50: کوهستان وچهل بوستان | E50: نگهداری قدیم -زون 1 الی11 | F50: 20800580 | G50: 1340000 | H50: 19460550 | I50: 30 | K50: 1 | L50: مخزن 3 | M50: 221 | N50: مخزن شماره 3 خط انتقال با ظرفیت 1000 متر مکعب
B51: 2 | D51: کوهستان وچهل بوستان | E51: توسعه 98 با افزایش25% (حاشیه کمربند جنوبی) | F51: 1343125 | G51: 0 | H51: 1343125 | I51: 0 | K51: 2 | L51: مخزن شاهین | M51: 177
B52: 3 | D52: کوهستان وچهل بوستان | E52: توسعه 98 (استعلام انتهای لادن) | F52: 100000 | G52: 0 | H52: 100000 | I52: 0 | K52: 3 | L52: مخزن قله زو | M52: =444-M51 -> 267
B53: 4 | C53: توسعه | D53: کوهستان وچهل بوستان | E53: اراضی منابع طبیعی-ملی | F53: 2500000 | G53: 0 | H53: 2500000 | I53: 0 | K53: 4 | L53: مخزن 5 | M53: 692 | N53: مخزن شماره 5 خط انتقال با ظرفیت 1000 متر مکعب
B54: 5 | D54: کوهستان وچهل بوستان | E54: اراضی قهوه خانه وکوهسنگی | F54: 2500375 | G54: 0 | H54: 2500375 | I54: 0 | K54: 5 | L54: مخزن زکریا | M54: 383
B55: 6 | D55: کوهستان وچهل بوستان | E55: اراضی آبشر | F55: 1890000 | G55: 0 | H55: 1890000 | I55: 0 | K55: 6 | L55: مخزن 2 آبشر | M55: 631 | N55: مخزن شماره 2 با ظرفیت 500 متر مکعب مربوط به خط انتقال آب پارک جنگلی کوهستان
B56: 7 | D56: کوهستان وچهل بوستان | E56: توسعه 98 (تکمیل آبشر) | F56: 872500 | G56: 0 | H56: 872500 | I56: 0 | K56: 7 | L56: مخزن بتنی جدید | M56: 855
B57: 8 | D57: کوهستان وچهل بوستان | E57: توسعه 98 با ابلاغ افزایش25% (حاشیه بلوار نماز) | F57: 340000 | G57: 0 | H57: 340000 | I57: 0 | K57: 8 | L57: مخزن 1 آیشر | M57: 316 | N57: مخزن شماره یک خط انتقال با ظرفیت 500 متر مکعب
B58: 9 | C58: قرارداد جدید نگهداری | D58: کوهستان وچهل بوستان | E58: اراضی مینوش ومغان با افزایش 25% | F58: 1875000 | G58: 0 | H58: 1875000 | I58: 0 | M58: =SUM(M50:M57) -> 3542
B59: 10 | D59: کوهستان وچهل بوستان | E59: اراضی مینوش ومغان(ترک تشریفات) | F59: 1000000 | G59: 0 | H59: 1000000 | I59: 0 | N59: مخزن شماره 4 خط انتقال با ظرفیت 1000 متر مکعب
B60: 15 | C60: بزرگراه آسیایی بعد از نیروگاه توس | D60: سوران و و یرانی | E60: بزرگراه آسیایی بعد از نیروگاه توس | F60: 2050000 | G60: 1100000 | H60: 950000 | I60: 0
B61: 16 | C61: حد فاصل مسیر رفت و برگشت جاده بهشت رضا (ع) | D61: جزایر میانی بهشت رضا(ع) | E61: حدفاصل مسیر رفت‌وبرگشت جاده بهشت رضا(ع) | F61: 850000 | G61: 350000 | H61: 0 | I61: 500000
B62: 17 | C62: توسعه سال 98جاده بهشت رضا (ع) | D62: جزایر میانی بهشت رضا(ع) | E62: توسعه سال 98جاده بهشت رضا (ع) | F62: 86580.087 | G62: 0 | H62: 0 | I62: 86580.087
F63: =SUM(F50:F62)/10000 -> 3620.816

Sheet کمربند شمالی
B2: wkt_geom | C2: fid | D2: Name | E2: Tozihat | F2: Area_m2 | G2: Address
B3: Polygon ((59.39951714310221575 36.38736581818958626, 59.39982876991710015 36.38758178188023606, 59.40027046705470326 36.38764722530442697, 59.40073926217620226 36.38762104794135155, 59.40142484116893229 36.38751851985116303, 59.40216461612946119 36.38760141491327715, 59.40236065180000224 36.38763344510000053, 59.40322956689681178 36.3874465319623539, 59.40369836201832499 36.38736581818958626, 59.40420509431729101 36.38727855996260985, 59.40432161564807956 36.38721529768681506, 59.40433245484162939 36.38704732518750973, 59.40431077645451552 36.38686626351561415, 59.4044110389949509 36.38684226735878013, 59.40448691334987075 36.3867768232570441, 59.40459259548709525 36.38669610878904592, 59.40479041076957856 36.38651286482092218, 59.40500719464079538 36.3864365130400742, 59.40540553500416365 36.38646705376141455, 59.40572529121420331 36.38656740176133297, 59.40590142810955854 36.38668956436905688, 59.40605046702101788 36.3867790047279982, 59.4063133174648712 36.38676155295872405, 59.40644067798922379 36.38672228646353091, 59.40659513649746515 36.38661975718815, 59.40678753218315222 36.38645178340224362, 59.40689321432037673 36.38637543156141874, 59.40708019040929599 36.38640379082533372, 59.40722380972398753 36.38650632038550015, 59.40741349561130136 36.38658921652678657, 59.40754898553081631 36.38659794243125845, 59.40765195786964625 36.38658703505052472, 59.40775764000684944 36.38654994994456615, 59.4079581650877202 36.38647359820013349, 59.40822643512834134 36.38655867585343628, 59.40837818383820235 36.38659357947914685, 59.40852993254804915 36.38662412013878367, 59.40870064984663657 36.38663502751431622, 59.40894182190336181 36.38661975718813579, 59.40895808069369366 36.38659139800299869, 59.40932119367799658 36.38645396488229977, 59.40954068734760796 36.38639288341735067, 59.40970598504940625 36.38628817222294032, 59.40986586315442963 36.38615946451994176, 59.41013142339667752 36.38607438642981862, 59.41038614444535426 36.38599803421841017, 59.41122076234953653 36.38580606261271555, 59.41153780876118873 36.38589550398797456, 59.4115594871483097 36.38595004136141853, 59.41028588190490467 36.38689244113280097, 59.40939706803291642 36.38745089486659623, 59.40826979190259038 36.38815331925795249, 59.40694741028816139 36.38899752899592954, 59.40563857766569811 36.38978065076356216, 59.40410212197846107 36.39078626352589652, 59.40252230951695367 36.39177877529758831, 59.40203725560510861 36.3921452379793493, 59.40178524435480512 36.39231101814881697, 59.40088017169249923 36.39161517532830459, 59.4004330549581141 36.39187039112997724, 59.39815682431034105 36.3932969665895385, 59.39807553035862497 36.39323370921103162, 59.39799694620530346 36.39319880856636047, 59.39770157818077223 36.39312464464443053, 59.39711084213170977 36.39294141582804087, 59.39687508967177365 36.39294795972178065, 59.39665017640538736 36.39297849788526662, 59.39644152192933291 36.3929806791822017, 59.39633854959050296 36.39296759139968884, 59.39632229080017112 36.39291087764999588, 59.39646049051804511 36.39218232041636014, 59.39653907467136662 36.39205798511657974, 59.39671250176833439 36.39200563335189287, 59.3967450193490194 36.39192274298572016, 59.39673959975224449 36.39180931392037621, 59.39672876055869466 36.39165443935232958, 59.39652552567942223 36.39171115401868661, 59.39626267523556891 36.39174605533126083, 59.39623286745327846 36.39148865778265929, 59.39632229080015691 36.39132069451598994, 59.39640087495347842 36.39114182414468956, 59.39652281588103477 36.391078565012414, 59.39658514124401023 36.39106329555898611, 59.39663662741341454 36.39079498895930698, 59.39651468648585819 36.3906881023324047, 59.39641442394542281 36.39066410735514978, 59.39628977321948611 36.39066192599320004, 59.39617325188869756 36.3906488378203079, 59.39594020922712758 36.39056594600741334, 59.39584265648508676 36.39050704913928058, 59.39583181729152273 36.39040234348576064, 59.39582910749313527 36.39015148561720991, 59.39586704467059519 36.38996824979295042, 59.3959591778158611 36.38988317587060095, 59.39612989511444852 36.38981991571414198, 59.39647945910677151 36.38950797694852213, 59.3965472040665432 36.38943380950539108, 59.39670708217156658 36.38940326994941898, 59.39675585854258344 36.38931819540881207, 59.39673688995385703 36.38922439516638718, 59.39665017640535893 36.38918076710808691, 59.39662036862306849 36.38911314356935378, 59.3966528862037535 36.38903243152677192, 59.39681005451039653 36.38902152448755345, 59.39698619140575175 36.38902152448755345, 59.397405621099999 36.38891952710000055, 59.39768260959204582 36.38880338338204723, 59.39778829172925612 36.38872921526674276, 59.39794546003589915 36.38862887005694091, 59.39809751939999671 36.38849427680000304, 59.39815559809999712 36.3883891000999995, 59.39815090969999289 36.3880442666999997, 59.39812701652803639 36.38786755109425997, 59.39815140471354482 36.38782174083292631, 59.39830586322178618 36.38774757178116914, 59.39856600386724494 36.38762104794133734, 59.39883042759999654 36.38748136209999728, 59.39895621483542953 36.38746616502952236, 59.39933016701328228 36.38739199563855919, 59.39935997479557273 36.38740072145294846, 59.39951714310221575 36.38736581818958626)) | C3: 1 | D3: بزرگراه آسیایی بعد از نیروگاه توس | E3: ویرانی | F3: 487315.61 | G3: بزرگراه آسیایی بعد از نیروگاه توس
B4: Polygon ((59.70783928242625649 36.14973367246349056, 59.70810088640632074 36.15004262801757307, 59.70842508943451321 36.15012252958887728, 59.70511954097415241 36.15370288914579788, 59.70497056988325113 36.15461200291341726, 59.70205828163985018 36.15661048869643679, 59.70240251074533688 36.15678057805629919, 59.70240832490007676 36.15763251064102235, 59.70235230720434316 36.15768546675909789, 59.70093575713438128 36.15862336980858771, 59.69562411063706264 36.16223034803864067, 59.69106662713902978 36.1653282344595226, 59.68791719554199204 36.16726770228577692, 59.68497074713850736 36.16926372033368864, 59.68105845911394169 36.17200313503177256, 59.67555062453178749 36.17553680959066753, 59.67225373391549681 36.17774990039657723, 59.66819977586489898 36.18027588596704192, 59.66393094487570181 36.18334147405099799, 59.66212009116178194 36.18457799296980681, 59.65990385603419099 36.18601235638404034, 59.65482584013764722 36.18911329844590341, 59.65314835361508727 36.18981171722094814, 59.64654326209976887 36.19352389010118998, 59.64645427808233791 36.1935325830724608, 59.64652764259236051 36.19086148891675947, 59.64716685786177663 36.18868908220311198, 59.64908863555793772 36.18806631998747037, 59.65113471897379327 36.18731058598604022, 59.65820329465081784 36.18287889935199075, 59.66734029721032329 36.17696653916681271, 59.67796886696095271 36.16990302712874694, 59.68500393128775983 36.1652291935245529, 59.69068835293165165 36.16171873572204731, 59.69516067784177693 36.15896560456857856, 59.69684999904355749 36.15786270445229889, 59.70057220439616685 36.15556492636738994, 59.70469577451965648 36.15286358370609321, 59.70614489476726305 36.15132795192936754, 59.70934050636584089 36.14722583605342265, 59.70783928242625649 36.14973367246349056)) | C4: 13 | D4: جاده بهشت رضا | F4: 2285437.4 | G4: حدفاصل مسیر رفت‌وبرگشت جاده بهشت رضا(ع)
B5: Polygon ((59.40218155289564095 36.45918090066201955, 59.39826935791506912 36.46118105668747944, 59.39032756861374196 36.45421324849800726, 59.38400045997588705 36.44856397360690181, 59.38529341708211717 36.4455248785227468, 59.38328664244436084 36.44406969107510008, 59.38346047060421284 36.44392908502498329, 59.38585836792338313 36.44537906876396249, 59.38467039950290172 36.44803298461933849, 59.38598522819467718 36.44719966990130899, 59.38767884900912719 36.44538402947438271, 59.38970760807021776 36.44730255018117759, 59.39267048953357175 36.44987607470380198, 59.39520126386216248 36.45175641740039651, 59.39737699845534991 36.45334017274048222, 59.40079684853876785 36.45704189981214682, 59.40180025093454219 36.45816635814352225, 59.40218155289564095 36.45918090066201955)) | C5: 14 | D5: بزرگراه آسیایی بعد از نیروگاه توس | E5: سوران | F5: 972754.58 | G5: بزرگراه آسیایی بعد از نیروگاه توس
B6: Polygon ((59.43352172800007338 36.29775200100004895, 59.43701383200004784 36.3008480910000273, 59.4374872040000426 36.30128598000005269, 59.43550595300006734 36.30546465200006878, 59.43289373200008185 36.31127267800007985, 59.42799883900004687 36.3092226220000498, 59.42800567900007991 36.30915341700006138, 59.42205079200005002 36.30556216800005132, 59.4206876500000476 36.30474009000005253, 59.42070518200007001 36.3047182940000468, 59.42373869100003958 36.30206115400005729, 59.42532354800005123 36.30092162900007224, 59.42826301300004843 36.29880813200003331, 59.43307777100005751 36.29735839000006337, 59.43352172800007338 36.29775200100004895)) | C6: 20 | D6: توسعه 98 با افزایش25% (حاشیه کمربند جنوبی) | E6: کشت جدید-باغ عنبر | F6: 1289698.9
B7: Polygon ((59.70987249460153379 36.31825179357452527, 59.70813038428877206 36.31640481464097547, 59.70684672405832316 36.31677421392875971, 59.70647996399248569 36.31773464388449923, 59.70556306382786715 36.31873200092876175, 59.70542552880318254 36.31954465278856503, 59.70537968379494487 36.3205789247196833, 59.70423355858918768 36.32150237020332639, 59.70317912339988453 36.32294292331005181, 59.70230806824351077 36.3231276076800853, 59.70207884320235792 36.32390327725494927, 59.70207884320235792 36.32449425841573998, 59.70198715318590388 36.32501136325502245, 59.70171208313650624 36.32552846466295193, 59.70084102798013248 36.32608249807798018, 59.69969490277437529 36.32630411034104867, 59.69836539753569582 36.32652572197385865, 59.69708173730523981 36.32671039785309119, 59.69598145710769899 36.32726442286470814, 59.69488117691017237 36.32833552671750255, 59.69433103681141262 36.32933274810341118, 59.69332244663034004 36.32992368808724848, 59.69070928116120456 36.33099475538409706, 59.68873794580730419 36.33243513301597716, 59.68731675055214936 36.33461411522716134, 59.68658323042046021 36.3352050151521766, 59.6851620351653267 36.33535273943308397, 59.68383252992664723 36.33494649698651102, 59.6829156297620429 36.33505729059113776, 59.68204457460565493 36.33612828731173039, 59.68057753434227664 36.33649759311148841, 59.67851450897191512 36.33673764094241676, 59.67603887852747846 36.3379932636952816, 59.67466352828056841 36.33895343214314266, 59.67429676821471674 36.3396181572117527, 59.67337986805011951 36.33991358875457678, 59.67282972795133844 36.34065216270893472, 59.67200451780319526 36.34198157817681363, 59.67035409750690178 36.34272013252002864, 59.66852029717768602 36.34375409683362079, 59.66641142679907261 36.34552657514641538, 59.66558621665094364 36.34692975853150188, 59.66457762646987106 36.34811136703293499, 59.6646693164863251 36.34899756164146112, 59.66329396623941506 36.34966220097853551, 59.66146016591019929 36.35010529071784902, 59.65407911958507725 36.35259762351525126, 59.65522524479083444 36.35352068948824922, 59.66123094086903222 36.35154531495523145, 59.66398164136286653 36.35169300824279759, 59.66627389177438801 36.35106530983559736, 59.6683827621529872 36.3485544655980064, 59.6690245922682081 36.34752056502363615, 59.66929966231759153 36.34652357646776721, 59.67085839259742386 36.34578505819622762, 59.67250881289373154 36.34478804741905122, 59.67333402304187473 36.34364331559952177, 59.67434261322294731 36.34220314521520834, 59.67553458343694217 36.34076294819799813, 59.67746007378261908 36.33913807856458789, 59.67901880406245141 36.33876878528394627, 59.68034830930113799 36.33817791239295758, 59.68117351944928117 36.33817791239295758, 59.68323654481964979 36.337180804225234, 59.68552879523117838 36.3367007105550428, 59.68694999048631189 36.33662684972775736, 59.68869210079907361 36.33562972170470573, 59.69171787134229135 36.33533427391328985, 59.69313906659742486 36.33378315462419295, 59.69414765677849743 36.33356156363308997, 59.69543131700895344 36.33223200445006995, 59.69561469704187573 36.33079162306270149, 59.69676082224763292 36.3299421548895225, 59.69708173730523981 36.32927734725014091, 59.69854877756861811 36.32898187536738988, 59.6993739877167684 36.32835399389618658, 59.70042842290606444 36.32831705953444157, 59.7009785630048313 36.32724595542779156, 59.70244560326819538 36.3263595133083399, 59.70354588346573621 36.32488208736688762, 59.70487538870441568 36.32351544343257643, 59.70670918903363855 36.32259202180124191, 59.7069384140747772 36.32181633917533503, 59.70721348412417484 36.32104064882918237, 59.70762608919823577 36.31993250637109583, 59.70799284926408745 36.31875047038332127, 59.70987249460153379 36.31825179357452527)) | C7: 40 | D7: حاشیه کشف رود1 | F7: 1474449.6
B8: Polygon ((59.65522524479083444 36.35352068948824922, 59.65490432973322044 36.35481296346253544, 59.653987429568609 36.35558831754975984, 59.65242869928878378 36.35614213716936405, 59.65123672907478891 36.35599445232274718, 59.65068658897602205 36.35713900255487374, 59.64921954871265797 36.35832045610916197, 59.64665222825175306 36.35953881130411247, 59.64605624314476273 36.36038795667651868, 59.64362645770853533 36.36330451587112123, 59.642388642486317 36.3630460909889095, 59.64619377816944734 36.35846813654250553, 59.64793588848220907 36.35787741312786636, 59.64908201368795915 36.35651134805999618, 59.64940292874557315 36.35544063165238526, 59.65022813889373055 36.35422221230760442, 59.65100750403363605 36.35366837902822112, 59.65256623431346839 36.35403760165228704, 59.65348313447808692 36.35436990051663031, 59.65348313447808692 36.35311454180856572, 59.65407911958507725 36.35259762351525126, 59.65522524479083444 36.35352068948824922)) | C8: 41 | D8: حاشیه کشف رود2 | F8: 238291.34
B9: Polygon ((59.64362645770853533 36.36330451587112123, 59.643351387659159 36.3644120413602252, 59.64202188242047242 36.36430128952063967, 59.64046315214064009 36.36437512409787587, 59.63950040696779809 36.3648181300900859, 59.63830843675381033 36.36551955108640755, 59.6365663264410486 36.36518729982367404, 59.63615372136697346 36.36470737882848425, 59.63867519681964779 36.36400595051112816, 59.63940871695134405 36.36300917307853808, 59.642388642486317 36.3630460909889095, 59.64362645770853533 36.36330451587112123)) | C9: 42 | D9: حاشیه کشف رود3 | F9: 90217.566
B10: Polygon ((59.6365663264410486 36.36518729982367404, 59.63549468985985413 36.36581206889943019, 59.63464647251623774 36.3668745451358717, 59.63386108608694514 36.36730459091653245, 59.63301286874331453 36.36700102943574109, 59.63175625045645489 36.36836704677267562, 59.63172483499928234 36.3690500464475619, 59.63131643405605331 36.3698342238654746, 59.6301226466835459 36.371023122939242, 59.62896027476819683 36.37195905198187518, 59.62720100916660471 36.37246495488427911, 59.62701251642358358 36.37340086658048222, 59.62679260822336857 36.37388778915853038, 59.62531608173632236 36.37459603474022884, 59.62360393932046776 36.37579750803183032, 59.62233161330503606 36.376910435154997, 59.62171901189019252 36.37745424602577771, 59.62019536221738036 36.37807393284816015, 59.61969271490263367 36.37814981252792279, 59.61961417625970228 36.37836480455190724, 59.61813764977264185 36.37888331228235472, 59.61607993732791044 36.3796168051190989, 59.61416359444045554 36.37979385407775368, 59.61190168152410962 36.38024912097779406, 59.60803758029202726 36.38067909282516155, 59.60627831469042803 36.3808055546807978, 59.60555575917548765 36.38055263076388712, 59.60365512401661192 36.38156432149607866, 59.6029639839588441 36.38261393671989197, 59.60200581251513086 36.38303124968003033, 59.59977531505595749 36.38303124968003033, 59.59795321854001315 36.38272774956748634, 59.59553422833782577 36.38287949977182478, 59.59377496273622654 36.38389116023289915, 59.59192145076311675 36.3851051354128856, 59.59167012710572209 36.38521262188527317, 59.5915915884627907 36.38573740664617162, 59.5914462919733694 36.38642341511882705, 59.5900993542471582 36.38798825050506025, 59.58997369241846087 36.39006200402593549, 59.58871707413160124 36.39051721080959823, 59.58698922398717457 36.39056778917658619, 59.58623525301506163 36.39064365666536816, 59.58620383755788907 36.39109886004322192, 59.58686356215849145 36.39127588285921888, 59.58840291955989699 36.39145290527211785, 59.58884273596029857 36.39243916562177361, 59.58855999684574556 36.3934759899333713, 59.5890312287033268 36.39420934512060057, 59.58872100106376735 36.39481309355179661, 59.58693032000498846 36.3959067829562386, 59.58431891012761383 36.39754728820800267, 59.58259105998318717 36.39764843576076458, 59.58136585715350719 36.39823003163453308, 59.58102421405674676 36.39837542992295738, 59.58067079016358036 36.39855875781193362, 59.5795123451803974 36.40005065144980989, 59.57762741775009374 36.39997479314237694, 59.57593098306284674 36.39921620599544383, 59.57420313291842007 36.3996460729545035, 59.5736062392321557 36.40116323145168309, 59.57322925374610634 36.40278150120183653, 59.57146998814450001 36.40313549321739117, 59.56895675157078784 36.40290792710678147, 59.56804570331281212 36.40434916788497333, 59.56901958248512585 36.40584095035945467, 59.56949081434269289 36.40750969003466508, 59.56760588691241054 36.40917839386829513, 59.56502981942436747 36.41029084317840869, 59.56459000302395879 36.41102403969583889, 59.56590945222515643 36.41208589824562125, 59.56744880962656197 36.41312246044817869, 59.56798287239847411 36.41420957179978046, 59.567920041484129 36.41580228886252257, 59.5657209594821353 36.41671239823462969, 59.56342763110862393 36.41587813171752686, 59.56273649105083479 36.41466463715033797, 59.56173119642135561 36.41327415131759437, 59.56078873270622154 36.41173194700846238, 59.55868389707573129 36.4110746047178182, 59.55610782958767402 36.41069536625066405, 59.55456847218627559 36.4119847694852794, 59.55375167029981753 36.41385563023943917, 59.55535385861556108 36.41635846807938748, 59.55337468481375396 36.41757193618256139, 59.55129733770827727 36.41837774436927333, 59.55053551287187474 36.41870638530785698, 59.550142819657232 36.41913614443681269, 59.55010747726791465 36.41974601911847031, 59.54986793440699699 36.42094995455961026, 59.54883907818463484 36.42143025955324021, 59.54814008426257033 36.42137338148537395, 59.54773168331933419 36.42132282316786274, 59.54748821352625754 36.42143025955324021, 59.54727615919035344 36.4216008935068345, 59.54730757464751889 36.42247933644522817, 59.54718191281884287 36.42364847170388487, 59.54678921960419302 36.42432466622378939, 59.54667141163980659 36.42485550639368341, 59.54697771234722126 36.42562016264010794, 59.546380818660964 36.4263595338327022, 59.54557972450309933 36.42725688086429159, 59.54589387907481068 36.42918424611546868, 59.54564648234958213 36.43175293885996524, 59.54370395991471554 36.43284821454992795, 59.54175096566032721 36.4328650648246537, 59.54313324577586997 36.43417937496722914, 59.54313324577586997 36.43594860347657516, 59.5411226565169116 36.43786943448036908, 59.53873508177188967 36.43832436117595819, 59.53609618336948017 36.43938584642812373, 59.53490239599696565 36.44039677126481536, 59.53429372151423848 36.44170147666523718, 59.53512623112928281 36.44410233000198218, 59.53418376741414164 36.44493629325026518, 59.5339324437567754 36.44649047356617189, 59.53418376741414164 36.44767820013629489, 59.53354629542923249 36.44807936963013617, 59.532864318212944 36.44788036455005198, 59.53159199219749809 36.44760238834532373, 59.53134721342722457 36.4485342364680065, 59.53061811302518436 36.44952293088198303, 59.52939291019550438 36.44977563030768408, 59.52870177013772945 36.4512918095748617, 59.52704853170409649 36.45161715251404644, 59.5263141953926862 36.45235311742903406, 59.52708387409338542 36.45323752954814012, 59.52747656730803527 36.45455149464680744, 59.52672259633592233 36.45575173177345363, 59.52538874838366922 36.45667084817259962, 59.52411118645868982 36.45761416822450229, 59.52400515929060987 36.45892279523366142, 59.52418448919210192 36.46014928400751387, 59.52336114241859377 36.46118415172028904, 59.52188068899951645 36.46164841647063781, 59.51919990332087451 36.46121047065794585, 59.51800611594834578 36.46057039155920876, 59.5175662995479513 36.46217057939915662, 59.51652958946128535 36.4633664876955379, 59.51561854120330253 36.46526979666204937, 59.51370219831583341 36.46622985513761961, 59.51227803092406532 36.46675198721208488, 59.51068631442736034 36.46663408672846174, 59.50966007615976139 36.46584246455192613, 59.50876473563032221 36.46536243440164071, 59.50764948690076039 36.46537085600882477, 59.50790081055814085 36.46673514429682683, 59.50807359557255438 36.46834362619163272, 59.50619390405181264 36.46882363788273551, 59.50481162393626988 36.46904258959681755, 59.50451841300266409 36.47000260135047967, 59.50524620442713086 36.47162785730423451, 59.50473832120287909 36.47298361469743355, 59.50285862968209472 36.47415409424120725, 59.50115695908531421 36.47507193993514818, 59.49934009847888916 36.47566979688036071, 59.49824579338739738 36.47588451902381479, 59.49711745488399828 36.47640237586322343, 59.49864895842112134 36.477488600918754, 59.4987353509283281 36.47805065325510299, 59.4983112422565128 36.47849902916202325, 59.49758475980944183 36.47925999923509721, 59.49601398695086374 36.4805987832163936, 59.49458458364956925 36.48097768014356035, 59.4930530801124462 36.48147655827192182, 59.49205563934726371 36.48245536045611459, 59.49106605244635659 36.48177335765980445, 59.49175719250413152 36.48095242040606223, 59.49288029509801135 36.48080086180812032, 59.49466312229248643 36.48025777439781336, 59.49648521880843077 36.47939893072387463, 59.49758083287728283 36.47772857881950159, 59.4959707906972497 36.47646552889958826, 59.49594199319481902 36.47587609855880686, 59.49628494526895395 36.47526561240835008, 59.49754418151056257 36.47453723298560391, 59.49974326351258469 36.47414988391484769, 59.50135592364739523 36.47333728663903685, 59.50304188651561077 36.47281519891993185, 59.50399482204980472 36.47193101008416249, 59.50312566106805434 36.46958154502753757, 59.50424614570717097 36.46811625119528344, 59.5065028227139905 36.46738359389263451, 59.5058692776610485 36.46560666063898282, 59.50687457229054189 36.46357703302122388, 59.50790081055814085 36.46311383255003591, 59.50939697170589682 36.46330648217308834, 59.51141934176136061 36.46540454242846607, 59.51269690368634002 36.46469712454214829, 59.51403729652566454 36.46446131714564842, 59.5148540984121226 36.46398970020104002, 59.51393257833509409 36.46262536360086415, 59.51501117569799248 36.46062092431174051, 59.51572325939388719 36.45947550716810071, 59.51818937278176236 36.45889436994193034, 59.52103247165588584 36.45970290750589982, 59.5222053153902948 36.45768997023061075, 59.52296452227181334 36.45586227899565301, 59.52469760832588719 36.45500316500825733, 59.52427219067654107 36.45355338857533667, 59.52371325733450647 36.45283006950303673, 59.52394232837624344 36.45191090758787311, 59.52450911558285895 36.45080853065088888, 59.52649876120372596 36.45033683067131847, 59.52729985536144852 36.44964612195481379, 59.52692286987539916 36.44752341765092041, 59.52805382633357567 36.44620933349849423, 59.53037333425491084 36.44657997487189505, 59.53192316347536206 36.44610824918007808, 59.53282897582362665 36.44438979561888203, 59.53337874632431692 36.44317674665929019, 59.53291798628581688 36.44189628551649207, 59.53434215367758497 36.43898147280582123, 59.53889608598985461 36.43664680577196435, 59.53881754734692322 36.43514297763852738, 59.53922594829015225 36.43458693296678064, 59.53944585649035304 36.43380340871343037, 59.53859371221482633 36.43195514476577301, 59.54070247477721267 36.43117475344110545, 59.54210046262134171 36.43068187066728569, 59.54309004952224171 36.42989830699497134, 59.54313324577584154 36.42750649315953382, 59.54363589309058824 36.42386649768297247, 59.54524200833848369 36.42223918756419465, 59.54554830904591256 36.42095627438144589, 59.54564255541743023 36.41997037595693598, 59.54661643458972975 36.41862422520358678, 59.5474999943226706 36.41757193618256139, 59.54856419293438563 36.4171390083316453, 59.55015852738583249 36.41729701147659881, 59.55194920844460427 36.41660811541007803, 59.55354354289605112 36.415419913340628, 59.5527738641953519 36.41265474506936783, 59.55382628201059703 36.41117573466306823, 59.55504363097598031 36.41026556041647666, 59.55714846660647055 36.40986103510610405, 59.55928471769412624 36.41008858085238842, 59.56245375193628178 36.40996216663115348, 59.56616077588250135 36.40864744653632101, 59.5677629641982449 36.40702929895350337, 59.56682050048310373 36.40508242047697962, 59.56717785130845044 36.40367279944518231, 59.56823419605582615 36.40247807819068981, 59.57042935112570348 36.40227579552507109, 59.57145035348377604 36.40147298100395545, 59.57247528277396498 36.40136551701342427, 59.57267555631345601 36.40041729889190947, 59.57341774648912036 36.39921620599543672, 59.57379473197517683 36.39792659085207305, 59.57470578023315255 36.39729441875022076, 59.57618230672019877 36.39714269668063906, 59.57709335497817449 36.39795187762920392, 59.57897828240845683 36.39739556663205633, 59.57979508429491489 36.39767372262838308, 59.58076896346722862 36.39638408189009766, 59.58299946092640198 36.39635879460289658, 59.58463306469931098 36.39565074722094096, 59.58599178322200629 36.39398175287189474, 59.5867653888548432 36.39350127815846747, 59.58670648487265709 36.39320097995442893, 59.58566977478597693 36.39276791629101382, 59.58409900192739883 36.39160463844804383, 59.58411863658813701 36.39065946238289939, 59.58582292513969492 36.38905990747807095, 59.58676931578697378 36.38879752675289581, 59.58780602587363262 36.38917687209425367, 59.58852858138858011 36.38856991865962698, 59.58928255236069305 36.38634438219311562, 59.59050775519037302 36.3846498969414256, 59.59075907884775347 36.38403658534222984, 59.59148163436268675 36.38356237202670229, 59.59229843624913769 36.38363824635152355, 59.59478025736569151 36.38209545386186505, 59.59679084662466408 36.38128610785673089, 59.5984872813119253 36.38151373727203719, 59.59914700591251346 36.38199428607186547, 59.60021513145635197 36.3821966215202437, 59.60130681859308055 36.38225985123990114, 59.60194298160077864 36.3816275517298493, 59.60225713617248289 36.38132404613888582, 59.602539875287043 36.38089407785737706, 59.60280690667299552 36.37999619525124473, 59.60411064814560689 36.37931329168083039, 59.60499028094640295 36.37913624162816717, 59.60627831469042803 36.37992031737287135, 59.60755064070587395 36.37960415874948694, 59.60913712129302411 36.37894654469591416, 59.6102837854797869 36.37946504854802043, 59.61165035786675759 36.37943975575738165, 59.61231008246734575 36.37911094873059881, 59.61303263798229324 36.3788959587691707, 59.61457199538369878 36.37840274425913378, 59.61592286004206187 36.37817510573804469, 59.61653546145691251 36.37813716591974611, 59.61708523195740383 36.37833951140343913, 59.61765071018648854 36.37802334635383517, 59.61835755797284975 36.37699896276514266, 59.61944139124526743 36.37648044247238488, 59.62295992244846587 36.3749628022392244, 59.62569306722237883 36.37296453077184566, 59.6258501445082274 36.37200331861717473, 59.62591297542258673 36.37126975398228979, 59.62625854545147064 36.37061206946333414, 59.62754657919548862 36.3707132520589127, 59.62823771925326355 36.3713203448688347, 59.62924301388275694 36.37111798112525207, 59.62958858391164085 36.37033381664694076, 59.63053104762677492 36.36909431473809917, 59.63021689305507067 36.36813305476442082, 59.6298399075690071 36.36676703331932003, 59.63049963216960947 36.36588163623972036, 59.63194474319949734 36.36588163623972036, 59.63313853057199765 36.36641287569646863, 59.6341752406586636 36.36633698456756747, 59.63483496525925887 36.36555277190128521, 59.63555752077420635 36.36486974152646212, 59.63615372136697346 36.36470737882848425, 59.6365663264410486 36.36518729982367404)) | C10: 43 | D10: حاشیه کشف رود5 | F10: 3997933.4
B11: Polygon ((59.70987249460153379 36.31825179357452527, 59.71053050931483597 36.31857836356719815, 59.71210128217341406 36.31816492376995598, 59.71324271045064336 36.31717772191520766, 59.71339978773650614 36.31584455768794584, 59.71297044315515734 36.31443542894091081, 59.71235260583079452 36.31352412253584561, 59.71249921129760452 36.31246091826608335, 59.71323223863160479 36.31141457609857071, 59.71467734966149976 36.31090827646007568, 59.71710681168276125 36.31057074154119846, 59.71880324637003667 36.30930497258133727, 59.72008080829500898 36.30967626693929162, 59.72196573572530554 36.30954125101369812, 59.72267781942118603 36.30802230574091283, 59.72263593214495359 36.30704341421981241, 59.72217517210643933 36.30596324379752815, 59.72322235401216517 36.30522061795291222, 59.72435331047034168 36.30488305841296892, 59.72523294327114485 36.30400539677098948, 59.72548426692851109 36.30317836041560753, 59.72571464694777177 36.30147362515615583, 59.72598691424325779 36.30042713554953338, 59.72684560340594828 36.29904304708509954, 59.72812316533091348 36.29848602894291787, 59.72931695270344221 36.29872234015569887, 59.73065734554276673 36.29796276585264536, 59.73095055647636542 36.29679807088904653, 59.73241661114436596 36.29661239327323585, 59.73363134215500736 36.29605535777409386, 59.73451097495580342 36.29617351715175033, 59.73551626958529681 36.29554895841414464, 59.73652156421479731 36.29532951767063764, 59.737024211529544 36.29480623340666057, 59.73735930973936092 36.29436734712395207, 59.7384483789213192 36.29428294563268054, 59.73955839174136884 36.29541391802965222, 59.74047991181841155 36.29637607566847635, 59.74110822096184137 36.29821595810882684, 59.74192502284830653 36.29922871891522362, 59.74280465564910259 36.29921183967619669, 59.74397749938350444 36.29887425412872659, 59.74602997591870945 36.29843539073274883, 59.74728659420556909 36.29909368490077526, 59.74799867790145669 36.29976885263528885, 59.74845943793997094 36.29917808118719336, 59.74896208525471764 36.29990388548088731, 59.74904585980718252 36.30047777246667096, 59.74833377611128782 36.30106853407084344, 59.74858509976866827 36.30230067958910212, 59.74984171805552791 36.30295894113496047, 59.75048049901799629 36.30304333323903165, 59.75125541362823611 36.30175212405683283, 59.75110880816142611 36.30050309091291183, 59.75028153445592238 36.29868858145484012, 59.75017681626534483 36.29777709100911665, 59.74808245245390026 36.29661239327323585, 59.74602997591869524 36.2969162291417291, 59.74416599212651846 36.29742261962604033, 59.74269993745851082 36.29735510108474017, 59.74152709372410897 36.29600471798601546, 59.74004009541798155 36.29494127484306887, 59.73934895536020662 36.29409726203046205, 59.73813422434957232 36.29389469759672693, 59.73689854970082536 36.29382717600193331, 59.73585136779509952 36.29431670624015283, 59.73499267863241613 36.2939790995080287, 59.73388266581235939 36.29348956715142549, 59.73247944205869686 36.29375965434871176, 59.73084583828576655 36.29429982593823922, 59.73030130369478741 36.29546455820122475, 59.73009186731365361 36.29629167635042819, 59.72989290275155838 36.2972116239904139, 59.72880383356961431 36.29777709100912375, 59.72810222169277949 36.29792900682306112, 59.72718070161575099 36.29785304895307974, 59.72573559058585602 36.29833411421380163, 59.7250339787090283 36.29928779622303381, 59.72345273403139743 36.30139767073792001, 59.72378783224122856 36.30311928605461702, 59.72278253761174938 36.30391256659664379, 59.72093949745767816 36.30384505367317161, 59.71978759736138187 36.30482398534326194, 59.72016458284744544 36.30644425903663119, 59.71932683732286762 36.30764256479938723, 59.7166251080061059 36.30784509353168232, 59.71329506954593569 36.30992098270853319, 59.71084466388654732 36.31035978147486531, 59.71030012929556818 36.3115242739202202, 59.7105723965910542 36.31279000685136538, 59.71034201657180063 36.31403884320348396, 59.71105410026768112 36.31451137066047608, 59.71108551572486078 36.31581080639892889, 59.71088655116277977 36.31694146662579215, 59.70979748198082149 36.31699209281952534, 59.70813038428877206 36.31640481464097547, 59.70987249460153379 36.31825179357452527)) | C11: 44 | D11: حاشیه کشف رود0 | F11: 1108065.1
F12: =SUM(F7:F11)/10000 -> 690.8957

Sheet ک.ج2
A1: ردیف | B1: پارک جنگلی | C1: پیمانی/امانی | D1: کمربند سبز | E1: آدرس | F1: لکه فضای سبز (باعدد 1 مشخص شود) | K1: مساحت فضای سبز زنده
F2: لچکی | G2: میدان | H2: بوستان | I2: خیابان | J2: جنگل کاری | K2: چمن (مترمربع) | O2: درخت (مترمربع) | S2: درخت و درختچه (اصله) | W2: پرچین (مترمربع) | AA2: گل دائم (مترمربع) | AE2: گل فصل (مترمربع) | AI2: منبع تامین آب (باعدد 1 مشخص شود)
K3: تحت فشار | L3: شلنگی | M3: تانکری | N3: جمع کل | O3: تحت فشار | P3: شلنگی | Q3: تانکری | R3: جمع کل | S3: تحت فشار | T3: شلنگی | U3: تانکری | V3: جمع کل | W3: تحت فشار | X3: شلنگی | Y3: تانکری | Z3: جمع کل | AA3: تحت فشار | AB3: شلنگی | AC3: تانکری | AD3: جمع کل | AE3: تحت فشار | AF3: شلنگی | AG3: تانکری | AH3: جمع کل | AI3: چاه | AK3: تحت فشار | AL3: شلنگی | AM3: تانکری | AN3: جمع کل
A4: 1 | B4: کوهستان وچهل بوستان | C4: پیمانی | D4: قدیم | E4: نگهداری قدیم -زون 1 الی11 | J4: 1 | K4: 0 | L4: 0 | M4: 0 | N4: =SUM(K4:M4) -> 0 | O4: 1340000 | P4: =19440000+20000 -> 19460000 | Q4: 0 | R4: =SUM(O4:Q4) -> 20800000 | S4: 47500 | T4: 512161 | U4: 0 | V4: =SUM(S4:U4) -> 559661 | W4: 0 | X4: 0 | Y4: 30 | Z4: =SUM(W4:Y4) -> 30 | AA4: 0 | AB4: 500 | AC4: 0 | AD4: =SUM(AA4:AC4) -> 500 | AE4: 0 | AF4: 50 | AG4: 0 | AH4: =SUM(AE4:AG4) -> 50 | AJ4: =B4 -> کوهستان وچهل بوستان | AK4: =K4+O4+W4+AA4+AE4 -> 1340000 | AL4: =L4+P4+X4+AB4+AF4 -> 19460550 | AM4: =M4+Q4+Y4+AC4+AG4 -> 30 | AN4: =N4+R4+Z4+AD4+AH4 -> 20800580 | AO4: 1
A5: 2 | B5: کوهستان وچهل بوستان | C5: پیمانی | E5: توسعه 98 با افزایش25% (حاشیه کمربند جنوبی) | J5: 1 | K5: 0 | L5: 0 | M5: 0 | N5: =SUM(K5:M5) -> 0 | O5: 0 | P5: 1340000 | Q5: 0 | R5: =SUM(O5:Q5) -> 1340000 | S5: 0 | T5: 98750 | U5: 0 | V5: =SUM(S5:U5) -> 98750 | W5: 0 | X5: 0 | Y5: 0 | Z5: =SUM(W5:Y5) -> 0 | AA5: 0 | AB5: 3125 | AC5: 0 | AD5: =SUM(AA5:AC5) -> 3125 | AE5: 0 | AF5: 0 | AG5: 0 | AH5: =SUM(AE5:AG5) -> 0 | AJ5: =B5 -> کوهستان وچهل بوستان | AK5: =K5+O5+W5+AA5+AE5 -> 0 | AL5: =L5+P5+X5+AB5+AF5 -> 1343125 | AM5: =M5+Q5+Y5+AC5+AG5 -> 0 | AN5: =N5+R5+Z5+AD5+AH5 -> 1343125 | AO5: 1
A6: 3 | B6: کوهستان وچهل بوستان | C6: پیمانی | E6: توسعه 98 (استعلام انتهای لادن) | J6: 1 | K6: 0 | L6: 0 | M6: 0 | N6: =SUM(K6:M6) -> 0 | O6: 0 | P6: =10*10000 -> 100000 | Q6: 0 | R6: =SUM(O6:Q6) -> 100000 | S6: 0 | T6: 3590 | V6: =SUM(S6:U6) -> 3590 | W6: 0 | X6: 0 | Y6: 0 | Z6: =SUM(W6:Y6) -> 0 | AA6: 0 | AB6: 0 | AC6: 0 | AD6: =SUM(AA6:AC6) -> 0 | AE6: 0 | AF6: 0 | AG6: 0 | AH6: =SUM(AE6:AG6) -> 0 | AJ6: =B6 -> کوهستان وچهل بوستان | AK6: =K6+O6+W6+AA6+AE6 -> 0 | AL6: =L6+P6+X6+AB6+AF6 -> 100000 | AM6: =M6+Q6+Y6+AC6+AG6 -> 0 | AN6: =N6+R6+Z6+AD6+AH6 -> 100000 | AO6: 1
A7: 4 | B7: کوهستان وچهل بوستان | C7: پیمانی | D7: توسعه | E7: اراضی منابع طبیعی-ملی | J7: 1 | K7: 0 | L7: 0 | M7: 0 | N7: =SUM(K7:M7) -> 0 | O7: 0 | P7: 2500000 | Q7: 0 | R7: =SUM(O7:Q7) -> 2500000 | S7: 0 | T7: 81250 | U7: 0 | V7: =SUM(S7:U7) -> 81250 | W7: 0 | X7: 0 | Y7: 0 | Z7: =SUM(W7:Y7) -> 0 | AD7: =SUM(AA7:AC7) -> 0 | AE7: 0 | AF7: 0 | AG7: 0 | AH7: =SUM(AE7:AG7) -> 0 | AJ7: =B7 -> کوهستان وچهل بوستان | AK7: =K7+O7+W7+AA7+AE7 -> 0 | AL7: =L7+P7+X7+AB7+AF7 -> 2500000 | AM7: =M7+Q7+Y7+AC7+AG7 -> 0 | AN7: =N7+R7+Z7+AD7+AH7 -> 2500000 | AO7: 1
A8: 5 | B8: کوهستان وچهل بوستان | C8: پیمانی | E8: اراضی قهوه خانه وکوهسنگی | J8: 1 | K8: 0 | L8: 0 | M8: 0 | N8: =SUM(K8:M8) -> 0 | O8: 0 | P8: 2500000 | Q8: 0 | R8: =SUM(O8:Q8) -> 2500000 | S8: 0 | T8: 81250 | U8: 0 | V8: =SUM(S8:U8) -> 81250 | W8: 0 | X8: 0 | Y8: 0 | Z8: =SUM(W8:Y8) -> 0 | AA8: 0 | AB8: 375 | AC8: 0 | AD8: =SUM(AA8:AC8) -> 375 | AE8: 0 | AF8: 0 | AG8: 0 | AH8: =SUM(AE8:AG8) -> 0 | AJ8: =B8 -> کوهستان وچهل بوستان | AK8: =K8+O8+W8+AA8+AE8 -> 0 | AL8: =L8+P8+X8+AB8+AF8 -> 2500375 | AM8: =M8+Q8+Y8+AC8+AG8 -> 0 | AN8: =N8+R8+Z8+AD8+AH8 -> 2500375 | AO8: 1
A9: 6 | B9: کوهستان وچهل بوستان | C9: پیمانی | E9: اراضی آبشر | J9: 1 | K9: 0 | L9: 0 | M9: 0 | N9: =SUM(K9:M9) -> 0 | O9: 0 | P9: 1890000 | Q9: 0 | R9: =SUM(O9:Q9) -> 1890000 | S9: 0 | T9: 85000 | U9: 0 | V9: =SUM(S9:U9) -> 85000 | W9: 0 | X9: 0 | Y9: 0 | Z9: =SUM(W9:Y9) -> 0 | AA9: 0 | AB9: 0 | AC9: 0 | AD9: =SUM(AA9:AC9) -> 0 | AE9: 0 | AF9: 0 | AG9: 0 | AH9: =SUM(AE9:AG9) -> 0 | AJ9: =B9 -> کوهستان وچهل بوستان | AK9: =K9+O9+W9+AA9+AE9 -> 0 | AL9: =L9+P9+X9+AB9+AF9 -> 1890000 | AM9: =M9+Q9+Y9+AC9+AG9 -> 0 | AN9: =N9+R9+Z9+AD9+AH9 -> 1890000 | AO9: 1
A10: 7 | B10: کوهستان وچهل بوستان | C10: پیمانی | E10: توسعه 98 (تکمیل آبشر) | J10: 1 | K10: 0 | L10: 0 | M10: 0 | N10: =SUM(K10:M10) -> 0 | O10: 0 | P10: 870000 | Q10: 0 | R10: =SUM(O10:Q10) -> 870000 | S10: 0 | T10: 38400 | U10: 0 | V10: =SUM(S10:U10) -> 38400 | W10: 0 | X10: 0 | Y10: 0 | Z10: 0 | AA10: 0 | AB10: 2500 | AC10: 0 | AD10: =SUM(AA10:AC10) -> 2500 | AE10: 0 | AF10: 0 | AG10: 0 | AH10: =SUM(AE10:AG10) -> 0 | AJ10: =B10 -> کوهستان وچهل بوستان | AK10: =K10+O10+W10+AA10+AE10 -> 0 | AL10: =L10+P10+X10+AB10+AF10 -> 872500 | AM10: =M10+Q10+Y10+AC10+AG10 -> 0 | AN10: =N10+R10+Z10+AD10+AH10 -> 872500 | AO10: 1
A11: 8 | B11: کوهستان وچهل بوستان | C11: پیمانی | E11: توسعه 98 با ابلاغ افزایش25% (حاشیه بلوار نماز) | K11: 0 | L11: 0 | M11: 0 | N11: =SUM(K11:M11) -> 0 | O11: 0 | P11: 340000 | Q11: 0 | R11: =SUM(O11:Q11) -> 340000 | S11: 0 | T11: 15000 | U11: 0 | V11: =SUM(S11:U11) -> 15000 | W11: 0 | X11: 0 | Y11: 0 | Z11: 0 | AA11: 0 | AB11: 0 | AC11: 0 | AD11: =SUM(AA11:AC11) -> 0 | AE11: 0 | AF11: 0 | AG11: 0 | AH11: =SUM(AE11:AG11) -> 0 | AJ11: =B11 -> کوهستان وچهل بوستان | AK11: =K11+O11+W11+AA11+AE11 -> 0 | AL11: =L11+P11+X11+AB11+AF11 -> 340000 | AM11: =M11+Q11+Y11+AC11+AG11 -> 0 | AN11: =N11+R11+Z11+AD11+AH11 -> 340000 | AO11: 1
A12: 9 | B12: کوهستان وچهل بوستان | C12: پیمانی | D12: قرارداد جدید نگهداری | E12: اراضی مینوش ومغان با افزایش 25% | J12: 1 | K12: 0 | L12: 0 | M12: 0 | N12: =SUM(K12:M12) -> 0 | O12: 0 | P12: 1875000 | Q12: 0 | R12: =SUM(O12:Q12) -> 1875000 | S12: 0 | T12: =76350*1.25 -> 95437.5 | U12: 0 | V12: =SUM(S12:U12) -> 95437.5 | W12: 0 | X12: 0 | Y12: 0 | Z12: 0 | AB12: 0 | AC12: 0 | AD12: =SUM(AA12:AC12) -> 0 | AE12: 0 | AF12: 0 | AG12: 0 | AH12: =SUM(AE12:AG12) -> 0 | AJ12: =B12 -> کوهستان وچهل بوستان | AK12: =K12+O12+W12+AA12+AE12 -> 0 | AL12: =L12+P12+X12+AB12+AF12 -> 1875000 | AM12: =M12+Q12+Y12+AC12+AG12 -> 0 | AN12: =N12+R12+Z12+AD12+AH12 -> 1875000 | AO12: 1
A13: 10 | B13: کوهستان وچهل بوستان | C13: پیمانی | E13: اراضی مینوش ومغان(ترک تشریفات) | J13: 1 | K13: 0 | L13: 0 | M13: 0 | N13: =SUM(K13:M13) -> 0 | O13: 0 | P13: 1000000 | Q13: 0 | R13: =SUM(O13:Q13) -> 1000000 | S13: 0 | T13: 58000 | U13: 0 | V13: =SUM(S13:U13) -> 58000 | W13: 0 | X13: 0 | Y13: 0 | Z13: =SUM(W13:Y13) -> 0 | AB13: 0 | AC13: 0 | AD13: =SUM(AA13:AC13) -> 0 | AE13: 0 | AF13: 0 | AG13: 0 | AH13: =SUM(AE13:AG13) -> 0 | AJ13: =B13 -> کوهستان وچهل بوستان | AK13: =K13+O13+W13+AA13+AE13 -> 0 | AL13: =L13+P13+X13+AB13+AF13 -> 1000000 | AM13: =M13+Q13+Y13+AC13+AG13 -> 0 | AN13: =N13+R13+Z13+AD13+AH13 -> 1000000 | AO13: 1
A14: 15 | B14: سوران و و یرانی | C14: پیمانی | D14: بزرگراه آسیایی بعد از نیروگاه توس | E14: بزرگراه آسیایی بعد از نیروگاه توس | J14: 1 | K14: 0 | L14: 0 | M14: 0 | N14: =SUM(K14:M14) -> 0 | O14: 1100000 | P14: 950000 | Q14: 0 | R14: =SUM(O14:Q14) -> 2050000 | S14: 38000 | T14: 19000 | U14: 0 | V14: =SUM(S14:U14) -> 57000 | W14: 0 | X14: 0 | Y14: 0 | Z14: =SUM(W14:Y14) -> 0 | AA14: 0 | AB14: 0 | AC14: 0 | AD14: =SUM(AA14:AC14) -> 0 | AE14: 0 | AF14: 0 | AG14: 0 | AH14: =SUM(AE14:AG14) -> 0 | AJ14: =B14 -> سوران و و یرانی | AK14: =K14+O14+W14+AA14+AE14 -> 1100000 | AL14: =L14+P14+X14+AB14+AF14 -> 950000 | AM14: =M14+Q14+Y14+AC14+AG14 -> 0 | AN14: =N14+R14+Z14+AD14+AH14 -> 2050000 | AO14: 2
A15: 16 | B15: جزایر میانی بهشت رضا(ع) | C15: پیمانی | D15: حد فاصل مسیر رفت و برگشت جاده بهشت رضا (ع) | E15: حدفاصل مسیر رفت‌وبرگشت جاده بهشت رضا(ع) | J15: 1 | K15: 0 | L15: 0 | M15: 0 | N15: 0 | O15: 350000 | P15: 0 | Q15: 500000 | R15: =SUM(O15:Q15) -> 850000 | S15: 27000 | T15: 0 | U15: 23100 | V15: =SUM(S15:U15) -> 50100 | W15: 0 | X15: 0 | Y15: 0 | Z15: =SUM(W15:Y15) -> 0 | AA15: 0 | AB15: 0 | AC15: 0 | AD15: =SUM(AA15:AC15) -> 0 | AE15: 0 | AF15: 0 | AG15: 0 | AH15: =SUM(AE15:AG15) -> 0 | AJ15: =B15 -> جزایر میانی بهشت رضا(ع) | AK15: =K15+O15+W15+AA15+AE15 -> 350000 | AL15: =L15+P15+X15+AB15+AF15 -> 0 | AM15: =M15+Q15+Y15+AC15+AG15 -> 500000 | AN15: =N15+R15+Z15+AD15+AH15 -> 850000 | AO15: 3
A16: 17 | B16: جزایر میانی بهشت رضا(ع) | D16: توسعه سال 98جاده بهشت رضا (ع) | E16: توسعه سال 98جاده بهشت رضا (ع) | Q16: =U16*Q15/U15 -> 86580.087 | R16: =SUM(O16:Q16) -> 86580.087 | U16: 4000 | V16: =SUM(S16:U16) -> 4000 | AJ16: =B16 -> جزایر میانی بهشت رضا(ع) | AK16: =K16+O16+W16+AA16+AE16 -> 0 | AL16: =L16+P16+X16+AB16+AF16 -> 0 | AM16: =M16+Q16+Y16+AC16+AG16 -> 86580.087 | AN16: =N16+R16+Z16+AD16+AH16 -> 86580.087 | AO16: 3
A17: جمع کل | B17: جمع کل | C17: جمع کل | D17: جمع کل | E17: جمع کل | F17: =SUM(F4:F13) -> 0 | G17: =SUM(G4:G13) -> 0 | H17: =SUM(H4:H13) -> 0 | I17: =SUM(I4:I13) -> 0 | J17: =SUM(J4:J15) -> 11 | K17: =SUM(K4:K13) -> 0 | L17: =SUM(L4:L13) -> 0 | M17: =SUM(M4:M13) -> 0 | N17: =SUM(N4:N13) -> 0 | O17: =SUM(O4:O16) -> 2790000 | P17: =SUM(P4:P16) -> 32825000 | Q17: =SUM(Q4:Q16) -> 586580.09 | R17: =SUM(R4:R16) -> 36201580 | S17: =SUM(S4:S16) -> 112500 | T17: =SUM(T4:T16) -> 1087838.5 | U17: =SUM(U4:U16) -> 27100 | V17: =SUM(V4:V16) -> 1227438.5 | W17: =SUM(W4:W13) -> 0 | X17: =SUM(X4:X13) -> 0 | Y17: =SUM(Y4:Y13) -> 30 | Z17: =SUM(Z4:Z13) -> 30 | AA17: =SUM(AA4:AA13) -> 0 | AB17: =SUM(AB4:AB13) -> 6500 | AC17: =SUM(AC4:AC13) -> 0 | AD17: =SUM(AD4:AD13) -> 6500 | ... AI17: =SUM(AI4:AI13) -> 0 | AK17: =SUM(AK4:AK16) -> 2790000 | AL17: =SUM(AL4:AL16) -> 32831550 | AM17: =SUM(AM4:AM16) -> 586610.09 | AN17: =SUM(AN4:AN16) -> 36208160
E19: نگهداری قدیم -زون 1 الی11_2 | R19: =R5+R6 -> 1440000 | V19: =V5+V6 -> 102340
E20: اراضی آبشر_2 | R20: =R10+R11 -> 1210000 | V20: =V10+V11 -> 53400
B21: کوهستان وچهل بوستان | C21: پیمانی | E21: =[4]ک_ج!D10 -> اراضی مینوش ومغان | R21: =R12+R13 -> 2875000 | V21: =V12+V13 -> 153437.5
E23: مترمربع هر درخت | O23: مساحت هر درخت | R23: مترمربع هر درخت | T23: منطقه | V23: وسعت؛ هکتار
E24: =SUMPRODUCT(R24:R26,R4:R6)/SUM(R4:R6) -> 35.701808 | O24: =IF(S4=0,"-",O4/S4) -> 28.210526 | P24: =IF(T4=0,"-",P4/T4) -> 37.995865 | Q24: =IF(U4=0,"-",Q4/U4) -> - | R24: =IF(V4=0,"-",R4/V4) -> 37.165355 | S24: =E4 -> نگهداری قدیم -زون 1 الی11 | V24: =AN4/10000 -> 2080.058
O25: =IF(S5=0,"-",O5/S5) -> - | P25: =IF(T5=0,"-",P5/T5) -> 13.56962 | Q25: =IF(U5=0,"-",Q5/U5) -> - | R25: =IF(V5=0,"-",R5/V5) -> 13.56962 | S25: =E5 -> توسعه 98 با افزایش25% (حاشیه کمربند جنوبی) | V25: =AN5/10000 -> 134.3125
O26: =IF(S6=0,"-",O6/S6) -> - | P26: =IF(T6=0,"-",P6/T6) -> 27.855153 | Q26: =IF(U6=0,"-",Q6/U6) -> - | R26: =IF(V6=0,"-",R6/V6) -> 27.855153 | S26: =E6 -> توسعه 98 (استعلام انتهای لادن) | V26: =AN6/10000 -> 10
E27: =R27 -> 30.769231 | O27: =IF(S7=0,"-",O7/S7) -> - | P27: =IF(T7=0,"-",P7/T7) -> 30.769231 | Q27: =IF(U7=0,"-",Q7/U7) -> - | R27: =IF(V7=0,"-",R7/V7) -> 30.769231 | S27: =E7 -> اراضی منابع طبیعی-ملی | V27: =AN7/10000 -> 250
E28: =R28 -> 30.769231 | O28: =IF(S8=0,"-",O8/S8) -> - | P28: =IF(T8=0,"-",P8/T8) -> 30.769231 | Q28: =IF(U8=0,"-",Q8/U8) -> - | R28: =IF(V8=0,"-",R8/V8) -> 30.769231 | S28: =E8 -> اراضی قهوه خانه وکوهسنگی | V28: =AN8/10000 -> 250.0375
E29: =SUMPRODUCT(R29:R31,R9:R11)/SUM(R9:R11) -> 22.400745 | O29: =IF(S9=0,"-",O9/S9) -> - | P29: =IF(T9=0,"-",P9/T9) -> 22.235294 | Q29: =IF(U9=0,"-",Q9/U9) -> - | R29: =IF(V9=0,"-",R9/V9) -> 22.235294 | S29: =E9 -> اراضی آبشر | V29: =AN9/10000 -> 189
O30: =IF(S10=0,"-",O10/S10) -> - | P30: =IF(T10=0,"-",P10/T10) -> 22.65625 | Q30: =IF(U10=0,"-",Q10/U10) -> - | R30: =IF(V10=0,"-",R10/V10) -> 22.65625 | S30: =E10 -> توسعه 98 (تکمیل آبشر) | V30: =AN10/10000 -> 87.25
O31: =IF(S11=0,"-",O11/S11) -> - | P31: =IF(T11=0,"-",P11/T11) -> 22.666667 | Q31: =IF(U11=0,"-",Q11/U11) -> - | R31: =IF(V11=0,"-",R11/V11) -> 22.666667 | S31: =E11 -> توسعه 98 با ابلاغ افزایش25% (حاشیه بلوار نماز) | V31: =AN11/10000 -> 34
B32: =C32/8.64/0.8 -> 0.28935185 | C32: 2 | E32: =SUMPRODUCT(R32:R33,R12:R13)/SUM(R12:R13) -> 18.809849 | O32: =IF(S12=0,"-",O12/S12) -> - | P32: =IF(T12=0,"-",P12/T12) -> 19.646365 | Q32: =IF(U12=0,"-",Q12/U12) -> - | R32: =IF(V12=0,"-",R12/V12) -> 19.646365 | S32: =E12 -> اراضی مینوش ومغان با افزایش 25% | V32: =AN12/10000 -> 187.5
B33: =C33/8.64/0.8 -> 0.43402778 | C33: 3 | O33: =IF(S13=0,"-",O13/S13) -> - | P33: =IF(T13=0,"-",P13/T13) -> 17.241379 | Q33: =IF(U13=0,"-",Q13/U13) -> - | R33: =IF(V13=0,"-",R13/V13) -> 17.241379 | S33: =E13 -> اراضی مینوش ومغان(ترک تشریفات) | V33: =AN13/10000 -> 100
E34: =R34 -> 35.964912 | O34: =IF(S14=0,"-",O14/S14) -> 28.947368 | P34: =IF(T14=0,"-",P14/T14) -> 50 | Q34: =IF(U14=0,"-",Q14/U14) -> - | R34: =IF(V14=0,"-",R14/V14) -> 35.964912 | S34: =E14 -> بزرگراه آسیایی بعد از نیروگاه توس | V34: =AN14/10000 -> 205
E35: =SUMPRODUCT(R35:R36,R15:R16)/SUM(R15:R16) -> 17.398603 | O35: =IF(S15=0,"-",O15/S15) -> 12.962963 | P35: =IF(T15=0,"-",P15/T15) -> - | Q35: =IF(U15=0,"-",Q15/U15) -> 21.645022 | R35: =IF(V15=0,"-",R15/V15) -> 16.966068 | S35: =E15 -> حدفاصل مسیر رفت‌وبرگشت جاده بهشت رضا(ع) | V35: =AN15/10000 -> 85
O36: =IF(S16=0,"-",O16/S16) -> - | P36: =IF(T16=0,"-",P16/T16) -> - | Q36: =IF(U16=0,"-",Q16/U16) -> 21.645022 | R36: =IF(V16=0,"-",R16/V16) -> 21.645022 | S36: =E16 -> توسعه سال 98جاده بهشت رضا (ع) | V36: =AN16/10000 -> 8.6580087
A37: =A16 -> 17 | B37: =D16 -> توسعه سال 98جاده بهشت رضا (ع) | C37: =C16 -> 0 | D37: =D16 -> توسعه سال 98جاده بهشت رضا (ع) | E37: =E17 -> جمع کل | O37: =IF(S17=0,"-",O17/S17) -> 24.8 | P37: =IF(T17=0,"-",P17/T17) -> 30.174516 | Q37: =IF(U17=0,"-",Q17/U17) -> 21.645022 | R37: =IF(V17=0,"-",R17/V17) -> 29.4936 | V37: =AN17/10000 -> 3620.816
A38: =A17 -> جمع کل | B38: =B17 -> جمع کل | C38: =C17 -> جمع کل | D38: =D17 -> جمع کل
O39: =IF(S19=0,"-",O19/S19) -> - | P39: =IF(T19=0,"-",P19/T19) -> - | Q39: =IF(U19=0,"-",Q19/U19) -> - | R39: =IF(V19=0,"-",R19/V19) -> 14.070745 | S39: =E19 -> نگهداری قدیم -زون 1 الی11_2 | V39: =AN19/10000 -> 0
D40: =D14 -> بزرگراه آسیایی بعد از نیروگاه توس | O40: =IF(S20=0,"-",O20/S20) -> - | P40: =IF(T20=0,"-",P20/T20) -> - | Q40: =IF(U20=0,"-",Q20/U20) -> - | R40: =IF(V20=0,"-",R20/V20) -> 22.659176 | S40: =E20 -> اراضی آبشر_2 | V40: =AN20/10000 -> 0
D41: =D15 -> حد فاصل مسیر رفت و برگشت جاده بهشت رضا (ع) | O41: =IF(S21=0,"-",O21/S21) -> - | P41: =IF(T21=0,"-",P21/T21) -> - | Q41: =IF(U21=0,"-",Q21/U21) -> - | R41: =IF(V21=0,"-",R21/V21) -> 18.737271 | S41: =E21 -> اراضی مینوش ومغان | V41: =AN21/10000 -> 0
A44: 11 | B44: کوهستان وچهل بوستان | C44: پیمانی | D44: پیش بینی توسعه 99-1400 (حدود 100 تا 150 هزار اصله در سال) | E44: اراضی معجونی | J44: 1 | K44: 0 | L44: 0 | M44: 0 | N44: =SUM(K44:M44) -> 0 | O44: 0 | P44: 3000000 | Q44: 0 | R44: =SUM(O44:Q44) -> 3000000 | S44: 0 | T44: 120000 | V44: =SUM(S44:U44) -> 120000 | W44: 0 | X44: 0 | Y44: 0 | Z44: =SUM(W44:Y44) -> 0 | AB44: 5000 | AC44: 0 | AD44: =SUM(AA44:AC44) -> 5000 | AE44: 0 | AF44: 0 | AG44: 0 | AH44: =SUM(AE44:AG44) -> 0 | AK44: =K44+O44+W44+AA44+AE44 -> 0 | AL44: =L44+P44+X44+AB44+AF44 -> 3005000 | AM44: =M44+Q44+Y44+AC44+AG44 -> 0 | AN44: =N44+R44+Z44+AD44+AH44 -> 3005000
A45: 12 | B45: کوهستان وچهل بوستان | C45: پیمانی | E45: باغ عنبر | J45: 1 | K45: 0 | L45: 0 | M45: 0 | N45: =SUM(K45:M45) -> 0 | O45: 0 | P45: 340000 | Q45: 0 | R45: =SUM(O45:Q45) -> 340000 | S45: 0 | T45: 15000 | V45: =SUM(S45:U45) -> 15000 | W45: 0 | X45: 0 | Y45: 0 | Z45: =SUM(W45:Y45) -> 0 | AB45: 0 | AC45: 0 | AD45: =SUM(AA45:AC45) -> 0 | AE45: 0 | AF45: 0 | AG45: 0 | AH45: =SUM(AE45:AG45) -> 0 | AK45: =K45+O45+W45+AA45+AE45 -> 0 | AL45: =L45+P45+X45+AB45+AF45 -> 340000 | AM45: =M45+Q45+Y45+AC45+AG45 -> 0 | AN45: =N45+R45+Z45+AD45+AH45 -> 340000
A46: 13 | B46: کوهستان وچهل بوستان | C46: پیمانی | E46: زکریا | J46: 1 | K46: 0 | L46: 0 | M46: 0 | N46: =SUM(K46:M46) -> 0 | O46: 0 | P46: 2050000 | Q46: 0 | R46: =SUM(O46:Q46) -> 2050000 | S46: 0 | T46: 85000 | V46: =SUM(S46:U46) -> 85000 | W46: 0 | X46: 0 | Y46: 0 | Z46: =SUM(W46:Y46) -> 0 | AB46: 0 | AC46: 0 | AD46: =SUM(AA46:AC46) -> 0 | AE46: 0 | AF46: 0 | AG46: 0 | AH46: =SUM(AE46:AG46) -> 0 | AK46: =K46+O46+W46+AA46+AE46 -> 0 | AL46: =L46+P46+X46+AB46+AF46 -> 2050000 | AM46: =M46+Q46+Y46+AC46+AG46 -> 0 | AN46: =N46+R46+Z46+AD46+AH46 -> 2050000
A47: 14 | B47: کوهستان وچهل بوستان | C47: پیمانی | E47: خلج | J47: 1 | K47: 0 | L47: 0 | M47: 0 | N47: 0 | O47: 0 | P47: 2000000 | Q47: 0 | R47: =SUM(O47:Q47) -> 2000000 | S47: 0 | T47: 55000 | U47: 0 | V47: =SUM(S47:U47) -> 55000 | W47: 0 | X47: 0 | Y47: 0 | Z47: =SUM(W47:Y47) -> 0 | AA47: 0 | AB47: 0 | AC47: 0 | AD47: =SUM(AA47:AC47) -> 0 | AE47: 0 | AF47: 0 | AG47: 0 | AH47: =SUM(AE47:AG47) -> 0 | AK47: =K47+O47+W47+AA47+AE47 -> 0 | AL47: =L47+P47+X47+AB47+AF47 -> 2000000 | AM47: =M47+Q47+Y47+AC47+AG47 -> 0 | AN47: =N47+R47+Z47+AD47+AH47 -> 2000000
D48: =AN48/R37 -> 250732.36 | V48: =SUM(V44:V47) -> 275000 | AK48: =SUM(AK44:AK47) -> 0 | AL48: =SUM(AL44:AL47) -> 7395000 | AM48: =SUM(AM44:AM47) -> 0 | AN48: =SUM(AN44:AN47) -> 7395000
D49: عدد در دو سال | V49: =V48+V17 -> 1502438.5
AM50: =+AN48/AN50 -> 0.1695978 | AN50: =AN48+AN17 -> 43603160
O51: =IF(S44=0,"-",O44/S44) -> - | P51: =IF(T44=0,"-",P44/T44) -> 25 | Q51: =IF(U44=0,"-",Q44/U44) -> - | R51: =IF(V44=0,"-",R44/V44) -> 25 | S51: =E44 -> اراضی معجونی | V51: =AN44 -> 3005000
O52: =IF(S45=0,"-",O45/S45) -> - | P52: =IF(T45=0,"-",P45/T45) -> 22.666667 | Q52: =IF(U45=0,"-",Q45/U45) -> - | R52: =IF(V45=0,"-",R45/V45) -> 22.666667 | S52: =E45 -> باغ عنبر | V52: =AN45 -> 340000
O53: =IF(S46=0,"-",O46/S46) -> - | P53: =IF(T46=0,"-",P46/T46) -> 24.117647 | Q53: =IF(U46=0,"-",Q46/U46) -> - | R53: =IF(V46=0,"-",R46/V46) -> 24.117647 | S53: =E46 -> زکریا | V53: =AN46 -> 2050000
O54: =IF(S47=0,"-",O47/S47) -> - | P54: =IF(T47=0,"-",P47/T47) -> 36.363636 | Q54: =IF(U47=0,"-",Q47/U47) -> - | R54: =IF(V47=0,"-",R47/V47) -> 36.363636 | S54: =E47 -> خلج | V54: =AN47 -> 2000000
V55: =AN48 -> 7395000
V57: =3700*0.056 -> 207.2

Sheet Fig

Sheet ک_ج
A1: ردیف | B1: پارک جنگلی | C1: پیمانی/امانی | D1: آدرس | H1: لکه فضای سبز (باعدد 1 مشخص شود) | M1: مساحت فضای سبز زنده | AQ1: توضیحات | AR1: نگهداری
E2: تطبیق دو بانک اطلاعاتی | H2: لچکی | I2: میدان | J2: بوستان | K2: خیابان | L2: جنگل کاری | M2: چمن (مترمربع) | Q2: درخت و درختچه (اصله) | U2: پرچین (مترمربع) | Y2: گل دائم (مترمربع) | AC2: گل فصل (مترمربع) | AG2: منبع تامین آب (باعدد 1 مشخص شود) | AL2: حجم مصرف سال 96 | AS2: مساحت تحت آبیاری | AV2: مساحت کل فضای سبز
E3: 1398 | F3: =Q2 -> درخت و درختچه (اصله) | M3: تحت فشار | N3: شلنگی | O3: تانکری | P3: جمع کل | Q3: تحت فشار | R3: شلنگی | S3: تانکری | T3: جمع کل | U3: تحت فشار | V3: شلنگی | W3: تانکری | X3: جمع کل | Y3: تحت فشار | Z3: شلنگی | AA3: تانکری | AB3: جمع کل | AC3: تحت فشار | AD3: شلنگی | AE3: تانکری | AF3: جمع کل | AG3: چاه | AH3: انشعاب | AI3: علمی | AJ3: خط نتقال | AK3: سایر منابع | AL3: چاه | AM3: انشعاب | AN3: علمی | AO3: خط انتقال | AP3: سایر منابع | AS3: تحت فشار | AT3: شلنگی | AU3: تانکری
A4: 1 | B4: کوهستان وچهل بوستان | C4: پیمانی | D4: نگهداری قدیم -زون 1 الی11 | E4: =VLOOKUP(D4,[4]ک.ج2!$E$4:$V$20,18,FALSE) -> 559661 | F4: =T4 -> 559661 | G4: =E4-F4 -> 0 | L4: 1 | M4: 0 | N4: 0 | O4: 0 | P4: 0 | Q4: 47500 | R4: 511500 | S4: 661 | T4: =SUM(Q4:S4) -> 559661 | U4: 0 | V4: 0 | W4: 30 | X4: =SUM(U4:W4) -> 30 | Y4: 0 | Z4: 0 | AA4: 500 | AB4: =SUM(Y4:AA4) -> 500 | AC4: 0 | AD4: 50 | AE4: 0 | AF4: =SUM(AC4:AE4) -> 50 | AI4: 1 | AJ4: 1 | AK4: 1 | AL4: 0 | AM4: 0 | AN4: 124613 | AO4: 499053 | AP4: 64563 | AQ4: پروژه نگهداری | AR4: قدیم | AS4: =M4+Q4+U4+Y4+AC4 -> 47500 | AT4: =N4+R4+V4+Z4+AD4 -> 511550 | AU4: =O4+S4+W4+AA4+AE4 -> 1191 | AV4: =P4+T4+X4+AB4+AF4 -> 560241
D5: نگهداری قدیم -زون 1 الی11_2 | E5: =VLOOKUP(D5,[4]ک.ج2!$E$4:$V$20,18,FALSE) -> 102340 | F5: =T5 -> 0 | G5: =E5-F5 -> 102340
A6: 2 | B6: کوهستان وچهل بوستان | C6: پیمانی | D6: اراضی منابع طبیعی-ملی | E6: =VLOOKUP(D6,[4]ک.ج2!$E$4:$V$20,18,FALSE) -> 81250 | F6: =T6 -> 123000 | G6: =E6-F6 -> -41750 | L6: 1 | M6: 0 | N6: 0 | O6: 0 | P6: 0 | Q6: 0 | R6: 123000 | S6: 0 | T6: =SUM(Q6:S6) -> 123000 | U6: 0 | V6: 0 | W6: 0 | X6: =SUM(U6:W6) -> 0 | AB6: =SUM(Y6:AA6) -> 0 | AC6: 0 | AD6: 0 | AE6: 0 | AF6: =SUM(AC6:AE6) -> 0 | AK6: 1 | AL6: 0 | AM6: 0 | AP6: 83052 | AQ6: بند گلستان | AR6: جدید | AS6: =M6+Q6+U6+Y6+AC6 -> 0 | AT6: =N6+R6+V6+Z6+AD6 -> 123000 | AU6: =O6+S6+W6+AA6+AE6 -> 0 | AV6: =P6+T6+X6+AB6+AF6 -> 123000
A7: 3 | B7: کوهستان وچهل بوستان | C7: پیمانی | D7: اراضی قهوه خانه وکوهسنگی | E7: =VLOOKUP(D7,[4]ک.ج2!$E$4:$V$20,18,FALSE) -> 81250 | F7: =T7 -> 81250 | G7: =E7-F7 -> 0 | L7: 1 | M7: 0 | N7: 0 | O7: 0 | P7: 0 | Q7: 0 | R7: 81250 | S7: 0 | T7: =SUM(Q7:S7) -> 81250 | U7: 0 | V7: 0 | W7: 0 | X7: =SUM(U7:W7) -> 0 | Y7: 0 | Z7: 375 | AA7: 0 | AB7: =SUM(Y7:AA7) -> 375 | AC7: 0 | AD7: 0 | AE7: 0 | AF7: =SUM(AC7:AE7) -> 0 | AK7: 1 | AL7: 0 | AM7: 0 | AN7: 0 | AO7: 0 | AP7: 80013 | AQ7: تامین از هفت حوض | AS7: =M7+Q7+U7+Y7+AC7 -> 0 | AT7: =N7+R7+V7+Z7+AD7 -> 81625 | AU7: =O7+S7+W7+AA7+AE7 -> 0 | AV7: =P7+T7+X7+AB7+AF7 -> 81625
A8: 4 | B8: کوهستان وچهل بوستان | C8: پیمانی | D8: اراضی آبشر | E8: =VLOOKUP(D8,[4]ک.ج2!$E$4:$V$20,18,FALSE) -> 85000 | F8: =T8 -> 85000 | G8: =E8-F8 -> 0 | L8: 1 | M8: 0 | N8: 0 | O8: 0 | P8: 0 | Q8: 0 | R8: 85000 | S8: 0 | T8: =SUM(Q8:S8) -> 85000 | U8: 0 | V8: 0 | W8: 0 | X8: =SUM(U8:W8) -> 0 | Y8: 0 | Z8: 0 | AA8: 0 | AB8: =SUM(Y8:AA8) -> 0 | AC8: 0 | AD8: 0 | AE8: 0 | AF8: =SUM(AC8:AE8) -> 0 | AI8: 1 | AN8: 41167 | AQ8: المی نامجو | AS8: =M8+Q8+U8+Y8+AC8 -> 0 | AT8: =N8+R8+V8+Z8+AD8 -> 85000 | AU8: =O8+S8+W8+AA8+AE8 -> 0 | AV8: =P8+T8+X8+AB8+AF8 -> 85000
D9: اراضی آبشر_2 | E9: =VLOOKUP(D9,[4]ک.ج2!$E$4:$V$20,18,FALSE) -> 53400 | F9: =T9 -> 0 | G9: =E9-F9 -> 53400
A10: 5 | B10: کوهستان وچهل بوستان | C10: پیمانی | D10: اراضی مینوش ومغان | E10: =VLOOKUP(D10,[4]ک.ج2!$E$4:$V$20,18,FALSE) -> 153437.5 | F10: =T10 -> 168000 | G10: =E10-F10 -> -14562.5 | L10: 1 | M10: 0 | N10: 0 | O10: 0 | P10: 0 | Q10: 0 | R10: 168000 | S10: 0 | T10: =SUM(Q10:S10) -> 168000 | U10: 0 | V10: 0 | W10: 0 | X10: =SUM(U10:W10) -> 0 | Y10: 0 | Z10: 0 | AA10: 0 | AB10: =SUM(Y10:AA10) -> 0 | AC10: 0 | AD10: 0 | AE10: 0 | AF10: =SUM(AC10:AE10) -> 0 | AK10: 1 | AL10: 0 | AM10: 0 | AN10: 0 | AO10: 0 | AP10: 0 | AR10: توسعه | AS10: =M10+Q10+U10+Y10+AC10 -> 0 | AT10: =N10+R10+V10+Z10+AD10 -> 168000 | AU10: =O10+S10+W10+AA10+AE10 -> 0 | AV10: =P10+T10+X10+AB10+AF10 -> 168000
A11: 6 | B11: سوران و و یرانی | D11: بزرگراه آسیایی بعد از نیروگاه توس | E11: =VLOOKUP(D11,[4]ک.ج2!$E$4:$V$20,18,FALSE) -> 57000 | F11: =T11 -> 57000 | G11: =E11-F11 -> 0 | L11: 1 | M11: 0 | N11: 0 | O11: 0 | P11: 0 | Q11: 38000 | R11: 19000 | S11: 0 | T11: =SUM(Q11:S11) -> 57000 | U11: 0 | V11: 0 | W11: 0 | X11: =SUM(U11:W11) -> 0 | Y11: 0 | Z11: 0 | AA11: 0 | AB11: =SUM(Y11:AA11) -> 0 | AC11: 0 | AD11: 0 | AE11: 0 | AF11: =SUM(AC11:AE11) -> 0 | AI11: 1 | AL11: 0 | AM11: 0 | AN11: 131795 | AO11: 0 | AP11: 0 | AQ11: المی نمایشگاه | AS11: =M11+Q11+U11+Y11+AC11 -> 38000 | AT11: =N11+R11+V11+Z11+AD11 -> 19000 | AU11: =O11+S11+W11+AA11+AE11 -> 0 | AV11: =P11+T11+X11+AB11+AF11 -> 57000
A12: 7 | B12: جزایر میانی بهشت رضا(ع) | D12: حد فاصل مسیر رفت و برگشت جاده بهشت رضا (ع) | E12: =VLOOKUP(D12,[4]ک.ج2!$E$4:$V$20,18,FALSE) -> 50100 | F12: =T12 -> 50100 | G12: =E12-F12 -> 0 | L12: 1 | M12: 0 | N12: 0 | O12: 0 | P12: 0 | Q12: 27000 | R12: 0 | S12: 23100 | T12: =SUM(Q12:S12) -> 50100 | U12: 0 | V12: 0 | W12: 0 | X12: =SUM(U12:W12) -> 0 | Y12: 0 | Z12: 0 | AA12: 0 | AB12: =SUM(Y12:AA12) -> 0 | AC12: 0 | AD12: 0 | AE12: 0 | AF12: =SUM(AC12:AE12) -> 0 | AI12: 1 | AL12: 0 | AM12: 0 | AN12: 200717 | AO12: 0 | AP12: 0 | AQ12: المی اباصلت | AS12: =M12+Q12+U12+Y12+AC12 -> 27000 | AT12: =N12+R12+V12+Z12+AD12 -> 0 | AU12: =O12+S12+W12+AA12+AE12 -> 23100 | AV12: =P12+T12+X12+AB12+AF12 -> 50100
D13: توسعه سال 98جاده بهشت رضا (ع) | E13: =VLOOKUP(D13,[4]ک.ج2!$E$4:$V$20,18,FALSE) -> 4000 | F13: =T13 -> 0 | G13: =E13-F13 -> 4000
D14: جمع کل | E14: =VLOOKUP(D14,[4]ک.ج2!$E$4:$V$20,18,FALSE) -> 1227438.5 | F14: =T14 -> 1124011 | G14: =E14-F14 -> 103427.5 | H14: =SUM(H4:H12) -> 0 | I14: =SUM(I4:I12) -> 0 | J14: =SUM(J4:J12) -> 0 | K14: =SUM(K4:K12) -> 0 | L14: =SUM(L4:L12) -> 7 | M14: =SUM(M4:M12) -> 0 | N14: =SUM(N4:N12) -> 0 | O14: =SUM(O4:O12) -> 0 | ... AP14: =SUM(AP4:AP12) -> 227628 | AS14: =M14+Q14+U14+Y14+AC14 -> 112500 | AT14: =N14+R14+V14+Z14+AD14 -> 988175 | AU14: =O14+S14+W14+AA14+AE14 -> 24291 | AV14: =P14+T14+X14+AB14+AF14 -> 1124966
Q15: مساحت زنده درخت و درختچه (متر مربع)
