Workbook
Name çسçر76: [3]çسçرءهآس!$C$2:$J$39
Name çسçر76: [4]çسçرءهآس!$C$2:$J$39
Name Spots: #REF!
Name Spots: #REF!
Name بسوآهè: [3]çسçرءهآس!$CY$83:$DD$97
Name بسوآهè: [4]çسçرءهآس!$CY$83:$DD$97
Name مشآسطçسçرهآèآوè: [3]çسçرءهآس!$T$6:$AA$23
Name مشآسطçسçرهآèآوè: [4]çسçرءهآس!$T$6:$AA$23

Sheet Shahrdary
C2: برآورد آب موردنیاز آبیاری و خدمات شهری در مناطق شهری | Y2: 0.7 | Z2: 0.3
B3: منطقه | C3: سطح کاربری فضای سبز؛ هکتار | G3: توسعهء تکمیلی فضای سبز | H3: سهم فضاهای سبز متفرقه | I3: فضای سبز مبنای طراحی؛ هکتار | J3: نیاز آبیاری ماه اوج؛ لیتردرثانیه | Q3: نیاز آبیاری؛ هزارمترمکعب | T3: ظرفیت واحد ماه اوج | W3: ظرفیت واحد توسعه | X3: لیتردرثانیه درهکتار | AB3: نیاز آبیاری ماه اوج؛ هزارمترمکعب | AD3: اولیه
C4: وضعِ موجود | D4: درحال توسعه‌ | E4: طرح تفصیلی | F4: پهنه‌های ‌توسعه‌نیافته | J4: وضع موجود | K4: درحال توسعه‌ | L4: طرح تفصیلی | M4: پهنه‌های ‌توسعه‌نیافته | N4: توسعه متفرقه و تکمیلی | O4: خدمات غیرآبیاری | P4: مبنای طراحی | Q4: ماه اوج | R4: سالانه | S4: سهم ماه اوج نسبت به سال | T4: لیتردرثانیه درهکتار | U4: مترمکعب در هکتار | X4: برآیند | Y4: بوستان | Z4: معابر | AA4: جنگل | AC4: مترمکعب در هکتار | AD4: طرح تفصیلی؛ هکتار | AE4: سطوح اضافه‌شده دستی؛ هکتار | AG4: ='[5]Total(forecast)'!$AB$2 -> مجموع مساحت سال 1399 | AH4: نیاز واحد (مترمکعب در هکتار)
C5: بر اساس ارقام خروجی از نرم‌افزار | R5: =HydroM.!K1 -> 0.23
B6: =B34 -> 1 | C6: =HydroM.!W5 -> 54.5911 | D6: =D34 -> 1.1533 | E6: =E34 -> 10.3858 | F6: =F34 -> 0 | G6: 0.1 | H6: 0.05 | I6: =SUM(C6:F6)*(1+G6)*(1+H6) -> 76.380381 | J6: =HydroM.!X5*1000/31/24/3600*1000 -> 63.245714 | K6: =D6*$X6 -> 1.3361387 | L6: =E6*$X6 -> 12.032316 | M6: =F6*$X6 -> 0 | N6: =SUM(J6:M6)*(H6+G6) -> 11.492125 | O6: 0.05 | P6: =SUM(J6:M6)*(1+H6)*(1+O6)*(1+G6) -> 92.913833 | Q6: =P6*3600*24*31/1000/1000 -> 248.86041 | R6: =Q6/$R$5 -> 1082.0018 | S6: =S34 -> 0.23331163 | T6: =P6/I6 -> 1.216462 | U6: =R6*1000/I6 -> 14165.965 | X6: =HydroM.!Z5 -> 1.1585353 | AB6: =J6*3600*24*31/1000/1000 -> 169.39732 | AC6: =R6*1000*(1-O6)/I6 -> 13457.666 | AD6: 23.8 | AG6: 424230 | AH6: 19688.197 | AJ6: =(AG6/10000)-#REF!+AE6 -> #REF! | AK6: =(AH6)-#REF! -> #REF! | AL6: =#REF!-I6 -> #REF! | AM6: =#REF!-P6 -> #REF!
B7: =B35 -> 2 | C7: =HydroM.!W6 -> 142.6064 | D7: =D35 -> 30 | E7: =E35 -> 115.27416 | F7: =F35 -> 0 | G7: =G6 -> 0.1 | H7: =H6 -> 0.05 | I7: =SUM(C7:F7)*(1+G7)*(1+H7) -> 332.50205 | J7: =HydroM.!X6*1000/31/24/3600*1000 -> 140.66792 | K7: =D7*$X7 -> 29.592203 | L7: =E7*$X7 -> 113.70722 | M7: =F7*$X7 -> 0 | N7: =SUM(J7:M7)*(H7+G7) -> 42.595101 | O7: =O6 -> 0.05 | P7: =SUM(J7:M7)*(1+H7)*(1+O7)*(1+G7) -> 344.38139 | Q7: =P7*3600*24*31/1000/1000 -> 922.39112 | R7: =Q7/$R$5 -> 4010.3962 | S7: =S35 -> 0.23069006 | T7: =P7/I7 -> 1.0357271 | U7: =R7*1000/I7 -> 12061.267 | X7: =HydroM.!Z6 -> 0.98640678 | AB7: =J7*3600*24*31/1000/1000 -> 376.76496 | AC7: =R7*1000*(1-O7)/I7 -> 11458.204 | AD7: 180.83485 | AG7: 1290044 | AH7: 15184.222 | AJ7: =(AG7/10000)-#REF!+AE7 -> #REF! | AK7: =(AH7)-#REF! -> #REF! | AL7: =#REF!-I7 -> #REF! | AM7: =#REF!-P7 -> #REF!
B8: =B36 -> 3 | C8: =HydroM.!W7 -> 110.974 | D8: =D36 -> 0 | E8: =E36 -> 147.78486 | F8: =F36 -> 10 | G8: =G7 -> 0.1 | H8: =H7 -> 0.05 | I8: =SUM(C8:F8)*(1+G8)*(1+H8) -> 310.41649 | J8: =HydroM.!X7*1000/31/24/3600*1000 -> 113.18459 | K8: =D8*$X8 -> 0 | L8: =E8*$X8 -> 150.72872 | M8: =F8*$X8 -> 10.199199 | N8: =SUM(J8:M8)*(H8+G8) -> 41.116876 | O8: =O7 -> 0.05 | P8: =SUM(J8:M8)*(1+H8)*(1+O8)*(1+G8) -> 332.42994 | Q8: =P8*3600*24*31/1000/1000 -> 890.38035 | R8: =Q8/$R$5 -> 3871.2189 | S8: =S36 -> 0.22978589 | T8: =P8/I8 -> 1.0709159 | U8: =R8*1000/I8 -> 12471.048 | X8: =HydroM.!Z7 -> 1.0199199 | AB8: =J8*3600*24*31/1000/1000 -> 303.1536 | AC8: =R8*1000*(1-O8)/I8 -> 11847.496 | AD8: 271.3 | AG8: 1036659 | AH8: 14878.665 | AJ8: =(AG8/10000)-#REF!+AE8 -> #REF! | AK8: =(AH8)-#REF! -> #REF! | AL8: =#REF!-I8 -> #REF! | AM8: =#REF!-P8 -> #REF!
B9: =B37 -> 4 | C9: =HydroM.!W8 -> 67.196 | D9: =D37 -> 13.375275 | E9: =E37 -> 67.0136 | F9: =F37 -> 0 | G9: =G8 -> 0.1 | H9: =H8 -> 0.05 | I9: =SUM(C9:F9)*(1+G9)*(1+H9) -> 170.46053 | J9: =HydroM.!X8*1000/31/24/3600*1000 -> 65.710576 | K9: =D9*$X9 -> 13.079603 | L9: =E9*$X9 -> 65.532208 | M9: =F9*$X9 -> 0 | N9: =SUM(J9:M9)*(H9+G9) -> 21.648358 | O9: =O8 -> 0.05 | P9: =SUM(J9:M9)*(1+H9)*(1+O9)*(1+G9) -> 175.02698 | Q9: =P9*3600*24*31/1000/1000 -> 468.79225 | R9: =Q9/$R$5 -> 2038.2272 | S9: =S37 -> 0.22871257 | T9: =P9/I9 -> 1.0267889 | U9: =R9*1000/I9 -> 11957.18 | X9: =HydroM.!Z8 -> 0.97789416 | AB9: =J9*3600*24*31/1000/1000 -> 175.99921 | AC9: =R9*1000*(1-O9)/I9 -> 11359.321 | AD9: 117.5 | AG9: 516710 | AH9: 17309.18 | AJ9: =(AG9/10000)-#REF!+AE9 -> #REF! | AK9: =(AH9)-#REF! -> #REF! | AL9: =#REF!-I9 -> #REF! | AM9: =#REF!-P9 -> #REF!
B10: =B38 -> 5 | C10: =HydroM.!W9 -> 73.1793 | D10: =D38 -> 81.644 | E10: =E38 -> 47.1736 | F10: =F38 -> 23.8 | G10: =G9 -> 0.1 | H10: =H9 -> 0.05 | I10: =SUM(C10:F10)*(1+G10)*(1+H10) -> 260.79542 | J10: =HydroM.!X9*1000/31/24/3600*1000 -> 66.019846 | K10: =D10*$X10 -> 73.656407 | L10: =E10*$X10 -> 42.558398 | M10: =F10*$X10 -> 21.471541 | N10: =SUM(J10:M10)*(H10+G10) -> 30.555929 | O10: =O9 -> 0.05 | P10: =SUM(J10:M10)*(1+H10)*(1+O10)*(1+G10) -> 247.04468 | Q10: =P10*3600*24*31/1000/1000 -> 661.68448 | R10: =Q10/$R$5 -> 2876.889 | S10: =S38 -> 0.23050106 | T10: =P10/I10 -> 0.94727386 | U10: =R10*1000/I10 -> 11031.21 | X10: =HydroM.!Z9 -> 0.90216558 | AB10: =J10*3600*24*31/1000/1000 -> 176.82755 | AC10: =R10*1000*(1-O10)/I10 -> 10479.65 | AD10: 96 | AG10: 452492 | AH10: 20353.955 | AJ10: =(AG10/10000)-#REF!+AE10 -> #REF! | AK10: =(AH10)-#REF! -> #REF! | AL10: =#REF!-I10 -> #REF! | AM10: =#REF!-P10 -> #REF!
B11: =B39 -> 6 | C11: =HydroM.!W10 -> 89.3827 | D11: =D39 -> 5.6 | E11: =E39 -> 150.22809 | F11: =F39 -> 0 | G11: =G10 -> 0.1 | H11: =H10 -> 0.05 | I11: =SUM(C11:F11)*(1+G11)*(1+H11) -> 283.21846 | J11: =HydroM.!X10*1000/31/24/3600*1000 -> 96.05445 | K11: =D11*$X11 -> 6.0179981 | L11: =E11*$X11 -> 161.44149 | M11: =F11*$X11 -> 0 | N11: =SUM(J11:M11)*(H11+G11) -> 39.527091 | O11: =O10 -> 0.05 | P11: =SUM(J11:M11)*(1+H11)*(1+O11)*(1+G11) -> 319.57653 | Q11: =P11*3600*24*31/1000/1000 -> 855.95378 | R11: =Q11/$R$5 -> 3721.5382 | S11: =S39 -> 0.22870889 | T11: =P11/I11 -> 1.1283746 | U11: =R11*1000/I11 -> 13140.168 | X11: =HydroM.!Z10 -> 1.0746425 | Y11: 0.9056387 | Z11: 1.4135314 | AA11: 0.20284312 | AB11: =J11*3600*24*31/1000/1000 -> 257.27224 | AC11: =R11*1000*(1-O11)/I11 -> 12483.16 | AD11: 187.6 | AG11: 784996 | AH11: 16722.498 | AJ11: =(AG11/10000)-#REF!+AE11 -> #REF! | AK11: =(AH11)-#REF! -> #REF! | AL11: =#REF!-I11 -> #REF! | AM11: =#REF!-P11 -> #REF!
B12: =B40 -> 7 | C12: =HydroM.!W11 -> 527.73968 | D12: =D40 -> 0 | E12: =E40 -> 285.43951 | F12: =F40 -> 0 | G12: =G11 -> 0.1 | H12: =H11 -> 0.05 | I12: =SUM(C12:F12)*(1+G12)*(1+H12) -> 939.22196 | J12: =HydroM.!X11*1000/31/24/3600*1000 -> 320.79475 | K12: =D12*$X12 -> 0 | L12: =E12*$X12 -> 173.50883 | M12: =F12*$X12 -> 0 | N12: =SUM(J12:M12)*(H12+G12) -> 74.145537 | O12: =O11 -> 0.05 | P12: =SUM(J12:M12)*(1+H12)*(1+O12)*(1+G12) -> 599.46666 | Q12: =P12*3600*24*31/1000/1000 -> 1605.6115 | R12: =Q12/$R$5 -> 6980.9196 | S12: =S40 -> 0.23620973 | T12: =P12/I12 -> 0.63825878 | U12: =R12*1000/I12 -> 7432.6623 | X12: =HydroM.!Z11 -> 0.60786551 | AB12: =J12*3600*24*31/1000/1000 -> 859.21665 | AC12: =R12*1000*(1-O12)/I12 -> 7061.0292 | AD12: 601.6 | AG12: 4523250 | AH12: 6122.5544 | AJ12: =(AG12/10000)-#REF!+AE12 -> #REF! | AK12: =(AH12)-#REF! -> #REF! | AL12: =#REF!-I12 -> #REF! | AM12: =#REF!-P12 -> #REF!
B13: =B41 -> 8 | C13: =HydroM.!W12 -> 105.1543 | D13: =D41 -> 0 | E13: =E41 -> 79.388788 | F13: =F41 -> 0 | G13: =G12 -> 0.1 | H13: =H12 -> 0.05 | I13: =SUM(C13:F13)*(1+G13)*(1+H13) -> 213.14727 | J13: =HydroM.!X12*1000/31/24/3600*1000 -> 81.523424 | K13: =D13*$X13 -> 0 | L13: =E13*$X13 -> 61.548085 | M13: =F13*$X13 -> 0 | N13: =SUM(J13:M13)*(H13+G13) -> 21.460726 | O13: =O12 -> 0.05 | P13: =SUM(J13:M13)*(1+H13)*(1+O13)*(1+G13) -> 173.50997 | Q13: =P13*3600*24*31/1000/1000 -> 464.72911 | R13: =Q13/$R$5 -> 2020.5613 | S13: =S41 -> 0.23318938 | T13: =P13/I13 -> 0.81403799 | U13: =R13*1000/I13 -> 9479.6494 | X13: =HydroM.!Z12 -> 0.77527428 | AB13: =J13*3600*24*31/1000/1000 -> 218.35234 | AC13: =R13*1000*(1-O13)/I13 -> 9005.6669 | AD13: 283.5 | AG13: 1119727 | AH13: 8814.2903 | AJ13: =(AG13/10000)-#REF!+AE13 -> #REF! | AK13: =(AH13)-#REF! -> #REF! | AL13: =#REF!-I13 -> #REF! | AM13: =#REF!-P13 -> #REF!
B14: =B42 -> 9 | C14: =HydroM.!W13 -> 324.2601 | D14: =D42 -> 0 | E14: =E42 -> 363.696 | F14: =F42 -> 0 | G14: =G13 -> 0.1 | H14: =H13 -> 0.05 | I14: =SUM(C14:F14)*(1+G14)*(1+H14) -> 794.5893 | J14: =HydroM.!X13*1000/31/24/3600*1000 -> 238.38871 | K14: =D14*$X14 -> 0 | L14: =E14*($AA14+Z14)/2 -> 219.49356 | M14: =F14*$X14 -> 0 | N14: =SUM(J14:M14)*(H14+G14) -> 68.682341 | O14: =O13 -> 0.05 | P14: =SUM(J14:M14)*(1+H14)*(1+O14)*(1+G14) -> 555.29672 | Q14: =P14*3600*24*31/1000/1000 -> 1487.3067 | R14: =Q14/$R$5 -> 6466.5511 | S14: =S42 -> 0.23221309 | T14: =P14/I14 -> 0.69884748 | U14: =R14*1000/I14 -> 8138.2308 | X14: =HydroM.!Z13 -> 0.73517743 | Y14: 1.3661978 | Z14: 0.98427729 | AA14: 0.22273936 | AB14: =J14*3600*24*31/1000/1000 -> 638.50031 | AC14: =R14*1000*(1-O14)/I14 -> 7731.3192 | AD14: 1018.5 | AG14: 4185880 | AH14: 8482.2216 | AJ14: =(AG14/10000)-#REF!+AE14 -> #REF! | AK14: =(AH14)-#REF! -> #REF! | AL14: =#REF!-I14 -> #REF! | AM14: =#REF!-P14 -> #REF!
B15: =B43 -> 10 | C15: =HydroM.!W14 -> 189.873 | D15: =D43 -> 0 | E15: =E43 -> 39.023784 | F15: =F43 -> 0 | G15: =G14 -> 0.1 | H15: =H14 -> 0.05 | I15: =SUM(C15:F15)*(1+G15)*(1+H15) -> 264.37579 | J15: =HydroM.!X14*1000/31/24/3600*1000 -> 167.57238 | K15: =D15*$X15 -> 0 | L15: =E15*$X15 -> 34.440433 | M15: =F15*$X15 -> 0 | N15: =SUM(J15:M15)*(H15+G15) -> 30.301922 | O15: =O14 -> 0.05 | P15: =SUM(J15:M15)*(1+H15)*(1+O15)*(1+G15) -> 244.99104 | Q15: =P15*3600*24*31/1000/1000 -> 656.18399 | R15: =Q15/$R$5 -> 2852.9739 | S15: =S43 -> 0.22930325 | T15: =P15/I15 -> 0.92667729 | U15: =R15*1000/I15 -> 10791.359 | X15: =HydroM.!Z14 -> 0.8825498 | Y15: 0.9056387 | Z15: 1.4135314 | AA15: 0.20284312 | AB15: =J15*3600*24*31/1000/1000 -> 448.82586 | AC15: =R15*1000*(1-O15)/I15 -> 10251.791 | AD15: 124.5 | AE15: 1.51 | AG15: 1535818 | AH15: 13805.756 | AJ15: =(AG15/10000)-#REF!+AE15 -> #REF! | AK15: =(AH15)-#REF! -> #REF! | AL15: =#REF!-I15 -> #REF! | AM15: =#REF!-P15 -> #REF!
B16: =B44 -> 11 | C16: =HydroM.!W15 -> 121.606 | D16: =D44 -> 0 | E16: =E44 -> 162.86718 | F16: =F44 -> 0 | G16: =G15 -> 0.1 | H16: =H15 -> 0.05 | I16: =SUM(C16:F16)*(1+G16)*(1+H16) -> 328.56652 | J16: =HydroM.!X15*1000/31/24/3600*1000 -> 135.98005 | K16: =D16*$X16 -> 0 | L16: =E16*$X16 -> 182.11837 | M16: =F16*$X16 -> 0 | N16: =SUM(J16:M16)*(H16+G16) -> 47.714762 | O16: =O15 -> 0.05 | P16: =SUM(J16:M16)*(1+H16)*(1+O16)*(1+G16) -> 385.77385 | Q16: =P16*3600*24*31/1000/1000 -> 1033.2567 | R16: =Q16/$R$5 -> 4492.4204 | S16: =S44 -> 0.22857703 | T16: =P16/I16 -> 1.1741119 | U16: =R16*1000/I16 -> 13672.788 | X16: =HydroM.!Z15 -> 1.1182018 | Y16: 1.6802586 | Z16: 1.5804142 | AA16: 0.12517512 | AB16: =J16*3600*24*31/1000/1000 -> 364.20895 | AC16: =R16*1000*(1-O16)/I16 -> 12989.149 | AG16: 1096369 | AH16: 17361.295 | AJ16: =(AG16/10000)-#REF!+AE16 -> #REF! | AK16: =(AH16)-#REF! -> #REF! | AL16: =#REF!-I16 -> #REF! | AM16: =#REF!-P16 -> #REF!
B17: =B45 -> 12 | C17: =HydroM.!W16 -> 123.7588 | D17: =D45 -> 60 | E17: =E45 -> 344.33338 | F17: =F45 -> 40 | G17: =G16 -> 0.1 | H17: =H16 -> 0.05 | I17: =SUM(C17:F17)*(1+G17)*(1+H17) -> 656.14646 | J17: =HydroM.!X16*1000/31/24/3600*1000 -> 88.545304 | K17: =D17*$X17 -> 42.928004 | L17: =E17*$X17 -> 246.35908 | M17: =F17*$X17 -> 28.618669 | N17: =SUM(J17:M17)*(H17+G17) -> 60.967658 | O17: =O16 -> 0.05 | P17: =SUM(J17:M17)*(1+H17)*(1+O17)*(1+G17) -> 492.92352 | Q17: =P17*3600*24*31/1000/1000 -> 1320.2463 | R17: =Q17/$R$5 -> 5740.2015 | S17: =S45 -> 0.23518908 | T17: =P17/I17 -> 0.75124007 | U17: =R17*1000/I17 -> 8748.3539 | X17: =HydroM.!Z16 -> 0.71546673 | Y17: 1.2430307 | Z17: 1.5334128 | AA17: 0.18708024 | AB17: =J17*3600*24*31/1000/1000 -> 237.15974 | AC17: =R17*1000*(1-O17)/I17 -> 8310.9362 | AD17: 394.84461 | AE17: 0.12 | AG17: 854013 | AH17: 11949.044 | AJ17: =(AG17/10000)-#REF!+AE17 -> #REF! | AK17: =(AH17)-#REF! -> #REF! | AL17: =#REF!-I17 -> #REF! | AM17: =#REF!-P17 -> #REF!
B18: =B46 -> 13 | C18: =HydroM.!W17 -> 9.1693 | D18: =D46 -> 0 | E18: =E46 -> 0 | F18: =F46 -> 0 | G18: =G17 -> 0.1 | H18: =H17 -> 0.05 | I18: =SUM(C18:F18)*(1+G18)*(1+H18) -> 10.590542 | J18: =HydroM.!X17*1000/31/24/3600*1000 -> 11.109159 | K18: =D18*$X18 -> 0 | L18: =E18*$X18 -> 0 | M18: =F18*$X18 -> 0 | N18: =SUM(J18:M18)*(H18+G18) -> 1.6663739 | O18: =O17 -> 0.05 | P18: =SUM(J18:M18)*(1+H18)*(1+O18)*(1+G18) -> 13.472633 | Q18: =P18*3600*24*31/1000/1000 -> 36.0851 | R18: =Q18/$R$5 -> 156.89174 | S18: =S46 -> 0.2345117 | T18: =P18/I18 -> 1.2721382 | U18: =R18*1000/I18 -> 14814.326 | X18: =HydroM.!Z17 -> 1.2115602 | AB18: =J18*3600*24*31/1000/1000 -> 29.754772 | AC18: =R18*1000*(1-O18)/I18 -> 14073.61 | AD18: 0 | AG18: 72237 | AH18: 20774.763 | AJ18: =(AG18/10000)-#REF!+AE18 -> #REF! | AK18: =(AH18)-#REF! -> #REF! | AL18: =#REF!-I18 -> #REF! | AM18: =#REF!-P18 -> #REF!
B19: 7.1 | C19: ='16'!D5/10000 -> 8.111 | D19: 0 | E19: 0 | F19: 0 | G19: 0 | H19: 0 | I19: =SUM(C19:F19)*(1+G19)*(1+H19) -> 8.111 | J19: ='16'!M5*1000/31/24/3600*1000 -> 6.355678 | K19: =D19*$X19 -> 0 | L19: =E19*$X19 -> 0 | M19: =F19*$X19 -> 0 | N19: =SUM(J19:M19)*(H19+G19) -> 0 | O19: 0.05 | P19: =SUM(J19:M19)*(1+H19)*(1+O19)*(1+G19) -> 6.6734619 | Q19: =P19*3600*24*31/1000/1000 -> 17.8742 | R19: =Q19/$R$5 -> 77.713914 | S19: =Q19/R19 -> 0.23 | T19: =P19/I19 -> 0.82276685 | U19: =R19*1000/I19 -> 9581.2988 | AB19: =J19*3600*24*31/1000/1000 -> 17.023048 | AC19: =R19*1000*(1-O19)/I19 -> 9102.2339
B20: 7.2 | C20: ='16'!D6/10000 -> 17.4768 | D20: 0 | E20: 0 | F20: 0 | G20: 0 | H20: 0 | I20: =SUM(C20:F20)*(1+G20)*(1+H20) -> 17.4768 | J20: ='16'!M6*1000/31/24/3600*1000 -> 19.00916 | K20: =D20*$X20 -> 0 | L20: =E20*$X20 -> 0 | M20: =F20*$X20 -> 0 | N20: =SUM(J20:M20)*(H20+G20) -> 0 | O20: =O19 -> 0.05 | P20: =SUM(J20:M20)*(1+H20)*(1+O20)*(1+G20) -> 19.959618 | Q20: =P20*3600*24*31/1000/1000 -> 53.45984 | R20: =Q20/$R$5 -> 232.43409 | S20: =Q20/R20 -> 0.23 | T20: =P20/I20 -> 1.1420636 | U20: =R20*1000/I20 -> 13299.579 | AB20: =J20*3600*24*31/1000/1000 -> 50.914133 | AC20: =R20*1000*(1-O20)/I20 -> 12634.6
B21: 10 | C21: ='16'!D7/10000 -> 1.3428 | D21: 0 | E21: 0 | F21: 0 | G21: 0 | H21: 0 | I21: =SUM(C21:F21)*(1+G21)*(1+H21) -> 1.3428 | J21: ='16'!M7*1000/31/24/3600*1000 -> 1.5763398 | K21: =D21*$X21 -> 0 | L21: =E21*$X21 -> 0 | M21: =F21*$X21 -> 0 | N21: =SUM(J21:M21)*(H21+G21) -> 0 | O21: =O20 -> 0.05 | P21: =SUM(J21:M21)*(1+H21)*(1+O21)*(1+G21) -> 1.6551568 | Q21: =P21*3600*24*31/1000/1000 -> 4.4331719 | R21: =Q21/$R$5 -> 19.27466 | S21: =Q21/R21 -> 0.23 | T21: =P21/I21 -> 1.232616 | U21: =R21*1000/I21 -> 14354.081 | AB21: =J21*3600*24*31/1000/1000 -> 4.2220685 | AC21: =R21*1000*(1-O21)/I21 -> 13636.377
B22: 11 | C22: ='16'!D8/10000 -> 1.3334 | D22: 0 | E22: 0 | F22: 0 | G22: 0 | H22: 0 | I22: =SUM(C22:F22)*(1+G22)*(1+H22) -> 1.3334 | J22: ='16'!M8*1000/31/24/3600*1000 -> 1.5653049 | K22: =D22*$X22 -> 0 | L22: =E22*$X22 -> 0 | M22: =F22*$X22 -> 0 | N22: =SUM(J22:M22)*(H22+G22) -> 0 | O22: =O21 -> 0.05 | P22: =SUM(J22:M22)*(1+H22)*(1+O22)*(1+G22) -> 1.6435702 | Q22: =P22*3600*24*31/1000/1000 -> 4.4021384 | R22: =Q22/$R$5 -> 19.139732 | S22: =Q22/R22 -> 0.23 | T22: =P22/I22 -> 1.232616 | U22: =R22*1000/I22 -> 14354.081 | AB22: =J22*3600*24*31/1000/1000 -> 4.1925127 | AC22: =R22*1000*(1-O22)/I22 -> 13636.377
B23: 12 | C23: ='16'!D9/10000 -> 5.4 | D23: 0 | E23: 0 | F23: 0 | G23: 0 | H23: 0 | I23: =SUM(C23:F23)*(1+G23)*(1+H23) -> 5.4 | J23: ='16'!M9*1000/31/24/3600*1000 -> 6.339168 | K23: =D23*$X23 -> 0 | L23: =E23*$X23 -> 0 | M23: =F23*$X23 -> 0 | N23: =SUM(J23:M23)*(H23+G23) -> 0 | O23: =O22 -> 0.05 | P23: =SUM(J23:M23)*(1+H23)*(1+O23)*(1+G23) -> 6.6561264 | Q23: =P23*3600*24*31/1000/1000 -> 17.827769 | R23: =Q23/$R$5 -> 77.512039 | S23: =Q23/R23 -> 0.23 | T23: =P23/I23 -> 1.232616 | U23: =R23*1000/I23 -> 14354.081 | X23: =HydroM.!Z20 -> 0.79805576 | AB23: =J23*3600*24*31/1000/1000 -> 16.978828 | AC23: =R23*1000*(1-O23)/I23 -> 13636.377 | AL23: =#REF!-I23 -> #REF! | AM23: =#REF!-P23 -> #REF!
B24: - | C24: =SUM(C6:C23) -> 1973.1547 | D24: =SUM(D6:D23) -> 191.77258 | E24: =SUM(E6:E23) -> 1812.6088 | F24: =SUM(F6:F23) -> 73.8 | G24: =SUM($C24:$F24)*(G25) -> 398.22161 | H24: =SUM($C24:$G24)*(H25) -> 218.68218 | I24: =SUM(I6:I23) -> 4674.0752 | J24: =SUM(J6:J23) -> 1623.6425 | K24: =SUM(K6:K23) -> 166.61035 | L24: =SUM(L6:L23) -> 1463.4687 | M24: =SUM(M6:M23) -> 60.289409 | N24: =SUM(N6:N23) -> 491.8748 | O24: =SUM($J24:$N24)*(O25) -> 190.29429 | P24: =SUM(P6:P23) -> 4013.3957 | Q24: =SUM(Q6:Q23) -> 10749.479 | R24: =SUM(R6:R23) -> 46736.865 | S24: =SUMPRODUCT(S6:S23,I6:I23)/I24 -> 0.23236045 | T24: =SUMPRODUCT(T6:T23,I6:I23)/I24 -> 0.85865022 | U24: =ROUND(SUMPRODUCT(U6:U23,I6:I23)/I24,-1) -> 10000 | X24: =SUMPRODUCT(X6:X23,I6:I23)/I24 -> 0.82306241 | AB24: =J24*3600*24*31/1000/1000 -> 4348.7641 | AC24: =ROUND(SUMPRODUCT(AC6:AC23,I6:I23)/I24,-1) -> 9500
C25: حجم نیاز سالانه | E25: میلیون مترمکعب | G25: =SUMPRODUCT(G6:G23,$C6:$C23)/$C24 -> 0.0982939 | H25: =SUMPRODUCT(H6:H23,$C6:$C23)/$C24 -> 0.04914695 | J25: =J24/1000*3600*24*31/S24/1000/1000 -> 18.715595 | O25: =SUMPRODUCT(O6:O23,$C6:$C23)/$C24 -> 0.05 | P25: =P24/J24 -> 2.4718469 | R25: =R24/1000 -> 46.736865 | U25: =U24*I24/1000/1000 -> 46.740752 | AC25: =AC24*I24/1000/1000 -> 44.403714
B27: =B47 -> 14 | C27: 3500 | D27: =D47 -> 0 | E27: =9931-C27-1 -> 6430 | F27: =F47 -> 0 | G27: 0 | H27: 0 | I27: =SUM(C27:F27)*(1+G27)*(1+H27) -> 9930 | J27: =HydroM.!X18*1000/31/24/3600*1000 -> 0 | K27: =D27*$X27 -> 0 | L27: =E27*$X27 -> 0 | M27: =F27*$X27 -> 0 | N27: =SUM(J27:M27)*(H27+G27) -> 0 | O27: 0 | P27: =SUM(J27:M27)*(1+H27)*(1+O27)*(1+G27) -> 0 | Q27: =U27*I27/1000 -> 14895 | R27: =Q27/$R$5 -> 64760.87 | S27: =S47 -> 0 | T27: 0.23 | U27: 1500 | V27: =U27*1000/31/24/3600 -> 0.56003584 | X27: =HydroM.!Z18 -> 0 | AB27: =J27*3600*24*31/1000/1000 -> 0 | AL27: =#REF!-I27 -> #REF! | AM27: =#REF!-P27 -> #REF!
B28: =B48 -> 15 | C28: 181 | D28: =D48 -> 0 | E28: =536-C28-1 -> 354 | F28: =F48 -> 0 | G28: 0 | H28: 0 | I28: =SUM(C28:F28)*(1+G28)*(1+H28) -> 535 | J28: =HydroM.!X19*1000/31/24/3600*1000 -> 0 | K28: =D28*$X28 -> 0 | L28: =E28*$X28 -> 0 | M28: =F28*$X28 -> 0 | N28: =SUM(J28:M28)*(H28+G28) -> 0 | O28: 0 | P28: =SUM(J28:M28)*(1+H28)*(1+O28)*(1+G28) -> 0 | Q28: =U28*I28/1000 -> 802.5 | R28: =Q28/$R$5 -> 3489.1304 | S28: =S48 -> 0 | T28: 0.23 | U28: 1500 | X28: =HydroM.!Z19 -> 0 | AB28: =J28*3600*24*31/1000/1000 -> 0 | AL28: =#REF!-I28 -> #REF! | AM28: =#REF!-P28 -> #REF!
I29: =SUM(I14:I17) -> 2043.6781 | J29: =SUM(J14:J17) -> 630.48644 | K29: =SUM(K14:K17) -> 42.928004 | L29: =SUM(L14:L17) -> 682.41144 | M29: =SUM(M14:M17) -> 28.618669 | N29: =SUM(N14:N17) -> 207.66668 | P29: =SUM(P14:P17) -> 1678.9851
G30: =G25*H24 -> 21.495125 | H30: =H25*G24 -> 19.571378 | P30: =P29*1.5 -> 2518.4777
H31: =(SUM($C24:$F24)*(G25))*H25 -> 19.571378
C33: برآورد از روش دفتر محیط زیست- کاربرگی
B34: =B75 -> 1 | C34: =E75 -> 42.423 | D34: =F75 -> 1.1533 | E34: =G75 -> 10.3858 | F34: =H75 -> 0 | G34: =D75 -> 0.15 | H34: 0.2 | I34: =SUM(C34:F34)*(1+G34)*(1+H34) -> 74.467698 | J34: =J75 -> 72.755909 | K34: =K75 -> 0 | L34: =L75 -> 0 | M34: =M75 -> 0 | O34: 0.05 | P34: =SUM(J34:M34)*(1+H34)*(1+O34)*(1+G34) -> 105.42331 | Q34: =O75*(1+H34) -> 282.3658 | R34: =P75*(1+H34) -> 1210.2517 | S34: =S75 -> 0.23331163 | T34: =Q75*(1+O34) -> 1.8007615 | U34: =R34*1000/I34 -> 16252.036 | X34: =J34/C34 -> 1.7150109 | AC34: =ROUND(R75,-1) -> 19690 | AD34: 23.8 | AG34: 424230 | AH34: 19688.197 | AJ34: =(AG34/10000)-E75+AE34 -> 0 | AK34: =(AH34)-R75 -> 0 | AL34: =I75-I34 -> -25.681248 | AM34: =N75-P34 -> -17.570552
B35: =B76 -> 2 | C35: =E76 -> 129.0044 | D35: =F76 -> 30 | E35: =G76 -> 115.27416 | F35: =H76 -> 0 | G35: =G34 -> 0.15 | H35: =H34 -> 0.2 | I35: =SUM(C35:F35)*(1+G35)*(1+H35) -> 378.50442 | J35: =J76 -> 155.55246 | K35: =K76 -> 0 | L35: =E35*X35 -> 138.99665 | M35: =M76 -> 0 | O35: =O34 -> 0.05 | P35: =SUM(J35:M35)*(1+H35)*(1+O35)*(1+G35) -> 426.80165 | Q35: =O76*(1+H35)*(J35+L35)/J35 -> 1143.1455 | R35: =P76*(1+H35)*(J35+L35)/J35 -> 4955.3307 | S35: =S76 -> 0.23069006 | T35: =Q76*(1+O35) -> 1.2660815 | U35: =R35*1000/I35 -> 13091.87 | X35: =J35/C35 -> 1.2057919 | AC35: =ROUND(R76,-1) -> 14000 | AD35: 180.83485 | AG35: 1290044 | AH35: 15184.222 | AJ35: =(AG35/10000)-E76+AE35 -> 0 | AK35: =(AH35)-R76 -> 1184.5165 | AL35: =I76-I35 -> -230.14936 | AM35: =N76-P35 -> -238.97206
B36: =B77 -> 3 | C36: =E77 -> 103.6659 | D36: =F77 -> 0 | E36: =G77 -> 147.78486 | F36: =H77 -> 10 | G36: =G35 -> 0.15 | H36: =H35 -> 0.2 | I36: =SUM(C36:F36)*(1+G36)*(1+H36) -> 360.80205 | J36: =J77 -> 122.01481 | K36: =K77 -> 0 | L36: =L77 -> 173.94285 | M36: =M77 -> 0 | O36: =O35 -> 0.05 | P36: =SUM(J36:M36)*(1+H36)*(1+O36)*(1+G36) -> 428.84264 | Q36: =O77*(1+H36) -> 1148.6121 | R36: =P77*(1+H36) -> 4998.619 | S36: =S77 -> 0.22978589 | T36: =Q77*(1+O36) -> 1.2358505 | U36: =R36*1000/I36 -> 13854.187 | X36: =J36/C36 -> 1.1770004 | AC36: =ROUND(R77,-1) -> 13720 | AD36: 271.3 | AG36: 1036659 | AH36: 14878.665 | AJ36: =(AG36/10000)-E77+AE36 -> 0 | AK36: =(AH36)-R77 -> 1159.4679 | AL36: =I77-I36 -> -71.633675 | AM36: =N77-P36 -> -71.473774
B37: =B78 -> 4 | C37: =E78 -> 51.671 | D37: =F78 -> 13.375275 | E37: =G78 -> 67.0136 | F37: =H78 -> 0 | G37: =G36 -> 0.15 | H37: =H36 -> 0.2 | I37: =SUM(C37:F37)*(1+G37)*(1+H37) -> 182.24263 | J37: =J78 -> 76.372668 | K37: =K78 -> 19.769415 | L37: =L78 -> 99.049901 | M37: =M78 -> 0 | O37: =O36 -> 0.05 | P37: =SUM(J37:M37)*(1+H37)*(1+O37)*(1+G37) -> 282.83319 | Q37: =O78*(1+H37) -> 757.5404 | R37: =P78*(1+H37) -> 3312.194 | S37: =S78 -> 0.22871257 | T37: =Q78*(1+O37) -> 1.5519595 | U37: =R37*1000/I37 -> 18174.639 | X37: =J37/C37 -> 1.4780567 | AC37: =ROUND(R78,-1) -> 17310 | AD37: 117.5 | AG37: 516710 | AH37: 17309.18 | AJ37: =(AG37/10000)-E78+AE37 -> 0 | AK37: =(AH37)-R78 -> 0 | AL37: =I78-I37 -> -30.373771 | AM37: =N78-P37 -> -47.138864
B38: =B79 -> 5 | C38: =E79 -> 45.2492 | D38: =F79 -> 81.644 | E38: =G79 -> 47.1736 | F38: =H79 -> 23.8 | G38: =G37 -> 0.15 | H38: =H37 -> 0.2 | I38: =SUM(C38:F38)*(1+G38)*(1+H38) -> 273.05618 | J38: =J79 -> 73.086671 | K38: =K79 -> 131.87168 | L38: =L79 -> 76.194969 | M38: =M79 -> 38.441846 | O38: =O37 -> 0.05 | P38: =SUM(J38:M38)*(1+H38)*(1+O38)*(1+G38) -> 463.0934 | Q38: =O79*(1+H38) -> 1240.3494 | R38: =P79*(1+H38) -> 5381.1006 | S38: =S79 -> 0.23050106 | T38: =Q79*(1+O38) -> 1.6959638 | U38: =R38*1000/I38 -> 19706.935 | X38: =J38/C38 -> 1.6152036 | AC38: =ROUND(R79,-1) -> 18770 | AD38: 96 | AG38: 452492 | AH38: 20353.955 | AJ38: =(AG38/10000)-E79+AE38 -> 0 | AK38: =(AH38)-R79 -> 1585.4451 | AL38: =I79-I38 -> -45.509364 | AM38: =N79-P38 -> -77.182233
B39: =B80 -> 6 | C39: =E80 -> 78.4996 | D39: =F80 -> 5.6 | E39: =G80 -> 150.22809 | F39: =H80 -> 0 | G39: =G38 -> 0.15 | H39: =H38 -> 0.2 | I39: =SUM(C39:F39)*(1+G39)*(1+H39) -> 323.37221 | J39: =J80 -> 103.37367 | K39: =K80 -> 7.374465 | L39: =L80 -> 197.83068 | M39: =M80 -> 0 | O39: =O38 -> 0.05 | P39: =SUM(J39:M39)*(1+H39)*(1+O39)*(1+G39) -> 447.1307 | Q39: =O80*(1+H39) -> 1197.5949 | R39: =P80*(1+H39) -> 5236.3285 | S39: =S80 -> 0.22870889 | T39: =Q80*(1+O39) -> 1.3827122 | U39: =R39*1000/I39 -> 16192.883 | X39: =J39/C39 -> 1.3168688 | AC39: =ROUND(R80,-1) -> 15420 | AD39: 187.6 | AG39: 784996 | AH39: 16722.498 | AJ39: =(AG39/10000)-E80+AE39 -> 0 | AK39: =(AH39)-R80 -> 1300.7041 | AL39: =I80-I39 -> -53.895369 | AM39: =N80-P39 -> -74.521783
B40: =B81 -> 7 | C40: =E81 -> 452.325 | D40: =F81 -> 0 | E40: =G81 -> 285.43951 | F40: =H81 -> 0 | G40: =G39 -> 0.15 | H40: =H39 -> 0.2 | I40: =SUM(C40:F40)*(1+G40)*(1+H40) -> 1018.115 | J40: =J81 -> 244.2337 | K40: =K81 -> 0 | L40: =L81 -> 155.0584 | M40: =M81 -> 0 | O40: =O39 -> 0.05 | P40: =SUM(J40:M40)*(1+H40)*(1+O40)*(1+G40) -> 578.57425 | Q40: =O81*(1+H40) -> 1549.6533 | R40: =P81*(1+H40) -> 6560.4972 | S40: =S81 -> 0.23620973 | T40: =Q81*(1+O40) -> 0.57038818 | U40: =R40*1000/I40 -> 6443.7682 | X40: =J40/C40 -> 0.53995181 | AC40: =ROUND(R81,-1) -> 6160 | AD40: 601.6 | AG40: 4523250 | AH40: 6122.5544 | AJ40: =(AG40/10000)-E81+AE40 -> 0 | AK40: =(AH40)-R81 -> -37.135854 | AL40: =I81-I40 -> -172.82189 | AM40: =N81-P40 -> -96.429042
B41: =B82 -> 8 | C41: =E82 -> 188.9336 | D41: =F82 -> 0 | E41: =G82 -> 79.388788 | F41: =H82 -> 0 | G41: =G40 -> 0.15 | H41: =H40 -> 0.2 | I41: =SUM(C41:F41)*(1+G41)*(1+H41) -> 370.2849 | J41: =J82 -> 171.85526 | K41: =K82 -> 0 | L41: =L82 -> 72.212568 | M41: =M82 -> 0 | O41: =O40 -> 0.05 | P41: =SUM(J41:M41)*(1+H41)*(1+O41)*(1+G41) -> 353.65428 | Q41: =O82*(1+H41) -> 947.22762 | R41: =P82*(1+H41) -> 4062.053 | S41: =S82 -> 0.23318938 | T41: =Q82*(1+O41) -> 0.95508697 | U41: =R41*1000/I41 -> 10970.075 | X41: =J41/C41 -> 0.90960664 | AC41: =ROUND(R82,-1) -> 10450 | AD41: 283.5 | AG41: 1119727 | AH41: 8814.2903 | AJ41: =(AG41/10000)-E82+AE41 -> -76.9609 | AK41: =(AH41)-R82 -> -1633.4001 | AL41: =I82-I41 -> -61.714149 | AM41: =N82-P41 -> -58.94238
B42: =B83 -> 9 | C42: =E83 -> 418.588 | D42: =F83 -> 0 | E42: =G83 -> 363.696 | F42: =H83 -> 0 | G42: =G41 -> 0.15 | H42: =H41 -> 0.2 | I42: =SUM(C42:F42)*(1+G42)*(1+H42) -> 1079.5519 | J42: =J83 -> 283.805 | K42: =K83 -> 0 | L42: =E42*X42 -> 246.58792 | M42: =M83 -> 0 | O42: =O41 -> 0.05 | P42: =SUM(J42:M42)*(1+H42)*(1+O42)*(1+G42) -> 768.53935 | Q42: =O83*(1+H42)*(J42+L42)/J42 -> 2058.4558 | R42: =P83*(1+H42)*(J42+L42)/J42 -> 8864.5124 | S42: =S83 -> 0.23221309 | T42: =Q83*(1+O42) -> 0.71190587 | U42: =R42*1000/I42 -> 8211.2886 | X42: =J42/C42 -> 0.67800559 | AC42: =ROUND(R83,-1) -> 7820 | AD42: 1018.5 | AG42: 4185880 | AH42: 8482.2216 | AJ42: =(AG42/10000)-E83+AE42 -> 0 | AK42: =(AH42)-R83 -> 661.94667 | AL42: =I83-I42 -> -598.17572 | AM42: =N83-P42 -> -425.84481
B43: =B84 -> 10 | C43: =E84 -> 157.2299 | D43: =F84 -> 0 | E43: =G84 -> 39.023784 | F43: =H84 -> 0 | G43: =G42 -> 0.15 | H43: =H42 -> 0.2 | I43: =SUM(C43:F43)*(1+G43)*(1+H43) -> 270.83008 | J43: =J84 -> 170.62454 | K43: =K84 -> 0 | L43: =L84 -> 42.758922 | M43: =M84 -> 0 | O43: =O42 -> 0.05 | P43: =SUM(J43:M43)*(1+H43)*(1+O43)*(1+G43) -> 309.19263 | Q43: =O84*(1+H43) -> 828.14154 | R43: =P84*(1+H43) -> 3611.556 | S43: =S84 -> 0.22930325 | T43: =Q84*(1+O43) -> 1.1505001 | U43: =R43*1000/I43 -> 13335.136 | X43: =J43/C43 -> 1.0851914 | AC43: =ROUND(R84,-1) -> 12800 | AD43: 124.5 | AE43: 1.51 | AG43: 1535818 | AH43: 13805.756 | AJ43: =(AG43/10000)-E84+AE43 -> -2.1381 | AK43: =(AH43)-R84 -> 1007.1523 | AL43: =I84-I43 -> -46.874847 | AM43: =N84-P43 -> -51.532105
B44: =B85 -> 11 | C44: =E85 -> 109.6369 | D44: =F85 -> 0 | E44: =G85 -> 162.86718 | F44: =H85 -> 0 | G44: =G43 -> 0.15 | H44: =H43 -> 0.2 | I44: =SUM(C44:F44)*(1+G44)*(1+H44) -> 376.05563 | J44: =J85 -> 162.44113 | K44: =K85 -> 0 | L44: =E44*X44 -> 241.30862 | M44: =M85 -> 0 | O44: =O43 -> 0.05 | P44: =SUM(J44:M44)*(1+H44)*(1+O44)*(1+G44) -> 585.03338 | Q44: =O85*(1+H44)*(J44+L44)/J44 -> 1566.9534 | R44: =P85*(1+H44)*(J44+L44)/J44 -> 6855.2533 | S44: =S85 -> 0.22857703 | T44: =Q85*(1+O44) -> 1.5557097 | U44: =R44*1000/I44 -> 18229.36 | X44: =J44/C44 -> 1.4816283 | AC44: =ROUND(R85,-1) -> 17360 | AG44: 1096369 | AH44: 17361.295 | AJ44: =(AG44/10000)-E85+AE44 -> 0 | AK44: =(AH44)-R85 -> 0 | AL44: =I85-I44 -> -249.97319 | AM44: =N85-P44 -> -388.88572
B45: =B86 -> 12 | C45: =E86 -> 85.5213 | D45: =F86 -> 60 | E45: =G86 -> 344.33338 | F45: =H86 -> 40 | G45: =G44 -> 0.15 | H45: =H44 -> 0.2 | I45: =SUM(C45:F45)*(1+G45)*(1+H45) -> 731.19945 | J45: =J86 -> 89.606466 | K45: =K86 -> 62.866069 | L45: =L86 -> 360.78143 | M45: =F45*X45 -> 41.910713 | O45: =O44 -> 0.05 | P45: =SUM(J45:M45)*(1+H45)*(1+O45)*(1+G45) -> 804.43362 | Q45: =O86*(1+H45)*(J45+K45+L45+M45)/(J45+K45+L45+0) -> 2154.595 | R45: =P86*(1+H45)*(J45+K45+L45+M45)/(J45+K45+L45+0) -> 9161.1186 | S45: =S86 -> 0.23518908 | T45: =Q86*(1+O45) -> 1.1001562 | U45: =R45*1000/I45 -> 12528.891 | X45: =J45/C45 -> 1.0477678 | AC45: =ROUND(R86,-1) -> 11930 | AD45: 394.84461 | AE45: 0.12 | AG45: 854013 | AH45: 11949.044 | AJ45: =(AG45/10000)-E86+AE45 -> 9.6589403e-15 | AK45: =(AH45)-R86 -> 16.766411 | AL45: =I86-I45 -> -167.86658 | AM45: =N86-P45 -> -184.67946
B46: =B87 -> 13 | C46: =E87 -> 7.2237 | D46: =F87 -> 0 | E46: =G87 -> 0 | F46: =H87 -> 0 | G46: =G45 -> 0.15 | H46: =H45 -> 0.2 | I46: =SUM(C46:F46)*(1+G46)*(1+H46) -> 9.968706 | J46: =J87 -> 13.139682 | K46: =K87 -> 0 | L46: =L87 -> 0 | M46: =M87 -> 0 | O46: =O45 -> 0.05 | P46: =SUM(J46:M46)*(1+H46)*(1+O46)*(1+G46) -> 19.0394 | Q46: =O87*(1+H46) -> 50.995128 | R46: =P87*(1+H46) -> 217.45238 | S46: =S87 -> 0.2345117 | T46: =Q87*(1+O46) -> 1.9099169 | U46: =R46*1000/I46 -> 21813.501 | X46: =J46/C46 -> 1.8189684 | AC46: =R46*1000*(1-O46)/I46 -> 20722.826 | AD46: 0 | AG46: 72237 | AH46: 20774.763 | AJ46: =(AG46/10000)-E87+AE46 -> 0 | AK46: =(AH46)-R87 -> 15902.838 | AL46: =I87-I46 -> -1.661451 | AM46: =N87-P46 -> -3.1732333
B47: 14 | AL47: =I88-I47 -> 0 | AM47: =N88-P47 -> 0
B48: 15 | AL48: =I89-I48 -> 0 | AM48: =N89-P48 -> 0
B49: 16 | C49: =332012/10000 -> 33.2012 | D49: 0 | E49: 0 | F49: 0 | I49: =SUM(C49:F49)*(1+G49)*(1+H49) -> 33.2012 | J49: 37.895949 | K49: 0 | L49: 0 | M49: 0 | P49: =SUM(J49:M49)*(1+H49)*(1+O49)*(1+G49) -> 37.895949 | Q49: 101.50051 | R49: 440.4509 | S49: =Q49/R49 -> 0.23044682 | T49: =J49/C49 -> 1.141403 | U49: =R49*1000/I49 -> 13266.114 | X49: =J49/C49 -> 1.141403 | AC49: =R49*1000*(1-O49)/I49 -> 13266.114 | AL49: =I90-I49 -> -33.2012 | AM49: =N90-P49 -> -37.895949
B50: - | C50: =SUM(C34:C49) -> 1903.1727 | D50: =SUM(D34:D49) -> 191.77258 | E50: =SUM(E34:E49) -> 1812.6088 | F50: =SUM(F34:F49) -> 73.8 | I50: =SUM(I34:I49) -> 5481.6521 | J50: =SUM(J34:J49) -> 1776.7579 | K50: =SUM(K34:K49) -> 221.88163 | L50: =SUM(L34:L49) -> 1804.7229 | M50: =SUM(M34:M49) -> 80.352559 | P50: =SUM(P34:P49) -> 5610.4878 | Q50: =SUM(Q34:Q49) -> 15027.13 | R50: =SUM(R34:R49) -> 64866.718 | S50: =SUMPRODUCT(S34:S49,I34:I49)/I50 -> 0.2323602 | T50: =SUMPRODUCT(T34:T49,I34:I49)/I50 -> 1.0422364 | U50: =ROUND(SUMPRODUCT(U34:U49,I34:I49)/I50,-1) -> 11830 | X50: =SUMPRODUCT(X34:X49,I34:I49)/I50 -> 0.99180713 | AC50: =ROUND(SUMPRODUCT(AC34:AC49,I34:I49)/I50,-1) -> 11480
J51: =J50/1000*3600*24*31/S50/1000/1000 -> 20.480566 | P51: =P50/J50 -> 3.1577109 | R51: =R50/1000 -> 64.866718 | U51: =U50*I50/1000/1000 -> 64.847944 | AC51: =AC50*I50/1000/1000 -> 62.929366
B53: =B34 -> 1 | J53: =C34*$X34 -> 72.755909 | K53: =D34*$X34 -> 1.9779221 | L53: =E34*$X34 -> 17.811761 | M53: =F34*$X34 -> 0 | P53: =SUM(J53:M53)*(1+H34)*(1+O34)*(1+G34) -> 134.09856 | Q53: =P53*3600*24*31/1000/1000 -> 359.16959 | R53: =Q53/S34 -> 1539.4415
B54: =B35 -> 2 | J54: =C35*$X35 -> 155.55246 | K54: =D35*$X35 -> 36.173756 | L54: =E35*$X35 -> 138.99665 | M54: =F35*$X35 -> 0 | P54: =SUM(J54:M54)*(1+H35)*(1+O35)*(1+G35) -> 479.21743 | Q54: =P54*3600*24*31/1000/1000 -> 1283.536 | R54: =Q54/S35 -> 5563.898
B55: =B36 -> 3 | J55: =C36*$X36 -> 122.01481 | K55: =D36*$X36 -> 0 | L55: =E36*$X36 -> 173.94285 | M55: =F36*$X36 -> 11.770004 | P55: =SUM(J55:M55)*(1+H36)*(1+O36)*(1+G36) -> 445.89738 | Q55: =P55*3600*24*31/1000/1000 -> 1194.2915 | R55: =Q55/S36 -> 5197.4102
B56: =B37 -> 4 | J56: =C37*$X37 -> 76.372668 | K56: =D37*$X37 -> 19.769415 | L56: =E37*$X37 -> 99.049901 | M56: =F37*$X37 -> 0 | P56: =SUM(J56:M56)*(1+H37)*(1+O37)*(1+G37) -> 282.83319 | Q56: =P56*3600*24*31/1000/1000 -> 757.5404 | R56: =Q56/S37 -> 3312.194
B57: =B38 -> 5 | J57: =C38*$X38 -> 73.086671 | K57: =D38*$X38 -> 131.87168 | L57: =E38*$X38 -> 76.194969 | M57: =F38*$X38 -> 38.441846 | P57: =SUM(J57:M57)*(1+H38)*(1+O38)*(1+G38) -> 463.0934 | Q57: =P57*3600*24*31/1000/1000 -> 1240.3494 | R57: =Q57/S38 -> 5381.1006
B58: =B39 -> 6 | J58: =C39*$X39 -> 103.37367 | K58: =D39*$X39 -> 7.374465 | L58: =E39*$X39 -> 197.83068 | M58: =F39*$X39 -> 0 | P58: =SUM(J58:M58)*(1+H39)*(1+O39)*(1+G39) -> 447.1307 | Q58: =P58*3600*24*31/1000/1000 -> 1197.5949 | R58: =Q58/S39 -> 5236.3285
B59: =B40 -> 7 | J59: =C40*$X40 -> 244.2337 | K59: =D40*$X40 -> 0 | L59: =E40*$X40 -> 154.12358 | M59: =F40*$X40 -> 0 | P59: =SUM(J59:M59)*(1+H40)*(1+O40)*(1+G40) -> 577.21969 | Q59: =P59*3600*24*31/1000/1000 -> 1546.0252 | R59: =Q59/S40 -> 6545.1378
B60: =B41 -> 8 | J60: =C41*$X41 -> 171.85526 | K60: =D41*$X41 -> 0 | L60: =E41*$X41 -> 72.212568 | M60: =F41*$X41 -> 0 | P60: =SUM(J60:M60)*(1+H41)*(1+O41)*(1+G41) -> 353.65428 | Q60: =P60*3600*24*31/1000/1000 -> 947.22762 | R60: =Q60/S41 -> 4062.053
B61: =B42 -> 9 | J61: =C42*$X42 -> 283.805 | K61: =D42*$X42 -> 0 | L61: =E42*$X42 -> 246.58792 | M61: =F42*$X42 -> 0 | P61: =SUM(J61:M61)*(1+H42)*(1+O42)*(1+G42) -> 768.53935 | Q61: =P61*3600*24*31/1000/1000 -> 2058.4558 | R61: =Q61/S42 -> 8864.5124
B62: =B43 -> 10 | J62: =C43*$X43 -> 170.62454 | K62: =D43*$X43 -> 0 | L62: =E43*$X43 -> 42.348275 | M62: =F43*$X43 -> 0 | P62: =SUM(J62:M62)*(1+H43)*(1+O43)*(1+G43) -> 308.5976 | Q62: =P62*3600*24*31/1000/1000 -> 826.54782 | R62: =Q62/S43 -> 3604.6057
B63: =B44 -> 11 | J63: =C44*$X44 -> 162.44113 | K63: =D44*$X44 -> 0 | L63: =E44*$X44 -> 241.30862 | M63: =F44*$X44 -> 0 | P63: =SUM(J63:M63)*(1+H44)*(1+O44)*(1+G44) -> 585.03338 | Q63: =P63*3600*24*31/1000/1000 -> 1566.9534 | R63: =Q63/S44 -> 6855.2533
B64: =B45 -> 12 | J64: =C45*$X45 -> 89.606466 | K64: =D45*$X45 -> 62.866069 | L64: =E45*$X45 -> 360.78143 | M64: =F45*$X45 -> 41.910713 | P64: =SUM(J64:M64)*(1+H45)*(1+O45)*(1+G45) -> 804.43362 | Q64: =P64*3600*24*31/1000/1000 -> 2154.595 | R64: =Q64/S45 -> 9161.1186
B65: =B46 -> 13 | J65: =C46*$X46 -> 13.139682 | K65: =D46*$X46 -> 0 | L65: =E46*$X46 -> 0 | M65: =F46*$X46 -> 0 | P65: =SUM(J65:M65)*(1+H46)*(1+O46)*(1+G46) -> 19.0394 | Q65: =P65*3600*24*31/1000/1000 -> 50.995128 | R65: =Q65/S46 -> 217.45238
B66: 14 | J66: =C47*$X47 -> 0 | K66: =D47*$X47 -> 0 | L66: =E47*$X47 -> 0 | M66: =F47*$X47 -> 0 | P66: =SUM(J66:M66)*(1+H47)*(1+O47)*(1+G47) -> 0 | Q66: =P66*3600*24*31/1000/1000 -> 0
B67: 15 | J67: =C48*$X48 -> 0 | K67: =D48*$X48 -> 0 | L67: =E48*$X48 -> 0 | M67: =F48*$X48 -> 0 | P67: =SUM(J67:M67)*(1+H48)*(1+O48)*(1+G48) -> 0 | Q67: =P67*3600*24*31/1000/1000 -> 0
B68: 16 | J68: =C49*$X49 -> 37.895949 | K68: =D49*$X49 -> 0 | L68: =E49*$X49 -> 0 | M68: =F49*$X49 -> 0 | P68: =SUM(J68:M68)*(1+H49)*(1+O49)*(1+G49) -> 37.895949 | Q68: =P68*3600*24*31/1000/1000 -> 101.50051 | R68: =Q68/S49 -> 440.4509
B69: - | C69: =SUM(C53:C68) -> 0 | D69: =SUM(D53:D68) -> 0 | E69: =SUM(E53:E68) -> 0 | F69: =SUM(F53:F68) -> 0 | I69: =SUM(I53:I68) -> 0 | J69: =SUM(J53:J68) -> 1776.7579 | K69: =SUM(K53:K68) -> 260.03331 | L69: =SUM(L53:L68) -> 1821.1892 | M69: =SUM(M53:M68) -> 92.122563 | P69: =SUM(P53:P68) -> 5706.6839 | Q69: =SUM(Q53:Q68) -> 15284.782 | R69: =SUM(R53:R68) -> 65980.957
C72: فراخوان از کاربرگ هر منطقه (بصورت دستی)
B73: منطقه | C73: سهم خدمات غیرآبیاری | D73: توسعهء تکمیلی فضای سبز | E73: سطح کاربری فضای سبز؛ هکتار | J73: نیاز آبیاری ماه اوج؛ لیتردرثانیه | O73: نیاز آبیاری؛ هزارمترمکعب | Q73: ظرفیت واحد
E74: وضع موجود | F74: درحال توسعه‌ | G74: طرح تفصیلی | H74: مناطق ‌توسعه‌نیافته | I74: مبنای طراحی | J74: وضع موجود | K74: درحال توسعه‌ | L74: طرح تفصیلی | M74: مناطق ‌توسعه‌نیافته | N74: مبنای طراحی | O74: ماه اوج | P74: سالانه | Q74: لیتردرثانیه درهکتار | R74: مترمکعب در هکتار | S74: سهم ماه اوج نسبت به سال
B75: 1 | C75: 0.05 | D75: 0.15 | E75: 42.423 | F75: 1.1533 | G75: 10.3858 | H75: 0 | I75: 48.78645 | J75: 72.755909 | K75: 0 | L75: 0 | M75: 0 | N75: 87.85276 | O75: 235.30483 | P75: 1008.5431 | Q75: 1.7150109 | R75: 19688.197 | S75: 0.23331163
B76: 2 | C76: 0.05 | D76: 0.15 | E76: 129.0044 | F76: =30 -> 30 | G76: 115.27416 | H76: 0 | I76: 148.35506 | J76: 155.55246 | K76: 0 | L76: 0 | M76: 0 | N76: 187.82959 | O76: 503.08278 | P76: 2180.7735 | Q76: 1.2057919 | R76: 13999.706 | S76: 0.23069006
B77: 3 | C77: 0.05 | D77: 0.15 | E77: 103.6659 | F77: 0 | G77: 147.78486 | H77: =250*4/100 -> 10 | I77: 289.16838 | J77: 122.01481 | K77: 0 | L77: 173.94285 | M77: 0 | N77: 357.36887 | O77: 957.17678 | P77: 4165.5159 | Q77: 1.1770004 | R77: 13719.197 | S77: 0.22978589
B78: 4 | C78: 0.05 | D78: 0.15 | E78: 51.671 | F78: 13.375275 | G78: 67.0136 | H78: 0 | I78: 151.86886 | J78: 76.372668 | K78: 19.769415 | L78: 99.049901 | M78: 0 | N78: 235.69432 | O78: 631.28367 | P78: 2760.1616 | Q78: 1.4780567 | R78: 17309.18 | S78: 0.22871257
B79: 5 | C79: 0.05 | D79: 0.15 | E79: 45.2492 | F79: 81.644 | G79: 47.1736 | H79: 23.8 | I79: 227.54682 | J79: 73.086671 | K79: 131.87168 | L79: 76.194969 | M79: 38.441846 | N79: 385.91117 | O79: 1033.6245 | P79: 4484.2505 | Q79: 1.6152036 | R79: 18768.51 | S79: 0.23050106
B80: 6 | C80: 0.05 | D80: 0.15 | E80: 78.4996 | F80: 5.6 | G80: 150.22809 | H80: 0 | I80: 269.47684 | J80: 103.37367 | K80: 7.374465 | L80: 197.83068 | M80: 0 | N80: 372.60892 | O80: 997.99572 | P80: 4363.6071 | Q80: 1.3168688 | R80: 15421.794 | S80: 0.22870889
B81: 7 | C81: 0.05 | D81: 0.15 | E81: 452.325 | F81: 0 | G81: 285.43951 | H81: 0 | I81: 845.29313 | J81: 244.2337 | K81: 0 | L81: 155.0584 | M81: 0 | N81: 482.14521 | O81: 1291.3777 | P81: 5467.081 | Q81: 0.54322684 | R81: 6159.6902 | S81: 0.23620973
B82: 8 | C82: 0.05 | D82: 0.15 | E82: 188.9336 | F82: 0 | G82: 79.388788 | H82: 0 | I82: 308.57075 | J82: 171.85526 | K82: 0 | L82: 72.212568 | M82: 0 | N82: 294.7119 | O82: 789.35635 | P82: 3385.0442 | Q82: 0.90960664 | R82: 10447.69 | S82: 0.23318938
B83: 9 | C83: 0.05 | D83: 0.15 | E83: 418.588 | F83: 0 | G83: =454.62*0.8 -> 363.696 | H83: 0 | I83: 481.3762 | J83: 283.805 | K83: 0 | L83: 0 | M83: 0 | N83: 342.69454 | O83: 917.87306 | P83: 3952.7189 | Q83: 0.67800559 | R83: 7820.2749 | S83: 0.23221309
B84: 10 | C84: 0.05 | D84: 0.15 | E84: 157.2299 | F84: 0 | G84: 39.023784 | H84: 0 | I84: 223.95524 | J84: 170.62454 | K84: 0 | L84: 42.758922 | M84: 0 | N84: 257.66052 | O84: 690.11795 | P84: 3009.63 | Q84: 1.0957144 | R84: 12798.603 | S84: 0.22930325
B85: 11 | C85: 0.05 | D85: 0.15 | E85: 109.6369 | F85: 0 | G85: =203.5839742*80/100 -> 162.86718 | H85: 0 | I85: 126.08243 | J85: 162.44113 | K85: 0 | L85: 0 | M85: 0 | N85: 196.14767 | O85: 525.36191 | P85: 2298.402 | Q85: 1.4816283 | R85: 17361.295 | S85: 0.22857703
B86: 12 | C86: 0.05 | D86: 0.15 | E86: 85.5213 | F86: 60 | G86: 344.33338 | H86: =1000*4/100 -> 40 | I86: 563.33288 | J86: 89.606466 | K86: 62.866069 | L86: 360.78143 | M86: 0 | N86: 619.75417 | O86: 1659.9496 | P86: 7057.9365 | Q86: 1.0477678 | R86: 11932.278 | S86: 0.23518908
B87: 13 | C87: 0.05 | D87: 0.15 | E87: 7.2237 | F87: 0 | G87: 0 | H87: 0 | I87: 8.307255 | J87: 13.139682 | K87: 0 | L87: 0 | M87: 0 | N87: 15.866166 | O87: 42.49594 | P87: 181.21032 | Q87: 1.8189684 | R87: 4871.9251 | S87: 0.2345117

Sheet HydroM.
K1: 0.23 | L1: سهم ماه اوج | X1: 0.23334398 | AE1: 0.22141923 | AF1: سهم ماه اوج
B2: از برآورد مهندسی- با تعدیل سطح سایه‌انداز | K2: 10 | L2: سطح مفروض درختان | O2: از روش دفتر محیط زیست- محاسبات کاربرگی | W2: از روش دفتر محیط زیست- محاسبات نرم‌افزاری | AE2: از روش سه‌ضریبی
B3: منطقه شهرداری | C3: مساحت پهنه | D3: فضای سبز (نگهداری) | E3: سطوح آبیاری لکه‌ها | F3: سطح نگهداری تک‌درختان | G3: سطح تبخیرتعرق تک‌درختان | H3: سطح برآورد تبخیرتعرق | I3: نیاز آبیاری لکه‌ها | J3: نیازآبیاری تک‌درختان | K3: هزار مترمکعب؛ ماه اوج | L3: مترمکعب در هکتار سالانه | M3: لیتردرثانیه درهکتار؛ ماه اوج | O3: =Shahrdary!C4 -> وضعِ موجود | P3: =Shahrdary!J3 -> نیاز آبیاری ماه اوج؛ لیتردرثانیه | Q3: هزار مترمکعب؛ ماه اوج | R3: مترمکعب در هکتار سالانه | S3: لیتردرثانیه درهکتار؛ ماه اوج | U3: اختلاف در سطح | W3: فضای سبز (نگهداری) | X3: هزار مترمکعب؛ ماه اوج | Y3: مترمکعب در هکتار سالانه | Z3: لیتردرثانیه درهکتار؛ ماه اوج | AA3: اختلاف در سطح | AB3: اختلاف در سطح | AC3: اختلاف در سطح | AE3: فضای سبز (نگهداری) | AF3: هزار مترمکعب؛ ماه اوج | AG3: مترمکعب در هکتار سالانه | AH3: لیتردرثانیه درهکتار؛ ماه اوج
C4: هکتار | D4: هکتار | E4: هکتار | F4: هکتار | G4: هکتار | H4: هکتار | I4: هزارمترمکعب درروز | O4: هکتار | U4: هکتار | W4: هکتار | AB4: هکتار | AC4: هزار مترمکعب | AE4: هکتار
B5: 1 | C5: 1478.9601 | D5: 42.5879 | E5: 37.9843 | F5: 4.6051 | G5: 16.6068 | H5: 54.5911 | I5: 2.9249241 | J5: 0.33001033 | K5: =(J5*$K$2/9+I5)*31 -> 102.03967 | L5: =K5/D5/$K$1*1000 -> 10417.295 | M5: =L5*1000/31/24/3600*$K$1 -> 0.89455569 | O5: =Shahrdary!C34 -> 42.423 | P5: =Shahrdary!J34 -> 72.755909 | Q5: =P5*3600*24*31/1000/1000 -> 194.86943 | R5: =Q5*1000/O5/$K$1 -> 19971.675 | S5: =R5*1000/31/24/3600*$K$1 -> 1.7150109 | U5: =O5-D5 -> -0.1649 | W5: 54.5911 | X5: 169.39732 | Y5: =X5*1000/W5/$K$1 -> 13491.395 | Z5: =Y5*1000/31/24/3600*$K$1 -> 1.1585353 | AA5: =W5-D5 -> 12.0032 | AB5: =W5-O5 -> 12.1681 | AC5: =X5-Q5 -> -25.472105 | AD5: =Z5*W5 -> 63.245714 | AE5: 54.5911 | AF5: 158.29005 | AG5: =AF5*1000/AE5/$K$1 -> 12606.773 | AH5: =AG5*1000/31/24/3600*$K$1 -> 1.0825708
B6: 2 | C6: 3848.8489 | D6: 124.5886 | E6: 79.2967 | F6: 45.3012 | G6: 63.3097 | H6: 142.6064 | I6: 5.7405296 | J6: 1.2580904 | K6: =(J6*$K$2/9+I6)*31 -> 221.29064 | L6: =K6/D6/$K$1*1000 -> 7722.482 | M6: =L6*1000/31/24/3600*$K$1 -> 0.66314623 | O6: =Shahrdary!C35 -> 129.0044 | P6: =Shahrdary!J35 -> 155.55246 | Q6: =P6*3600*24*31/1000/1000 -> 416.6317 | R6: =Q6*1000/O6/$K$1 -> 14041.708 | S6: =R6*1000/31/24/3600*$K$1 -> 1.2057919 | U6: =O6-D6 -> 4.4158 | W6: 142.6064 | X6: 376.76496 | Y6: =X6*1000/W6/$K$1 -> 11486.921 | Z6: =Y6*1000/31/24/3600*$K$1 -> 0.98640678 | AA6: =W6-D6 -> 18.0178 | AB6: =W6-O6 -> 13.602 | AC6: =X6-Q6 -> -39.866741 | AD6: =Z6*W6 -> 140.66792 | AE6: 142.6064 | AF6: 380.50879 | AG6: =AF6*1000/AE6/$K$1 -> 11601.064 | AH6: =AG6*1000/31/24/3600*$K$1 -> 0.99620849 | AJ6: =1/AK6^0.5 -> 2.236068 | AK6: 0.2
B7: 3 | C7: 3311.0005 | D7: 103.5865 | E7: 71.1002 | F7: 32.7541 | G7: 39.8738 | H7: 110.974 | I7: 4.7381364 | J7: 0.79237215 | K7: =(J7*$K$2/9+I7)*31 -> 174.17505 | L7: =K7/D7/$K$1*1000 -> 7310.6323 | M7: =L7*1000/31/24/3600*$K$1 -> 0.62777981 | O7: =Shahrdary!C36 -> 103.6659 | P7: =Shahrdary!J36 -> 122.01481 | Q7: =P7*3600*24*31/1000/1000 -> 326.80446 | R7: =Q7*1000/O7/$K$1 -> 13706.426 | S7: =R7*1000/31/24/3600*$K$1 -> 1.1770004 | U7: =O7-D7 -> 0.0794 | W7: 110.974 | X7: 303.1536 | Y7: =X7*1000/W7/$K$1 -> 11877.189 | Z7: =Y7*1000/31/24/3600*$K$1 -> 1.0199199 | AA7: =W7-D7 -> 7.3875 | AB7: =W7-O7 -> 7.3081 | AC7: =X7-Q7 -> -23.650865 | AD7: =Z7*W7 -> 113.18459 | AE7: 110.974 | AF7: 227.82645 | AG7: =AF7*1000/AE7/$K$1 -> 8925.9628 | AH7: =AG7*1000/31/24/3600*$K$1 -> 0.76649173 | AJ7: =1/AK7^0.5 -> 1.4142136 | AK7: 0.5
B8: 4 | C8: 1344.8622 | D8: 51.905 | E8: 40.0097 | F8: 11.8632 | G8: 27.1863 | H8: 67.196 | I8: 2.6532464 | J8: 0.54024615 | K8: =(J8*$K$2/9+I8)*31 -> 100.85912 | L8: =K8/D8/$K$1*1000 -> 8448.4711 | M8: =L8*1000/31/24/3600*$K$1 -> 0.72548849 | O8: =Shahrdary!C37 -> 51.671 | P8: =Shahrdary!J37 -> 76.372668 | Q8: =P8*3600*24*31/1000/1000 -> 204.55655 | R8: =Q8*1000/O8/$K$1 -> 17212.292 | S8: =R8*1000/31/24/3600*$K$1 -> 1.4780567 | U8: =O8-D8 -> -0.234 | W8: 67.196 | X8: 175.99921 | Y8: =X8*1000/W8/$K$1 -> 11387.79 | Z8: =Y8*1000/31/24/3600*$K$1 -> 0.97789416 | AA8: =W8-D8 -> 15.291 | AB8: =W8-O8 -> 15.525 | AC8: =X8-Q8 -> -28.557348 | AD8: =Z8*W8 -> 65.710576 | AE8: 67.196 | AF8: 149.06105 | AG8: =AF8*1000/AE8/$K$1 -> 9644.7934 | AH8: =AG8*1000/31/24/3600*$K$1 -> 0.82821927 | AJ8: =1/AK8^0.5 -> 1.1547005 | AK8: 0.75
B9: 5 | C9: 1438.7993 | D9: 44.6798 | E9: 36.6456 | F9: 8.0442 | G9: 36.5337 | H9: 73.1793 | I9: 2.5150638 | J9: 0.72599769 | K9: =(J9*$K$2/9+I9)*31 -> 102.97357 | L9: =K9/D9/$K$1*1000 -> 10020.438 | M9: =L9*1000/31/24/3600*$K$1 -> 0.86047666 | O9: =Shahrdary!C38 -> 45.2492 | P9: =Shahrdary!J38 -> 73.086671 | Q9: =P9*3600*24*31/1000/1000 -> 195.75534 | R9: =Q9*1000/O9/$K$1 -> 18809.397 | S9: =R9*1000/31/24/3600*$K$1 -> 1.6152036 | U9: =O9-D9 -> 0.5694 | W9: 73.1793 | X9: 176.82755 | Y9: =X9*1000/W9/$K$1 -> 10505.914 | Z9: =Y9*1000/31/24/3600*$K$1 -> 0.90216558 | AA9: =W9-D9 -> 28.4995 | AB9: =W9-O9 -> 27.9301 | AC9: =X9-Q9 -> -18.927786 | AD9: =Z9*W9 -> 66.019846 | AE9: 73.1793 | AF9: 180.97724 | AG9: =AF9*1000/AE9/$K$1 -> 10752.461 | AH9: =AG9*1000/31/24/3600*$K$1 -> 0.92333707 | AJ9: =1/AK9^0.5 -> 1 | AK9: 1
B10: 6 | C10: 1874.0366 | D10: 78.9624 | E10: 59.7095 | F10: 19.3502 | G10: 29.6732 | H10: 89.3827 | I10: 4.2208298 | J10: 0.58966583 | K10: =(J10*$K$2/9+I10)*31 -> 151.15644 | L10: =K10/D10/$K$1*1000 -> 8322.9726 | M10: =L10*1000/31/24/3600*$K$1 -> 0.71471166 | O10: =Shahrdary!C39 -> 78.4996 | P10: =Shahrdary!J39 -> 103.37367 | Q10: =P10*3600*24*31/1000/1000 -> 276.87604 | R10: =Q10*1000/O10/$K$1 -> 15335.223 | S10: =R10*1000/31/24/3600*$K$1 -> 1.3168688 | U10: =O10-D10 -> -0.4628 | W10: 89.3827 | X10: 257.27224 | Y10: =X10*1000/W10/$K$1 -> 12514.446 | Z10: =Y10*1000/31/24/3600*$K$1 -> 1.0746425 | AA10: =W10-D10 -> 10.4203 | AB10: =W10-O10 -> 10.8831 | AC10: =X10-Q10 -> -19.603802 | AD10: =Z10*W10 -> 96.05445 | AE10: 89.3827 | AF10: 191.53171 | AG10: =AF10*1000/AE10/$K$1 -> 9316.6412 | AH10: =AG10*1000/31/24/3600*$K$1 -> 0.80004013
B11: 7 | C11: 4747.0846 | D11: 452.6981 | E11: 71.4255 | F11: 381.3246 | G11: 456.31418 | H11: 527.73968 | I11: 5.2853843 | J11: 9.0678754 | K11: =(J11*$K$2/9+I11)*31 -> 476.18484 | L11: =K11/D11/$K$1*1000 -> 4573.3986 | M11: =L11*1000/31/24/3600*$K$1 -> 0.39272763 | O11: =Shahrdary!C40 -> 452.325 | P11: =Shahrdary!J40 -> 244.2337 | Q11: =P11*3600*24*31/1000/1000 -> 654.15554 | R11: =Q11*1000/O11/$K$1 -> 6287.8562 | S11: =R11*1000/31/24/3600*$K$1 -> 0.53995181 | U11: =O11-D11 -> -0.3731 | W11: 527.73968 | X11: 859.21665 | Y11: =X11*1000/W11/$K$1 -> 7078.726 | Z11: =Y11*1000/31/24/3600*$K$1 -> 0.60786551 | AA11: =W11-D11 -> 75.04158 | AB11: =W11-O11 -> 75.41468 | AC11: =X11-Q11 -> 205.06111 | AD11: =Z11*W11 -> 320.79475 | AE11: 527.73968 | AF11: 1472.1948 | AG11: =AF11*1000/AE11/$K$1 -> 12128.796 | AH11: =AG11*1000/31/24/3600*$K$1 -> 1.041526
B12: 8 | C12: 1932.1425 | D12: 111.2728 | E12: 41.5834 | F12: 69.6894 | G12: 63.5709 | H12: 105.1543 | I12: 2.969788 | J12: 1.2632809 | K12: =(J12*$K$2/9+I12)*31 -> 135.57644 | L12: =K12/D12/$K$1*1000 -> 5297.4561 | M12: =L12*1000/31/24/3600*$K$1 -> 0.45490401 | O12: =Shahrdary!C41 -> 188.9336 | P12: =Shahrdary!J41 -> 171.85526 | Q12: =P12*3600*24*31/1000/1000 -> 460.29712 | R12: =Q12*1000/O12/$K$1 -> 10592.567 | S12: =R12*1000/31/24/3600*$K$1 -> 0.90960664 | U12: =O12-D12 -> 77.6608 | W12: 105.1543 | X12: 218.35234 | Y12: =X12*1000/W12/$K$1 -> 9028.2375 | Z12: =Y12*1000/31/24/3600*$K$1 -> 0.77527428 | AA12: =W12-D12 -> -6.1185 | AB12: =W12-O12 -> -83.7793 | AC12: =X12-Q12 -> -241.94478 | AD12: =Z12*W12 -> 81.523424 | AE12: 105.1543 | AF12: 222.25403 | AG12: =AF12*1000/AE12/$K$1 -> 9189.5609 | AH12: =AG12*1000/31/24/3600*$K$1 -> 0.78912747
B13: 9 | C13: 4476.4873 | D13: 386.3511 | E13: 104.7408 | F13: 281.6102 | G13: 219.5193 | H13: 324.2601 | I13: 7.7299888 | J13: 4.3622875 | K13: =(J13*$K$2/9+I13)*31 -> 389.88622 | L13: =K13/D13/$K$1*1000 -> 4387.6088 | M13: =L13*1000/31/24/3600*$K$1 -> 0.37677346 | O13: =Shahrdary!C42 -> 418.588 | P13: =Shahrdary!J42 -> 283.805 | Q13: =P13*3600*24*31/1000/1000 -> 760.14332 | R13: =Q13*1000/O13/$K$1 -> 7895.5225 | S13: =R13*1000/31/24/3600*$K$1 -> 0.67800559 | U13: =O13-D13 -> 32.2369 | W13: 324.2601 | X13: 638.50031 | Y13: =X13*1000/W13/$K$1 -> 8561.301 | Z13: =Y13*1000/31/24/3600*$K$1 -> 0.73517743 | AA13: =W13-D13 -> -62.091 | AB13: =W13-O13 -> -94.3279 | AC13: =X13-Q13 -> -121.64301 | AD13: =Z13*W13 -> 238.38871 | AE13: 324.2601 | AF13: 730.25004 | AG13: =AF13*1000/AE13/$K$1 -> 9791.5229 | AH13: =AG13*1000/31/24/3600*$K$1 -> 0.84081924
B14: 10 | C14: 2335.6471 | D14: 152.724 | E14: 85.8894 | F14: 66.8314 | G14: 103.9836 | H14: 189.873 | I14: 6.1535799 | J14: 2.0663621 | K14: =(J14*$K$2/9+I14)*31 -> 261.93567 | L14: =K14/D14/$K$1*1000 -> 7456.9206 | M14: =L14*1000/31/24/3600*$K$1 -> 0.6403419 | O14: =Shahrdary!C43 -> 157.2299 | P14: =Shahrdary!J43 -> 170.62454 | Q14: =P14*3600*24*31/1000/1000 -> 457.00076 | R14: =Q14*1000/O14/$K$1 -> 12637.29 | S14: =R14*1000/31/24/3600*$K$1 -> 1.0851914 | U14: =O14-D14 -> 4.5059 | W14: 189.873 | X14: 448.82586 | Y14: =X14*1000/W14/$K$1 -> 10277.484 | Z14: =Y14*1000/31/24/3600*$K$1 -> 0.8825498 | AA14: =W14-D14 -> 37.149 | AB14: =W14-O14 -> 32.6431 | AC14: =X14-Q14 -> -8.1748967 | AD14: =Z14*W14 -> 167.57238 | AE14: 189.873 | AF14: 488.61359 | AG14: =AF14*1000/AE14/$K$1 -> 11188.568 | AH14: =AG14*1000/31/24/3600*$K$1 -> 0.9607865
B15: 11 | C15: 1536.0067 | D15: 106.3791 | E15: 88.1413 | F15: 18.3808 | G15: 33.4647 | H15: 121.606 | I15: 6.1143662 | J15: 0.66501052 | K15: =(J15*$K$2/9+I15)*31 -> 212.45127 | L15: =K15/D15/$K$1*1000 -> 8683.1076 | M15: =L15*1000/31/24/3600*$K$1 -> 0.74563723 | O15: =Shahrdary!C44 -> 109.6369 | P15: =Shahrdary!J44 -> 162.44113 | Q15: =P15*3600*24*31/1000/1000 -> 435.08232 | R15: =Q15*1000/O15/$K$1 -> 17253.883 | S15: =R15*1000/31/24/3600*$K$1 -> 1.4816283 | U15: =O15-D15 -> 3.2578 | W15: 121.606 | X15: 364.20895 | Y15: =X15*1000/W15/$K$1 -> 13021.703 | Z15: =Y15*1000/31/24/3600*$K$1 -> 1.1182018 | AA15: =W15-D15 -> 15.2269 | AB15: =W15-O15 -> 11.9691 | AC15: =X15-Q15 -> -70.873369 | AD15: =Z15*W15 -> 135.98005 | AE15: 121.606 | AF15: 283.44533 | AG15: =AF15*1000/AE15/$K$1 -> 10134.13 | AH15: =AG15*1000/31/24/3600*$K$1 -> 0.87023965
B16: 12 | C16: 6506.3395 | D16: 84.6394 | E16: 30.6439 | F16: 53.9955 | G16: 93.1149 | H16: 123.7588 | I16: 2.365272 | J16: 1.8503793 | K16: =(J16*$K$2/9+I16)*31 -> 137.05872 | L16: =K16/D16/$K$1*1000 -> 7040.5447 | M16: =L16*1000/31/24/3600*$K$1 -> 0.6045868 | O16: =Shahrdary!C45 -> 85.5213 | P16: =Shahrdary!J45 -> 89.606466 | Q16: =P16*3600*24*31/1000/1000 -> 240.00196 | R16: =Q16*1000/O16/$K$1 -> 12201.484 | S16: =R16*1000/31/24/3600*$K$1 -> 1.0477678 | U16: =O16-D16 -> 0.8819 | W16: 123.7588 | X16: 237.15974 | Y16: =X16*1000/W16/$K$1 -> 8331.7656 | Z16: =Y16*1000/31/24/3600*$K$1 -> 0.71546673 | AA16: =W16-D16 -> 39.1194 | AB16: =W16-O16 -> 38.2375 | AC16: =X16-Q16 -> -2.8422159 | AD16: =Z16*W16 -> 88.545304 | AE16: 123.7588 | AF16: 294.33443 | AG16: =AF16*1000/AE16/$K$1 -> 10340.395 | AH16: =AG16*1000/31/24/3600*$K$1 -> 0.88795212
B17: 13 | C17: 356.46676 | D17: 7.2237 | E17: 7.0732 | F17: 0.1505 | G17: 2.0961 | H17: 9.1693 | I17: 0.51769708 | J17: 0.041653699 | K17: =(J17*$K$2/9+I17)*31 -> 17.483348 | L17: =K17/D17/$K$1*1000 -> 10522.939 | M17: =L17*1000/31/24/3600*$K$1 -> 0.90362756 | O17: =Shahrdary!C46 -> 7.2237 | P17: =Shahrdary!J46 -> 13.139682 | Q17: =P17*3600*24*31/1000/1000 -> 35.193325 | R17: =Q17*1000/O17/$K$1 -> 21182.283 | S17: =R17*1000/31/24/3600*$K$1 -> 1.8189684 | U17: =O17-D17 -> 0 | W17: 9.1693 | X17: 29.754772 | Y17: =X17*1000/W17/$K$1 -> 14108.882 | Z17: =Y17*1000/31/24/3600*$K$1 -> 1.2115602 | AA17: =W17-D17 -> 1.9456 | AB17: =W17-O17 -> 1.9456 | AC17: =X17-Q17 -> -5.438553 | AD17: =Z17*W17 -> 11.109159 | AE17: 9.1693 | AF17: 23.942189 | AG17: =AF17*1000/AE17/$K$1 -> 11352.718 | AH17: =AG17*1000/31/24/3600*$K$1 -> 0.97488241
D18: 0 | E18: 0 | F18: 0 | G18: 0 | H18: 0 | I18: 0 | J18: 0 | K18: =(J18*$K$2/9+I18)*31 -> 0 | M18: =L18*1000/31/24/3600*$K$1 -> 0 | O18: =Shahrdary!C47 -> 0 | P18: =Shahrdary!J47 -> 0 | Q18: =P18*3600*24*31/1000/1000 -> 0 | S18: =R18*1000/31/24/3600*$K$1 -> 0 | U18: =O18-D18 -> 0 | Z18: =Y18*1000/31/24/3600*$K$1 -> 0 | AA18: =W18-D18 -> 0 | AB18: =W18-O18 -> 0 | AC18: =X18-Q18 -> 0 | AD18: =Z18*W18 -> 0 | AH18: =AG18*1000/31/24/3600*$K$1 -> 0
D19: 0 | E19: 0 | F19: 0 | G19: 0 | H19: 0 | I19: 0 | J19: 0 | K19: =(J19*$K$2/9+I19)*31 -> 0 | M19: =L19*1000/31/24/3600*$K$1 -> 0 | O19: =Shahrdary!C48 -> 0 | P19: =Shahrdary!J48 -> 0 | Q19: =P19*3600*24*31/1000/1000 -> 0 | S19: =R19*1000/31/24/3600*$K$1 -> 0 | U19: =O19-D19 -> 0 | W19: 0 | Z19: =Y19*1000/31/24/3600*$K$1 -> 0 | AA19: =W19-D19 -> 0 | AB19: =W19-O19 -> 0 | AC19: =X19-Q19 -> 0 | AD19: =Z19*W19 -> 0 | AE19: 0 | AH19: =AG19*1000/31/24/3600*$K$1 -> 0
B20: 16 | D20: 33.664 | E20: 19.8417 | F20: 13.8223 | G20: 25.6862 | H20: 45.5279 | I20: 1.1434534 | J20: 0.51043617 | K20: =(J20*$K$2/9+I20)*31 -> 53.028744 | L20: =K20/D20/$K$1*1000 -> 6848.8521 | M20: =L20*1000/31/24/3600*$K$1 -> 0.58812574 | O20: =Shahrdary!C49 -> 33.2012 | P20: =Shahrdary!J49 -> 37.895949 | Q20: =P20*3600*24*31/1000/1000 -> 101.50051 | R20: =Q20*1000/O20/$K$1 -> 13291.886 | S20: =R20*1000/31/24/3600*$K$1 -> 1.141403 | U20: =O20-D20 -> -0.4628 | W20: 45.5279 | X20: 97.316458 | Y20: =X20*1000/W20/$K$1 -> 9293.5328 | Z20: =Y20*1000/31/24/3600*$K$1 -> 0.79805576 | AA20: =W20-D20 -> 11.8639 | AB20: =W20-O20 -> 12.3267 | AC20: =X20-Q20 -> -4.1840534 | AD20: =Z20*W20 -> 36.333803 | AE20: 45.5279 | AF20: 74.605931 | AG20: =AF20*1000/AE20/$K$1 -> 7124.7216 | AH20: =AG20*1000/31/24/3600*$K$1 -> 0.61181525
C21: =SUM(C5:C17) -> 35186.682 | D21: =SUM(D5:D20) -> 1781.2624 | E21: =SUM(E5:E20) -> 774.0852 | F21: =SUM(F5:F20) -> 1007.7227 | G21: =SUM(G5:G20) -> 1210.9334 | H21: =SUM(H5:H20) -> 1985.0186 | I21: =SUM(I5:I20) -> 55.07226 | J21: =SUM(J5:J20) -> 24.063668 | K21: =SUM(K5:K20) -> 2536.0997 | L21: =ROUND(SUMPRODUCT(L5:L20,D5:D20)/D21,-1) -> 6190 | M21: =SUMPRODUCT(M5:M20,D5:D20)/D21 -> 0.53157309 | O21: =SUM(O5:O20) -> 1903.1727 | P21: =SUM(P5:P20) -> 1776.7579 | Q21: =SUM(Q5:Q20) -> 4758.8684 | R21: =ROUND(SUMPRODUCT(R5:R20,O5:O20)/O21,-1) -> 10870 | S21: =SUMPRODUCT(S5:S20,P5:P20)/P21 -> 1.064023 | W21: =SUM(W5:W17,W20) -> 1985.0186 | X21: =SUM(X5:X17,X20) -> 4352.75 | Y21: =ROUND(SUMPRODUCT(Y5:Y20,W5:W20)/W21,-1) -> 9530 | Z21: =SUMPRODUCT(Z5:Z20,W5:W20)/W21 -> 0.81869796 | AC21: =SUM(AC5:AC17,AC20) -> -406.11842 | AE21: =SUM(AE5:AE17,AE20) -> 1985.0186 | AF21: =SUM(AF5:AF17,AF20) -> 4877.8356 | AG21: =ROUND(SUMPRODUCT(AG5:AG20,AE5:AE20)/AE21,-1) -> 10680 | AH21: =SUMPRODUCT(AH5:AH20,AE5:AE20)/AE21 -> 0.91746002
C22: حجم نیاز سالانه | E22: میلیون مترمکعب | K22: =K21/K1/1000 -> 11.026521 | Q22: =Q21/K1/1000 -> 20.690732 | S22: =+S21*P21 -> 1890.5112 | X22: =X21/X1/1000 -> 18.653792 | Z22: =+Z21*W21 -> 1625.1307 | AF22: =AF21/AE1/1000 -> 22.029865
B24: ترتیب بانک | E24: آبدهی واحد | G24: عبارات موجود در بانک | I24: دسته‌بندی تکمیلی/ شناسه‌سازی/ ضرائب
E25: Q_HM | G25: شکل لکه | I25: شناسه | J25: شکل لکه | N25: ضریب
E26: l/s/ha | G26: 0 | I26: 0 | J26: 0 | N26: خُرداقلیم
B27: آیلند ها | C27: =MATCH(B27,$C$21:$C$33,0) -> #N/A | E27: 1.067 | G27: میادین | H27: 1 | I27: 1 | J27: میدان | N27: 1.2
B28: آیلند های بزرگراه | C28: =MATCH(B28,$C$21:$C$33,0) -> #N/A | E28: 1.067 | G28: لچکی ها | H28: 2 | I28: 2 | J28: لچکی‌ | N28: 1.2
B29: پارک های بالای 10 هکتار | C29: =MATCH(B29,$C$21:$C$33,0) -> #N/A | E29: 1.067 | G29: آیلند های بزرگراه | H29: 3 | I29: 3 | J29: وسط بزرگراه | N29: 1.15
B30: پارک های بین 6 تا 10 هکتار | C30: =MATCH(B30,$C$21:$C$33,0) -> #N/A | E30: 1.067 | G30: آیلند ها | H30: 4 | I30: 4 | J30: وسط بلوار | N30: 1.1
B31: پارک های زیر 6 هکتار | C31: =MATCH(B31,$C$21:$C$33,0) -> #N/A | E31: 1.067 | G31: حاشیه های بزرگراه | H31: 5 | I31: 5 | J31: حاشیه‌ بزرگراه | N31: 1.1
B32: جنگل کاری داخل محدوده | C32: =MATCH(B32,$C$21:$C$33,0) -> #N/A | E32: 1.067 | G32: حاشیه معابر | H32: 6 | I32: 6 | J32: حاشیه معابر/ بلوار | N32: 1.05
B33: حاشیه معابر | C33: =MATCH(B33,$C$21:$C$33,0) -> #N/A | E33: 0.667 | G33: پارک های زیر 6 هکتار | H33: 8 | I33: 7 | J33: بوستان خطی | N33: 1.05
B34: حاشیه های بزرگراه | C34: =MATCH(B34,$C$21:$C$33,0) -> #N/A | E34: 0.667 | G34: پارک های بین 6 تا 10 هکتار | H34: 9 | I34: 8 | J34: بوستان؛ کمتراز 6 هـ | N34: 1
B35: کمربند سبز حفاظتی | C35: =MATCH(B35,$C$21:$C$33,0) -> #N/A | E35: 0.667 | G35: پارک های بالای 10 هکتار | H35: 10 | I35: 9 | J35: بوستان؛ 6 تا 10 هـ | N35: 0.9
B36: کمربندی | C36: =MATCH(B36,$C$21:$C$33,0) -> #N/A | E36: 0.667 | G36: جنگل کاری داخل محدوده | H36: 11 | I36: 10 | J36: بوستان؛ بیش‌از 10 هـ | N36: 0.8
B37: لچکی ها | C37: =MATCH(B37,$C$21:$C$33,0) -> #N/A | E37: 0.334 | G37: کمربند سبز حفاظتی | H37: 12 | I37: 11 | J37: جنگل‌کاری | N37: 1
B38: میادین | C38: =MATCH(B38,$C$21:$C$33,0) -> #N/A | E38: 0.23 | G38: کمربندی | H38: 12 | I38: 12 | J38: کمربندی | N38: 1.05
G39: 0 | H39: 0 | I39: 13 | J39: - | N39: -
B41: منطقه | C41: نیاز آبی تیرماه | D41: نیاز واحد (مترمکعب در هکتار)
C42: هزار متر مکعب
B43: 1 | C43: =#REF! -> #REF! | D43: =#REF! -> #REF! | E43: 42.5879
B44: 2 | C44: =#REF! -> #REF! | D44: =#REF! -> #REF! | E44: 125.1786
B45: =B19 -> 0 | C45: =#REF! -> #REF! | D45: =#REF! -> #REF! | E45: 103.9994
B46: =B20 -> 16 | C46: =#REF! -> #REF! | D46: =#REF! -> #REF! | E46: 52.1325
B47: =B21 -> 0 | C47: =#REF! -> #REF! | D47: =#REF! -> #REF! | E47: 44.6798
B48: =B22 -> 0 | C48: =#REF! -> #REF! | D48: =#REF! -> #REF! | E48: 79.6986
B49: =B23 -> 0 | C49: =#REF! -> #REF! | D49: =#REF! -> #REF! | E49: 529.6368
B50: =B24 -> ترتیب بانک | C50: =#REF! -> #REF! | D50: =#REF! -> #REF! | E50: 111.2728
B51: =B25 -> 0 | C51: =#REF! -> #REF! | D51: =#REF! -> #REF! | E51: 393.5285
B52: =B26 -> 0 | C52: =#REF! -> #REF! | D52: =#REF! -> #REF! | E52: 153.4815
B53: =B27 -> آیلند ها | C53: =#REF! -> #REF! | D53: =#REF! -> #REF! | E53: 106.5814
B54: =B28 -> آیلند های بزرگراه | C54: =#REF! -> #REF! | D54: =#REF! -> #REF! | E54: 87.462
B55: =B29 -> پارک های بالای 10 هکتار | C55: =#REF! -> #REF! | D55: =#REF! -> #REF! | E55: 7.2237
B56: =B30 -> پارک های بین 6 تا 10 هکتار | C56: =#REF! -> #REF! | D56: =#REF! -> #REF!
B57: =B31 -> پارک های زیر 6 هکتار | C57: =#REF! -> #REF! | D57: =#REF! -> #REF!
B58: =B32 -> جنگل کاری داخل محدوده | C58: =#REF! -> #REF! | D58: =#REF! -> #REF! | E58: 33.664
C59: =SUM(C43:C55,C58) -> #REF! | E59: =SUM(E43:E55,E58) -> 1871.1275
B60: مجموع | C60: =SUM(C43:C58) -> #REF! | D60: =SUM(D43:D58) -> #REF!

Sheet 16
B2: از برآورد مهندسی | N2: 0.23 | O2: 10 | R2: از روش دفتر محیط زیست- نرم‌افزاری
B3: شناسهء پیمان/ | D3: فضای سبز (نگهداری) | E3: سطوح آبیاری لکه‌ها | F3: سطح نگهداری تک‌درختان | G3: سطح تبخیرتعرق تک‌درختان | H3: سطح برآورد تبخیرتعرق | I3: نیاز آبیاری لکه‌ها | J3: نیازآبیاری تک‌درختان | K3: نیاز آبیاری لکه‌ها | L3: نیازآبیاری تک‌درختان | R3: مساحت | S3: نیاز آبی سالانه | T3: نیاز آبی تیر ماه | Z3: 940924
B4: نام لکه در بانک نگهداری | C4: نشانی/ توضیحات | D4: مترمربع | E4: مترمربع | F4: مترمربع | G4: مترمربع | H4: مترمربع | I4: مترمکعب درروز | K4: لیتردرثانیه | L4: لیتردرثانیه | M4: هزار مترمکعب | N4: مترمکعب در هکتار | O4: لیتردرثانیه درهکتار | R4: مترمربع | S4: مترمکعب | T4: مترمکعب | U4: مترمکعب در هکتار | W4: لیتردرثانیه درهکتار | Z4: 34812
B5: پارک ریحانه | D5: 81110 | E5: 22687 | F5: 58423 | G5: 82094 | H5: 104781 | I5: 130.74246 | J5: 163.1372 | K5: 1.5132229 | L5: 1.888162 | M5: =(J5*$O$2/9+I5)*31/1000*P5 -> 17.023048 | N5: =M5/(D5/10000)/$N$2*1000 -> 9125.0465 | O5: =N5*1000/31/24/3600*$N$2 -> 0.78358747 | P5: 1.76 | R5: 82094 | S5: 300725.54 | T5: 72675.713 | U5: =S5/R5*10000 -> 36631.854 | V5: =T5/S5 -> 0.24166791 | W5: =U5*1000/31/24/3600*$N$2 -> 3.1456565 | Z5: =Z3-Z4 -> 906112
B6: پاغ گیاهشناسی | D6: 174768 | E6: 94968 | F6: 79800 | G6: 174768 | H6: 269736 | I6: 547.28919 | J6: 347.29897 | K6: 6.3343656 | L6: 4.019664 | M6: =(J6*$O$2/9+I6)*31/1000*P6 -> 50.914133 | N6: =M6/(D6/10000)/$N$2*1000 -> 12666.266 | O6: =N6*1000/31/24/3600*$N$2 -> 1.0876797 | P6: =P5 -> 1.76 | R6: 174768 | S6: 460264.8 | T6: 109653.17 | U6: =S6/R6*10000 -> 26335.759 | V6: =T6/S6 -> 0.2382393 | W6: =U6*1000/31/24/3600*$N$2 -> 2.2615086 | Z6: 156533
B7: پارک دانش | D7: 13428 | E7: 13428 | F7: 0 | G7: 0 | H7: 13428 | I7: 77.383953 | J7: 0 | K7: 0.8956476 | L7: 0 | M7: =(J7*$O$2/9+I7)*31/1000*P7 -> 4.2220685 | N7: =M7/(D7/10000)/$N$2*1000 -> 13670.554 | O7: =N7*1000/31/24/3600*$N$2 -> 1.17392 | P7: =P6 -> 1.76 | R7: 13428 | S7: 18725.314 | T7: 4179.2022 | U7: =S7/R7*10000 -> 13944.976 | V7: =T7/S7 -> 0.22318463 | W7: =U7*1000/31/24/3600*$N$2 -> 1.1974853 | Z7: =Z5-Z6 -> 749579
B8: باغ گلها | D8: 13334 | E8: 13334 | F8: 0 | G8: 0 | H8: 13334 | I8: 76.842242 | J8: 0 | K8: 0.8893778 | L8: 0 | M8: =(J8*$O$2/9+I8)*31/1000*P8 -> 4.1925127 | N8: =M8/(D8/10000)/$N$2*1000 -> 13670.554 | O8: =N8*1000/31/24/3600*$N$2 -> 1.17392 | P8: =P7 -> 1.76 | R8: 13334 | S8: 20565.599 | T8: 4675.8371 | U8: =S8/R8*10000 -> 15423.428 | V8: =T8/S8 -> 0.22736206 | W8: =U8*1000/31/24/3600*$N$2 -> 1.3244431
B9: پارک مینیاتوری | D9: 54000 | E9: 54000 | F9: 0 | G9: 0 | H9: 54000 | I9: 311.19552 | J9: 0 | K9: 3.6018 | L9: 0 | M9: =(J9*$O$2/9+I9)*31/1000*P9 -> 16.978828 | N9: =M9/(D9/10000)/$N$2*1000 -> 13670.554 | O9: =N9*1000/31/24/3600*$N$2 -> 1.17392 | P9: =P8 -> 1.76 | R9: 54000 | S9: 84457.242 | T9: 18645.624 | U9: =S9/R9*10000 -> 15640.23 | V9: =T9/S9 -> 0.22076998 | W9: =U9*1000/31/24/3600*$N$2 -> 1.3430604
D10: =SUM(D5:D9) -> 336640 | K10: =SUM(K5:K9) -> 13.234414 | L10: =SUM(L5:L9) -> 5.907826 | M10: =SUM(M5:M9) -> 93.33059 | N10: =SUMPRODUCT(N5:N9,D5:D9)/D10 -> 12053.98 | O10: =N10*1000/31/24/3600*$N$2 -> 1.0351013 | R10: =SUM(R5:R9) -> 337624 | S10: =SUM(S5:S9) -> 884738.5 | T10: =SUM(T5:T9) -> 209829.54 | U10: =S10/R10*10000 -> 26204.846 | V10: =T10/S10 -> 0.23716561 | W10: =U10*1000/31/24/3600*$N$2 -> 2.2502668
H12: =H5/D5 -> 1.2918382
H13: =H6/D6 -> 1.5433947
H14: =H7/D7 -> 1 | M14: با اصلاح متر و سطح باغها
B15: پارک ریحانه | D15: 81110 | E15: 22687 | F15: 58423 | G15: 82094 | H15: 104781 | I15: 130.74246 | J15: 163.1372 | K15: 1.5132229 | L15: 1.888162
B16: پاغ گیاهشناسی | D16: 174768 | E16: 94968 | F16: 79800 | G16: 174768 | H16: 269736 | I16: 547.28919 | J16: 347.29897 | K16: 6.3343656 | L16: 4.019664
B17: پارک دانش | D17: 13428 | E17: 13428 | F17: 0 | G17: 0 | H17: 13428 | I17: 77.383953 | J17: 0 | K17: 0.8956476 | L17: 0
B18: باغ گلها | D18: 13334 | E18: 13334 | F18: 0 | G18: 0 | H18: 13334 | I18: 76.842242 | J18: 0 | K18: 0.8893778 | L18: 0
B19: پارک مینیاتوری | D19: 54000 | E19: 54000 | F19: 0 | G19: 0 | H19: 54000 | I19: 311.19552 | J19: 0 | K19: 3.6018 | L19: 0
D20: =SUM(D15:D19) -> 336640 | K20: =SUM(K15:K19) -> 13.234414 | L20: =SUM(L15:L19) -> 5.907826 | M20: =SUM(M15:M19) -> 0 | N20: =SUMPRODUCT(N15:N19,D15:D19)/D20 -> 0 | O20: =N20*1000/31/24/3600*$N$2 -> 0 | R20: =SUM(R15:R19) -> 0 | S20: =SUM(S15:S19) -> 0 | T20: =SUM(T15:T19) -> 0 | U20: =S20/R20*10000 -> #DIV/0! | V20: =T20/S20 -> #DIV/0! | W20: =U20*1000/31/24/3600*$N$2 -> #DIV/0!

Sheet Abs (2)
B2: وضعیت مناطق و پیمان‌‌ها و تحلیل تعداد و پراکنش لکه در هر پیمان | AD2: نیاز آبیاری؛ لیتردرثانیه
B3: منطقه | C3: محدوده | D3: پيمان | E3: نام پیمان | F3: سطح کاربری فضای سبز؛ مترمربع | X3: ترتیب و نام قبلی پیمان | AA3: توسعه ویژه؛ مترمربع | AF3: 0.15
B4: District | C4: Region | D4: Peyman | E4: Peyman | F4: وضعِ موجود | G4: درحال توسعه‌ | H4: طرح تفصیلی | I4: پهنه‌های ‌توسعه‌نیافته | J4: طرح تفصیلی اولیه | O4: =IF(B4="",O3,B4) -> District | P4: =IF(C4="",P3,C4) -> Region | Q4: =IF(D4="",Q3,D4) -> Peyman | R4: Reg.Pey | S4: Code | T4: Count | AA4: معابر | AB4: بوستان‌ها | AC4: جنگل‌کاری | AD4: کمربندی | AE4: جمع
A5: =+S5 -> 010101 | B5: 01 | C5: 01 | D5: 01 | E5: الف ناحیه 1 منطقه 1 | F5: 102205 | G5: 0 | H5: 0 | I5: 0 | J5: 0 | O5: =IF(B5="",O4,B5) -> 01 | P5: =IF(C5="",P4,C5) -> 01 | Q5: =IF(D5="",Q4,D5) -> 01 | R5: =CONCATENATE(P5,Q5) -> 0101 | S5: =CONCATENATE(O5,P5,Q5) -> 010101 | U5: =VALUE(S5) -> 10101
A6: =+S6 -> 010201 | C6: 02 | D6: 01 | E6: الف ناحیه 2 منطقه 1 - 9808 | F6: 160580 | G6: 0 | H6: 59659 | I6: 0 | J6: 59659 | O6: =IF(B6="",O5,B6) -> 01 | P6: =IF(C6="",P5,C6) -> 02 | Q6: =IF(D6="",Q5,D6) -> 01 | R6: =CONCATENATE(P6,Q6) -> 0201 | S6: =CONCATENATE(O6,P6,Q6) -> 010201 | U6: =VALUE(S6) -> 10201
A7: =+S7 -> 010202 | D7: 02 | E7: ب ناحیه 2 منطقه 1 - 9808 | F7: 88067 | G7: 0 | H7: 5524 | I7: 0 | J7: 5524 | O7: =IF(B7="",O6,B7) -> 01 | P7: =IF(C7="",P6,C7) -> 02 | Q7: =IF(D7="",Q6,D7) -> 02 | R7: =CONCATENATE(P7,Q7) -> 0202 | S7: =CONCATENATE(O7,P7,Q7) -> 010202 | U7: =VALUE(S7) -> 10202
A8: =+S8 -> 010301 | C8: 03 | D8: 01 | E8: ناحیه 3 منطقه 1 - 9711 | F8: 73378 | G8: 0 | H8: 37692 | I8: 0 | J8: 37692 | O8: =IF(B8="",O7,B8) -> 01 | P8: =IF(C8="",P7,C8) -> 03 | Q8: =IF(D8="",Q7,D8) -> 01 | R8: =CONCATENATE(P8,Q8) -> 0301 | S8: =CONCATENATE(O8,P8,Q8) -> 010301 | U8: =VALUE(S8) -> 10301
A9: =+S9 -> 020101 | B9: 02 | C9: 01 | D9: 01 | E9: الف ناحیه 1 منطقه 2 - 9809 | H9: 47601 | J9: 314971 | O9: =IF(B9="",O8,B9) -> 02 | P9: =IF(C9="",P8,C9) -> 01 | Q9: =IF(D9="",Q8,D9) -> 01 | R9: =CONCATENATE(P9,Q9) -> 0101 | S9: =CONCATENATE(O9,P9,Q9) -> 020101 | U9: =VALUE(S9) -> 20101
A10: =+S10 -> 020102 | D10: 02 | E10: ب ناحیه 1 منطقه 2 | O10: =IF(B10="",O9,B10) -> 02 | P10: =IF(C10="",P9,C10) -> 01 | Q10: =IF(D10="",Q9,D10) -> 02 | R10: =CONCATENATE(P10,Q10) -> 0102 | S10: =CONCATENATE(O10,P10,Q10) -> 020102 | U10: =VALUE(S10) -> 20102
A11: =+S11 -> 020103 | D11: 03 | E11: ج ناحیه 1 منطقه 2 | O11: =IF(B11="",O10,B11) -> 02 | P11: =IF(C11="",P10,C11) -> 01 | Q11: =IF(D11="",Q10,D11) -> 03 | R11: =CONCATENATE(P11,Q11) -> 0103 | S11: =CONCATENATE(O11,P11,Q11) -> 020103 | U11: =VALUE(S11) -> 20103 | AA11: =+Z12-AA12-AA13 -> 561.66282
A12: =+S12 -> 02201 | C12: 2 | D12: 01 | E12: صدمتری ناحیه 2 منطقه 2 - 9810 | G12: 331320 | H12: 878273 | J12: 916130 | O12: =IF(B12="",O11,B12) -> 02 | P12: =IF(C12="",P11,C12) -> 2 | Q12: =IF(D12="",Q11,D12) -> 01 | R12: =CONCATENATE(P12,Q12) -> 201 | S12: =CONCATENATE(O12,P12,Q12) -> 02201 | U12: =VALUE(S12) -> 2201 | W12: 01 | X12: بوستان پردیس ب ناحیه 2 منطقه 2 - 9808 | Z12: =11016628.2027/10000 -> 1101.6628 | AA12: 270 | AB12: =1.8/100*AA12*10000 -> 48600 | AC12: =2.2/100*AA12*10000 -> 59400 | AD12: =+AB12/10000*#REF! -> #REF! | AE12: =+AC12/10000*#REF! -> #REF! | AF12: =SUM(AD12:AE12)*(1+$AF$3) -> #REF! | AG12: =+AF12*1.5 -> #REF!
A13: =+S13 -> 02202 | D13: 02 | E13: بوستان پردیس ب ناحیه 2 منطقه 2 - 9808 | H13: 0 | J13: 148541 | O13: =IF(B13="",O12,B13) -> 02 | P13: =IF(C13="",P12,C13) -> 2 | Q13: =IF(D13="",Q12,D13) -> 02 | R13: =CONCATENATE(P13,Q13) -> 202 | S13: =CONCATENATE(O13,P13,Q13) -> 02202 | U13: =VALUE(S13) -> 2202 | W13: 02 | X13: صدمتری ناحیه 2 منطقه 2 - 9810 | AA13: 270 | AB13: =1.8/100*AA13*10000 -> 48600 | AC13: =2.2/100*AA13*10000 -> 59400 | AD13: =+AB13/10000*#REF! -> #REF! | AE13: =+AC13/10000*#REF! -> #REF! | AF13: =SUM(AD13:AE13)*(1+$AF$3) -> #REF! | AG13: =+AF13*1.5 -> #REF!
A14: =+S14 -> 020301 | C14: 03 | D14: 01 | E14: ناحیه 3 منطقه 2 | H14: 197603 | J14: 454117 | O14: =IF(B14="",O13,B14) -> 02 | P14: =IF(C14="",P13,C14) -> 03 | Q14: =IF(D14="",Q13,D14) -> 01 | R14: =CONCATENATE(P14,Q14) -> 0301 | S14: =CONCATENATE(O14,P14,Q14) -> 020301 | U14: =VALUE(S14) -> 20301 | Z14: =7160777.21330999/10000 -> 716.07772 | AA14: =+Z14 -> 716.07772 | AB14: =1.8/100*AA14*10000 -> 128893.99 | AC14: =2.2/100*AA14*10000 -> 157537.1 | AD14: =+AB14/10000*#REF! -> #REF! | AE14: =+AC14/10000*#REF! -> #REF! | AF14: =SUM(AD14:AE14)*(1+$AF$3) -> #REF! | AG14: =+AF14*1.5 -> #REF!
A15: =+S15 -> 020401 | C15: 04 | D15: 01 | E15: الف ناحیه 4 منطقه 2 | H15: 6288 | J15: 123129 | O15: =IF(B15="",O14,B15) -> 02 | P15: =IF(C15="",P14,C15) -> 04 | Q15: =IF(D15="",Q14,D15) -> 01 | R15: =CONCATENATE(P15,Q15) -> 0401 | S15: =CONCATENATE(O15,P15,Q15) -> 020401 | U15: =VALUE(S15) -> 20401
A16: =+S16 -> 020402 | D16: 02 | E16: ب ناحیه 4 منطقه 2 - 9803 | O16: =IF(B16="",O15,B16) -> 02 | P16: =IF(C16="",P15,C16) -> 04 | Q16: =IF(D16="",Q15,D16) -> 02 | R16: =CONCATENATE(P16,Q16) -> 0402 | S16: =CONCATENATE(O16,P16,Q16) -> 020402 | U16: =VALUE(S16) -> 20402
A17: =+S17 -> 030101 | B17: 03 | C17: 01 | D17: 01 | E17: ناحیه 1 منطقه 3 - 9811 | F17: 106996 | G17: 0 | H17: 54363 | I17: 0 | J17: 83755 | O17: =IF(B17="",O16,B17) -> 03 | P17: =IF(C17="",P16,C17) -> 01 | Q17: =IF(D17="",Q16,D17) -> 01 | R17: =CONCATENATE(P17,Q17) -> 0101 | S17: =CONCATENATE(O17,P17,Q17) -> 030101 | U17: =VALUE(S17) -> 30101 | X17: ناحیه 1 منطقه 3
A18: =+S18 -> 030201 | C18: 02 | D18: 01 | E18: ناحیه 2 منطقه 3 - 9810 | F18: 186106 | G18: 4429229.2 | H18: 342952 | I18: 0 | J18: 489416 | O18: =IF(B18="",O17,B18) -> 03 | P18: =IF(C18="",P17,C18) -> 02 | Q18: =IF(D18="",Q17,D18) -> 01 | R18: =CONCATENATE(P18,Q18) -> 0201 | S18: =CONCATENATE(O18,P18,Q18) -> 030201 | U18: =VALUE(S18) -> 30201
A19: =+S19 -> 030301 | C19: 03 | D19: 01 | E19: ناحیه 3 منطقه 3 - 9808 | F19: 269617 | G19: 7367096.3 | H19: 1081436 | I19: 0 | J19: 1371712 | O19: =IF(B19="",O18,B19) -> 03 | P19: =IF(C19="",P18,C19) -> 03 | Q19: =IF(D19="",Q18,D19) -> 01 | R19: =CONCATENATE(P19,Q19) -> 0301 | S19: =CONCATENATE(O19,P19,Q19) -> 030301 | U19: =VALUE(S19) -> 30301
A20: =+S20 -> 030302 | D20: 02 | E20: پارک بهار ناحیه 3 منطقه 3 -9706 | F20: 429266 | G20: 0 | H20: 0 | I20: 0 | J20: 783669 | O20: =IF(B20="",O19,B20) -> 03 | P20: =IF(C20="",P19,C20) -> 03 | Q20: =IF(D20="",Q19,D20) -> 02 | R20: =CONCATENATE(P20,Q20) -> 0302 | S20: =CONCATENATE(O20,P20,Q20) -> 030302 | U20: =VALUE(S20) -> 30302
A21: =+S21 -> 030401 | C21: 04 | D21: 01 | E21: ناحیه 4 منطقه 3 - 9810 | F21: 44674 | G21: 0 | H21: 0 | I21: 0 | J21: 0 | O21: =IF(B21="",O20,B21) -> 03 | P21: =IF(C21="",P20,C21) -> 04 | Q21: =IF(D21="",Q20,D21) -> 01 | R21: =CONCATENATE(P21,Q21) -> 0401 | S21: =CONCATENATE(O21,P21,Q21) -> 030401 | U21: =VALUE(S21) -> 30401
A22: =+S22 -> 040101 | B22: 04 | C22: 01 | D22: 01 | E22: ناحیه 1 منطقه 4 - 9708 | F22: 131294 | G22: 0 | H22: 122966 | I22: 0 | J22: 288603 | O22: =IF(B22="",O21,B22) -> 04 | P22: =IF(C22="",P21,C22) -> 01 | Q22: =IF(D22="",Q21,D22) -> 01 | R22: =CONCATENATE(P22,Q22) -> 0101 | S22: =CONCATENATE(O22,P22,Q22) -> 040101 | U22: =VALUE(S22) -> 40101
A23: =+S23 -> 040201 | C23: 02 | D23: 01 | E23: ناحیه 2 منطقه 4 - 9812 | F23: 192067 | G23: 0 | H23: 23205 | I23: 0 | J23: 153118 | O23: =IF(B23="",O22,B23) -> 04 | P23: =IF(C23="",P22,C23) -> 02 | Q23: =IF(D23="",Q22,D23) -> 01 | R23: =CONCATENATE(P23,Q23) -> 0201 | S23: =CONCATENATE(O23,P23,Q23) -> 040201 | U23: =VALUE(S23) -> 40201 | X23: ناحیه 2 منطقه 4 - 9712
A24: =+S24 -> 040301 | C24: 03 | D24: 01 | E24: ناحیه 3 منطقه 4 - 9807 | F24: 193349 | G24: 133752 | H24: 542349 | I24: 0 | J24: 733675 | O24: =IF(B24="",O23,B24) -> 04 | P24: =IF(C24="",P23,C24) -> 03 | Q24: =IF(D24="",Q23,D24) -> 01 | R24: =CONCATENATE(P24,Q24) -> 0301 | S24: =CONCATENATE(O24,P24,Q24) -> 040301 | U24: =VALUE(S24) -> 40301
A25: =+S25 -> 050101 | B25: 05 | C25: 01 | D25: 01 | E25: بوستان وحدت الف ناحیه 1 منطقه 5 - 9710 | F25: 78472 | G25: 0 | H25: 0 | I25: 0 | J25: 142790 | O25: =IF(B25="",O24,B25) -> 05 | P25: =IF(C25="",P24,C25) -> 01 | Q25: =IF(D25="",Q24,D25) -> 01 | R25: =CONCATENATE(P25,Q25) -> 0101 | S25: =CONCATENATE(O25,P25,Q25) -> 050101 | U25: =VALUE(S25) -> 50101 | W25: 01 | X25: ب ناحیه 1 منطقه 5 - 9708
A26: =+S26 -> 050102 | D26: 02 | E26: ب ناحیه 1 منطقه 5 - 9708 | F26: 194978 | G26: 446820 | H26: 205363 | I26: 143954 | J26: 405760 | O26: =IF(B26="",O25,B26) -> 05 | P26: =IF(C26="",P25,C26) -> 01 | Q26: =IF(D26="",Q25,D26) -> 02 | R26: =CONCATENATE(P26,Q26) -> 0102 | S26: =CONCATENATE(O26,P26,Q26) -> 050102 | U26: =VALUE(S26) -> 50102 | W26: 02 | X26: بوستان وحدت الف ناحیه 1 منطقه 5 - 9710
A27: =+S27 -> 050201 | C27: 02 | D27: 01 | E27: ناحیه 2 منطقه 5 - 9810 | F27: 179042 | G27: 205705 | H27: 266373 | I27: 3083985 | J27: 409550 | O27: =IF(B27="",O26,B27) -> 05 | P27: =IF(C27="",P26,C27) -> 02 | Q27: =IF(D27="",Q26,D27) -> 01 | R27: =CONCATENATE(P27,Q27) -> 0201 | S27: =CONCATENATE(O27,P27,Q27) -> 050201 | U27: =VALUE(S27) -> 50201 | X27: الف ناحیه 2 منطقه 5
A28: =+S28 -> 060101 | B28: 06 | C28: 01 | D28: 01 | E28: الف ناحیه 1 منطقه 6 - 9711 | F28: 99484 | G28: 6000 | H28: 200422 | I28: 0 | J28: 297040 | O28: =IF(B28="",O27,B28) -> 06 | P28: =IF(C28="",P27,C28) -> 01 | Q28: =IF(D28="",Q27,D28) -> 01 | R28: =CONCATENATE(P28,Q28) -> 0101 | S28: =CONCATENATE(O28,P28,Q28) -> 060101 | U28: =VALUE(S28) -> 60101 | X28: الف ناحیه 1 منطقه 6
A29: =+S29 -> 060102 | C29: 01 | D29: 02 | E29: ب ناحیه 1 منطقه 6 - 9809 | F29: 188349 | I29: 0 | O29: =IF(B29="",O28,B29) -> 06 | P29: =IF(C29="",P28,C29) -> 01 | Q29: =IF(D29="",Q28,D29) -> 02 | R29: =CONCATENATE(P29,Q29) -> 0102 | S29: =CONCATENATE(O29,P29,Q29) -> 060102 | U29: =VALUE(S29) -> 60102 | X29: الف ناحیه 2 منطقه 6
A30: =+S30 -> 060201 | C30: 02 | D30: 01 | E30: الف ناحیه 2 منطقه 6 - 9808 | F30: 257661 | G30: 0 | H30: 913612 | I30: 0 | J30: 1049347 | O30: =IF(B30="",O29,B30) -> 06 | P30: =IF(C30="",P29,C30) -> 02 | Q30: =IF(D30="",Q29,D30) -> 01 | R30: =CONCATENATE(P30,Q30) -> 0201 | S30: =CONCATENATE(O30,P30,Q30) -> 060201 | U30: =VALUE(S30) -> 60201 | X30: ب ناحیه 2 منطقه 6
A31: =+S31 -> 060202 | C31: 02 | D31: 02 | E31: ب ناحیه 2 منطقه 6 - 9809 | F31: 106788 | G31: 0 | I31: 0 | O31: =IF(B31="",O30,B31) -> 06 | P31: =IF(C31="",P30,C31) -> 02 | Q31: =IF(D31="",Q30,D31) -> 02 | R31: =CONCATENATE(P31,Q31) -> 0202 | S31: =CONCATENATE(O31,P31,Q31) -> 060202 | U31: =VALUE(S31) -> 60202 | X31: ناحیه 3 منطقه 6
A32: =+S32 -> 060301 | C32: 03 | D32: 01 | E32: ناحیه 3 منطقه 6 | F32: 132714 | G32: 50000 | H32: 388246 | I32: 0 | J32: 529900 | O32: =IF(B32="",O31,B32) -> 06 | P32: =IF(C32="",P31,C32) -> 03 | Q32: =IF(D32="",Q31,D32) -> 01 | R32: =CONCATENATE(P32,Q32) -> 0301 | S32: =CONCATENATE(O32,P32,Q32) -> 060301 | U32: =VALUE(S32) -> 60301 | X32: الف ناحیه 4 منطقه 6
A33: =+S33 -> 070101 | B33: 07 | C33: 01 | D33: 01 | E33: ناحیه 1 منطقه 7 - 9810 | F33: 397833 | G33: 0 | H33: 126830 | I33: 0 | J33: 948569 | O33: =IF(B33="",O32,B33) -> 07 | P33: =IF(C33="",P32,C33) -> 01 | Q33: =IF(D33="",Q32,D33) -> 01 | R33: =CONCATENATE(P33,Q33) -> 0101 | S33: =CONCATENATE(O33,P33,Q33) -> 070101 | U33: =VALUE(S33) -> 70101 | X33: ناحیه 1 منطقه 7
A34: =+S34 -> 070201 | C34: 02 | D34: 01 | E34: الف ناحیه 2 منطقه 7 - 9808 | F34: 372136 | G34: 0 | H34: 750728 | I34: 0 | J34: 1089401 | O34: =IF(B34="",O33,B34) -> 07 | P34: =IF(C34="",P33,C34) -> 02 | Q34: =IF(D34="",Q33,D34) -> 01 | R34: =CONCATENATE(P34,Q34) -> 0201 | S34: =CONCATENATE(O34,P34,Q34) -> 070201 | U34: =VALUE(S34) -> 70201
A35: =+S35 -> 070202 | D35: 02 | E35: ب ناحیه 2 منطقه 7 - 9807 | F35: 172521 | G35: 0 | I35: 0 | O35: =IF(B35="",O34,B35) -> 07 | P35: =IF(C35="",P34,C35) -> 02 | Q35: =IF(D35="",Q34,D35) -> 02 | R35: =CONCATENATE(P35,Q35) -> 0202 | S35: =CONCATENATE(O35,P35,Q35) -> 070202 | U35: =VALUE(S35) -> 70202
A36: =+S36 -> 070203 | D36: 03 | E36: ج ناحیه 2 منطقه 7 - 9712 | F36: 465922 | G36: 0 | I36: 0 | O36: =IF(B36="",O35,B36) -> 07 | P36: =IF(C36="",P35,C36) -> 02 | Q36: =IF(D36="",Q35,D36) -> 03 | R36: =CONCATENATE(P36,Q36) -> 0203 | S36: =CONCATENATE(O36,P36,Q36) -> 070203 | U36: =VALUE(S36) -> 70203 | W36: 03 | X36: بوستان غدیر ناحیه 2 منطقه 7
A37: =+S37 -> 070204 | D37: 04 | E37: بوستان غدیر منطقه 7 - 9811 | F37: 795483 | G37: 0 | H37: 0 | I37: 0 | J37: 876415 | O37: =IF(B37="",O36,B37) -> 07 | P37: =IF(C37="",P36,C37) -> 02 | Q37: =IF(D37="",Q36,D37) -> 04 | R37: =CONCATENATE(P37,Q37) -> 0204 | S37: =CONCATENATE(O37,P37,Q37) -> 070204 | U37: =VALUE(S37) -> 70204 | W37: 04 | X37: ج ناحیه 2 منطقه 7 - 9712
A38: =+S38 -> 070205 | D38: 05 | E38: پارک طرق ناحیه 2 منطقه 7 - 9807 | F38: 790837 | G38: 0 | H38: 0 | I38: 0 | J38: 923703 | O38: =IF(B38="",O37,B38) -> 07 | P38: =IF(C38="",P37,C38) -> 02 | Q38: =IF(D38="",Q37,D38) -> 05 | R38: =CONCATENATE(P38,Q38) -> 0205 | S38: =CONCATENATE(O38,P38,Q38) -> 070205 | U38: =VALUE(S38) -> 70205
A39: =+S39 -> 070301 | C39: 03 | D39: 01 | E39: الف ناحیه 3 منطقه 7 - 9709 | F39: 98877 | G39: 0 | H39: 1976836 | I39: 0 | J39: 2178329 | O39: =IF(B39="",O38,B39) -> 07 | P39: =IF(C39="",P38,C39) -> 03 | Q39: =IF(D39="",Q38,D39) -> 01 | R39: =CONCATENATE(P39,Q39) -> 0301 | S39: =CONCATENATE(O39,P39,Q39) -> 070301 | U39: =VALUE(S39) -> 70301
A40: =+S40 -> 070302 | D40: 02 | E40: ب ناحیه 3 منطقه 7 - 9709 | F40: 1429641 | G40: 0 | I40: 0 | O40: =IF(B40="",O39,B40) -> 07 | P40: =IF(C40="",P39,C40) -> 03 | Q40: =IF(D40="",Q39,D40) -> 02 | R40: =CONCATENATE(P40,Q40) -> 0302 | S40: =CONCATENATE(O40,P40,Q40) -> 070302 | U40: =VALUE(S40) -> 70302 | X40: ب ناحیه 3 منطقه 7
A41: =+S41 -> 080101 | B41: 08 | C41: 01 | D41: 01 | E41: ناحیه 1 منطقه 8 - 9811 | F41: 53613 | G41: 0 | H41: 32509 | I41: 0 | J41: 82580 | O41: =IF(B41="",O40,B41) -> 08 | P41: =IF(C41="",P40,C41) -> 01 | Q41: =IF(D41="",Q40,D41) -> 01 | R41: =CONCATENATE(P41,Q41) -> 0101 | S41: =CONCATENATE(O41,P41,Q41) -> 080101 | U41: =VALUE(S41) -> 80101
A42: =+S42 -> 080201 | C42: 02 | D42: 01 | E42: ناحیه 2 منطقه 8 - 9712 | F42: 144511 | G42: 0 | H42: 723745 | I42: 0 | J42: 740306 | O42: =IF(B42="",O41,B42) -> 08 | P42: =IF(C42="",P41,C42) -> 02 | Q42: =IF(D42="",Q41,D42) -> 01 | R42: =CONCATENATE(P42,Q42) -> 0201 | S42: =CONCATENATE(O42,P42,Q42) -> 080201 | U42: =VALUE(S42) -> 80201 | W42: 01 | X42: بوستان کوهسنگی ناحیه 2 منطقه 8
A43: =+S43 -> 080202 | D43: 02 | E43: بوستان کوهسنگی منطقه 8 | F43: 289687 | G43: 0 | H43: 106727 | I43: 0 | J43: 874642 | O43: =IF(B43="",O42,B43) -> 08 | P43: =IF(C43="",P42,C43) -> 02 | Q43: =IF(D43="",Q42,D43) -> 02 | R43: =CONCATENATE(P43,Q43) -> 0202 | S43: =CONCATENATE(O43,P43,Q43) -> 080202 | U43: =VALUE(S43) -> 80202 | W43: 02 | X43: ناحیه 2 منطقه 8 - 9712
A44: =+S44 -> 080301 | C44: 03 | D44: 01 | E44: ناحیه 3 منطقه 8 - 9809 | F44: 631916 | G44: 0 | H44: 761378 | I44: 0 | J44: 1137472 | O44: =IF(B44="",O43,B44) -> 08 | P44: =IF(C44="",P43,C44) -> 03 | Q44: =IF(D44="",Q43,D44) -> 01 | R44: =CONCATENATE(P44,Q44) -> 0301 | S44: =CONCATENATE(O44,P44,Q44) -> 080301 | U44: =VALUE(S44) -> 80301
A45: =+S45 -> 090101 | B45: 09 | C45: 01 | D45: 01 | E45: الف ناحیه 1 منطقه 9 - 9802 | F45: 226658 | H45: 1937838.3 | J45: 3228237 | O45: =IF(B45="",O44,B45) -> 09 | P45: =IF(C45="",P44,C45) -> 01 | Q45: =IF(D45="",Q44,D45) -> 01 | R45: =CONCATENATE(P45,Q45) -> 0101 | S45: =CONCATENATE(O45,P45,Q45) -> 090101 | U45: =VALUE(S45) -> 90101
A46: =+S46 -> 090102 | D46: 02 | E46: ب ناحیه 1 منطقه 9 | F46: 281119 | O46: =IF(B46="",O45,B46) -> 09 | P46: =IF(C46="",P45,C46) -> 01 | Q46: =IF(D46="",Q45,D46) -> 02 | R46: =CONCATENATE(P46,Q46) -> 0102 | S46: =CONCATENATE(O46,P46,Q46) -> 090102 | U46: =VALUE(S46) -> 90102
A47: =+S47 -> 090103 | D47: 03 | E47: پارک جنگلی آبشار ج ناحیه 1 منطقه 9 | F47: 223291 | O47: =IF(B47="",O46,B47) -> 09 | P47: =IF(C47="",P46,C47) -> 01 | Q47: =IF(D47="",Q46,D47) -> 03 | R47: =CONCATENATE(P47,Q47) -> 0103 | S47: =CONCATENATE(O47,P47,Q47) -> 090103 | U47: =VALUE(S47) -> 90103 | W47: 03 | X47: د ناحیه 1 منطقه 9
A48: =+S48 -> 090104 | D48: 04 | E48: د ناحیه 1 منطقه 9 - 9812 | F48: 382744 | O48: =IF(B48="",O47,B48) -> 09 | P48: =IF(C48="",P47,C48) -> 01 | Q48: =IF(D48="",Q47,D48) -> 04 | R48: =CONCATENATE(P48,Q48) -> 0104 | S48: =CONCATENATE(O48,P48,Q48) -> 090104 | U48: =VALUE(S48) -> 90104 | W48: 04 | X48: پارک جنگلی آبشار ج ناحیه 1 منطقه 9
A49: =+S49 -> 090201 | C49: 02 | D49: 01 | E49: الف ناحیه 2 منطقه 9 | F49: 148324 | H49: 628231.26 | J49: 889242 | O49: =IF(B49="",O48,B49) -> 09 | P49: =IF(C49="",P48,C49) -> 02 | Q49: =IF(D49="",Q48,D49) -> 01 | R49: =CONCATENATE(P49,Q49) -> 0201 | S49: =CONCATENATE(O49,P49,Q49) -> 090201 | U49: =VALUE(S49) -> 90201
A50: =+S50 -> 090202 | D50: 02 | E50: ب ناحیه 2 منطقه 9 | F50: 272779 | O50: =IF(B50="",O49,B50) -> 09 | P50: =IF(C50="",P49,C50) -> 02 | Q50: =IF(D50="",Q49,D50) -> 02 | R50: =CONCATENATE(P50,Q50) -> 0202 | S50: =CONCATENATE(O50,P50,Q50) -> 090202 | U50: =VALUE(S50) -> 90202
A51: =+S51 -> 090203 | D51: 03 | E51: بوستان خورشید ج ناحیه 2 منطقه 9 | F51: 1762824 | J51: 3898106 | O51: =IF(B51="",O50,B51) -> 09 | P51: =IF(C51="",P50,C51) -> 02 | Q51: =IF(D51="",Q50,D51) -> 03 | R51: =CONCATENATE(P51,Q51) -> 0203 | S51: =CONCATENATE(O51,P51,Q51) -> 090203 | U51: =VALUE(S51) -> 90203
A52: =+S52 -> 090301 | C52: 03 | D52: 01 | E52: الف ناحیه 3 منطقه 9 | F52: 275912 | H52: 1020501.5 | J52: 2153736 | O52: =IF(B52="",O51,B52) -> 09 | P52: =IF(C52="",P51,C52) -> 03 | Q52: =IF(D52="",Q51,D52) -> 01 | R52: =CONCATENATE(P52,Q52) -> 0301 | S52: =CONCATENATE(O52,P52,Q52) -> 090301 | U52: =VALUE(S52) -> 90301
A53: =+S53 -> 090302 | D53: 02 | E53: بوستان وکیل آباد ناحیه 3 منطقه 9 - 9711 | F53: 172264 | O53: =IF(B53="",O52,B53) -> 09 | P53: =IF(C53="",P52,C53) -> 03 | Q53: =IF(D53="",Q52,D53) -> 02 | R53: =CONCATENATE(P53,Q53) -> 0302 | S53: =CONCATENATE(O53,P53,Q53) -> 090302 | U53: =VALUE(S53) -> 90302 | W53: 02 | X53: ج ناحیه 3 منطقه 9
A54: =+S54 -> 090303 | D54: 03 | E54: ج ناحیه 3 منطقه 9 - 9809 | F54: 439965 | O54: =IF(B54="",O53,B54) -> 09 | P54: =IF(C54="",P53,C54) -> 03 | Q54: =IF(D54="",Q53,D54) -> 03 | R54: =CONCATENATE(P54,Q54) -> 0303 | S54: =CONCATENATE(O54,P54,Q54) -> 090303 | U54: =VALUE(S54) -> 90303 | W54: 03 | X54: ناحیه 3 منطقه 9
A55: =+S55 -> 100101 | B55: 10 | C55: 01 | D55: 01 | E55: الف ناحیه 1 منطقه 10 | F55: 117517 | G55: 0 | H55: 177676 | I55: 0 | J55: 354108 | O55: =IF(B55="",O54,B55) -> 10 | P55: =IF(C55="",P54,C55) -> 01 | Q55: =IF(D55="",Q54,D55) -> 01 | R55: =CONCATENATE(P55,Q55) -> 0101 | S55: =CONCATENATE(O55,P55,Q55) -> 100101 | U55: =VALUE(S55) -> 100101
A56: =+S56 -> 100102 | D56: 02 | E56: ب ناحیه 1 منطقه 10 - 9811 | F56: 196474 | G56: 0 | I56: 0 | O56: =IF(B56="",O55,B56) -> 10 | P56: =IF(C56="",P55,C56) -> 01 | Q56: =IF(D56="",Q55,D56) -> 02 | R56: =CONCATENATE(P56,Q56) -> 0102 | S56: =CONCATENATE(O56,P56,Q56) -> 100102 | U56: =VALUE(S56) -> 100102 | X56: ب ناحیه 1 منطقه 10
A57: =S57 -> 100103 | D57: 03 | E57: ج ناحیه 1 منطقه 10 - 9812 | F57: 125571 | G57: 0 | I57: 0 | O57: =IF(B57="",O56,B57) -> 10 | P57: =IF(C57="",P56,C57) -> 01 | Q57: =IF(D57="",Q56,D57) -> 03 | R57: =CONCATENATE(P57,Q57) -> 0103 | S57: =CONCATENATE(O57,P57,Q57) -> 100103 | U57: =VALUE(S57) -> 100103 | X57: ج ناحیه 1 منطقه 10
A58: =S58 -> 100104 | D58: 04 | E58: د ناحیه 1 منطقه 10 - 9812 | F58: 198350 | G58: 0 | I58: 0 | O58: =IF(B58="",O57,B58) -> 10 | P58: =IF(C58="",P57,C58) -> 01 | Q58: =IF(D58="",Q57,D58) -> 04 | R58: =CONCATENATE(P58,Q58) -> 0104 | S58: =CONCATENATE(O58,P58,Q58) -> 100104 | U58: =VALUE(S58) -> 100104 | X58: د ناحیه 1 منطقه 10
A59: =S59 -> 100201 | C59: 02 | D59: 01 | E59: الف ناحیه 2 منطقه 10 | F59: 184370 | G59: 0 | H59: 54988 | I59: 0 | J59: 411607 | O59: =IF(B59="",O58,B59) -> 10 | P59: =IF(C59="",P58,C59) -> 02 | Q59: =IF(D59="",Q58,D59) -> 01 | R59: =CONCATENATE(P59,Q59) -> 0201 | S59: =CONCATENATE(O59,P59,Q59) -> 100201 | U59: =VALUE(S59) -> 100201
A60: =S60 -> 100202 | D60: 02 | E60: ب ناحیه 2 منطقه 10 | F60: 245886 | G60: 0 | I60: 0 | O60: =IF(B60="",O59,B60) -> 10 | P60: =IF(C60="",P59,C60) -> 02 | Q60: =IF(D60="",Q59,D60) -> 02 | R60: =CONCATENATE(P60,Q60) -> 0202 | S60: =CONCATENATE(O60,P60,Q60) -> 100202 | U60: =VALUE(S60) -> 100202
A61: =S61 -> 100301 | C61: 03 | D61: 01 | E61: الف ناحیه 3 منطقه 10 - 9808 | F61: 133310 | G61: 0 | H61: 157572 | I61: 0 | J61: 479520 | O61: =IF(B61="",O60,B61) -> 10 | P61: =IF(C61="",P60,C61) -> 03 | Q61: =IF(D61="",Q60,D61) -> 01 | R61: =CONCATENATE(P61,Q61) -> 0301 | S61: =CONCATENATE(O61,P61,Q61) -> 100301 | U61: =VALUE(S61) -> 100301 | X61: الف ناحیه 3 منطقه 10
A62: =S62 -> 100302 | D62: 02 | E62: ب ناحیه 3 منطقه 10 | F62: 224904 | G62: 0 | I62: 0 | O62: =IF(B62="",O61,B62) -> 10 | P62: =IF(C62="",P61,C62) -> 03 | Q62: =IF(D62="",Q61,D62) -> 02 | R62: =CONCATENATE(P62,Q62) -> 0302 | S62: =CONCATENATE(O62,P62,Q62) -> 100302 | U62: =VALUE(S62) -> 100302
A63: =S63 -> 100303 | D63: 03 | E63: ج ناحیه 3 منطقه 10 | F63: 145917 | G63: 0 | I63: 0 | O63: =IF(B63="",O62,B63) -> 10 | P63: =IF(C63="",P62,C63) -> 03 | Q63: =IF(D63="",Q62,D63) -> 03 | R63: =CONCATENATE(P63,Q63) -> 0303 | S63: =CONCATENATE(O63,P63,Q63) -> 100303 | U63: =VALUE(S63) -> 100303
A64: =S64 -> 110101 | B64: 11 | C64: 01 | D64: 01 | E64: ناحیه 1 منطقه 11 - 9805 | F64: 311159 | G64: 0 | H64: 620351 | I64: 0 | J64: 779062 | O64: =IF(B64="",O63,B64) -> 11 | P64: =IF(C64="",P63,C64) -> 01 | Q64: =IF(D64="",Q63,D64) -> 01 | R64: =CONCATENATE(P64,Q64) -> 0101 | S64: =CONCATENATE(O64,P64,Q64) -> 110101 | U64: =VALUE(S64) -> 110101
A65: =S65 -> 110102 | D65: 02 | E65: پارک ملت - ناحیه 1 منطقه 11 - 9810 | F65: 397500 | G65: 0 | H65: 0 | I65: 0 | J65: 642969 | O65: =IF(B65="",O64,B65) -> 11 | P65: =IF(C65="",P64,C65) -> 01 | Q65: =IF(D65="",Q64,D65) -> 02 | R65: =CONCATENATE(P65,Q65) -> 0102 | S65: =CONCATENATE(O65,P65,Q65) -> 110102 | U65: =VALUE(S65) -> 110102
A66: =S66 -> 110201 | C66: 02 | D66: 01 | E66: الف ناحیه 2 منطقه 11 | F66: 211794 | G66: 0 | H66: 288042 | I66: 0 | J66: 458338 | O66: =IF(B66="",O65,B66) -> 11 | P66: =IF(C66="",P65,C66) -> 02 | Q66: =IF(D66="",Q65,D66) -> 01 | R66: =CONCATENATE(P66,Q66) -> 0201 | S66: =CONCATENATE(O66,P66,Q66) -> 110201 | U66: =VALUE(S66) -> 110201
A67: =S67 -> 110202 | D67: 02 | E67: ب ناحیه 2 منطقه 11 - 9901 | F67: 114661 | G67: 0 | O67: =IF(B67="",O66,B67) -> 11 | P67: =IF(C67="",P66,C67) -> 02 | Q67: =IF(D67="",Q66,D67) -> 02 | R67: =CONCATENATE(P67,Q67) -> 0202 | S67: =CONCATENATE(O67,P67,Q67) -> 110202 | U67: =VALUE(S67) -> 110202 | X67: ب ناحیه 2 منطقه 11 - 9711
A68: =S68 -> 110203 | D68: 03 | E68: بوستان چهل بازه ناحیه 2 منطقه 11 | F68: 61255 | G68: 0 | H68: 613730 | I68: 0 | J68: 1047725 | O68: =IF(B68="",O67,B68) -> 11 | P68: =IF(C68="",P67,C68) -> 02 | Q68: =IF(D68="",Q67,D68) -> 03 | R68: =CONCATENATE(P68,Q68) -> 0203 | S68: =CONCATENATE(O68,P68,Q68) -> 110203 | U68: =VALUE(S68) -> 110203
A69: =S69 -> 120101 | B69: 12 | C69: 01 | D69: 01 | E69: ناحیه 1 منطقه 12 - 9812 | F69: 258867 | G69: 300000 | H69: 2803739 | J69: 3272051 | O69: =IF(B69="",O68,B69) -> 12 | P69: =IF(C69="",P68,C69) -> 01 | Q69: =IF(D69="",Q68,D69) -> 01 | R69: =CONCATENATE(P69,Q69) -> 0101 | S69: =CONCATENATE(O69,P69,Q69) -> 120101 | U69: =VALUE(S69) -> 120101 | X69: ناحیه 1 منطقه 12 - 9711
A70: =S70 -> 120201 | C70: 02 | D70: 01 | E70: ناحیه 2 منطقه 12 - 9712 | F70: 424736 | G70: 50000 | H70: 639594 | J70: 676394 | O70: =IF(B70="",O69,B70) -> 12 | P70: =IF(C70="",P69,C70) -> 02 | Q70: =IF(D70="",Q69,D70) -> 01 | R70: =CONCATENATE(P70,Q70) -> 0201 | S70: =CONCATENATE(O70,P70,Q70) -> 120201 | U70: =VALUE(S70) -> 120201 | X70: ناحیه 2 منطقه 12 - 9712
A71: =S71 -> 120301 | C71: 03 | D71: 01 | E71: ناحیه 3 منطقه 12 | F71: 171610 | G71: 250000 | H71: 0 | I71: 0 | J71: 0 | O71: =IF(B71="",O70,B71) -> 12 | P71: =IF(C71="",P70,C71) -> 03 | Q71: =IF(D71="",Q70,D71) -> 01 | R71: =CONCATENATE(P71,Q71) -> 0301 | S71: =CONCATENATE(O71,P71,Q71) -> 120301 | U71: =VALUE(S71) -> 120301 | X71: ناحیه 3 منطقه 12
A72: =S72 -> 130101 | B72: 13 | C72: 01 | D72: 01 | E72: ناحیه 1 منطقه ثامن - 9812 | F72: 29902 | G72: 458 | I72: 0 | J72: 0 | O72: =IF(B72="",O71,B72) -> 13 | P72: =IF(C72="",P71,C72) -> 01 | Q72: =IF(D72="",Q71,D72) -> 01 | R72: =CONCATENATE(P72,Q72) -> 0101 | S72: =CONCATENATE(O72,P72,Q72) -> 130101 | U72: =VALUE(S72) -> 130101 | X72: ناحیه 1 منطقه ثامن
A73: =S73 -> 130201 | C73: 02 | D73: 01 | E73: ناحیه 2 منطقه ثامن | F73: 42335 | G73: 11858 | I73: 0 | J73: 0 | O73: =IF(B73="",O72,B73) -> 13 | P73: =IF(C73="",P72,C73) -> 02 | Q73: =IF(D73="",Q72,D73) -> 01 | R73: =CONCATENATE(P73,Q73) -> 0201 | S73: =CONCATENATE(O73,P73,Q73) -> 130201 | U73: =VALUE(S73) -> 130201 | X73: ناحیه 2 منطقه ثامن
A74: =S74 -> 161002 | B74: 16 | C74: 10 | D74: 02 | E74: ناحیه 10.2 سازمان پارک‌ها | O74: =IF(B74="",O96,B74) -> 16 | P74: =IF(C74="",P96,C74) -> 10 | Q74: =IF(D74="",Q96,D74) -> 02 | R74: =CONCATENATE(P74,Q74) -> 1002 | S74: =CONCATENATE(O74,P74,Q74) -> 161002 | U74: =VALUE(S74) -> 161002
A75: =S75 -> 161102 | C75: 11 | D75: 02 | E75: ناحیه 11.2 سازمان پارک‌ها | O75: =IF(B75="",O74,B75) -> 16 | P75: =IF(C75="",P74,C75) -> 11 | Q75: =IF(D75="",Q74,D75) -> 02 | R75: =CONCATENATE(P75,Q75) -> 1102 | S75: =CONCATENATE(O75,P75,Q75) -> 161102 | U75: =VALUE(S75) -> 161102
A76: =S76 -> 161202 | C76: 12 | D76: 02 | E76: ناحیه 12.2 سازمان پارک‌ها | O76: =IF(B76="",O75,B76) -> 16 | P76: =IF(C76="",P75,C76) -> 12 | Q76: =IF(D76="",Q75,D76) -> 02 | R76: =CONCATENATE(P76,Q76) -> 1202 | S76: =CONCATENATE(O76,P76,Q76) -> 161202 | U76: =VALUE(S76) -> 161202
A77: =S77 -> 160701 | C77: 07 | D77: 01 | E77: ناحیه 7.1 سازمان پارک‌ها | O77: =IF(B77="",O76,B77) -> 16 | P77: =IF(C77="",P76,C77) -> 07 | Q77: =IF(D77="",Q76,D77) -> 01 | R77: =CONCATENATE(P77,Q77) -> 0701 | S77: =CONCATENATE(O77,P77,Q77) -> 160701 | U77: =VALUE(S77) -> 160701
B79: =COUNTA(B5:B77) -> 14 | C79: =COUNTA(C5:C77) -> 44 | D79: =COUNTA(D5:D77) -> 73 | E79: مجموع کلّ | N79: =SUM(#REF!) -> #REF! | T79: =SUM(T5:T77) -> 0
E80: مجموع در مناطق شهری
E81: مجموع کمربند و سازمان پارک‌ها
B82: =MAX(B5:B77) -> 0 | C82: =MAX(C5:C77) -> 12 | D82: =MAX(D5:D77) -> 0 | E82: حداکثر | T82: =MAX(T5:T77) -> 0
E84: مجموع کلّ
E85: مجموع در مناطق شهری
E86: مجموع کمربند و سازمان پارک‌ها
A93: =S93 -> 140101 | B93: 14 | C93: 01 | D93: 01 | E93: ناحیه 1 کمربند جنوبی | O93: =IF(B93="",O73,B93) -> 14 | P93: =IF(C93="",P73,C93) -> 01 | Q93: =IF(D93="",Q73,D93) -> 01 | R93: =CONCATENATE(P93,Q93) -> 0101 | S93: =CONCATENATE(O93,P93,Q93) -> 140101 | U93: =VALUE(S93) -> 140101
A94: =S94 -> 140201 | C94: 02 | D94: 01 | E94: ناحیه 2 کمربند جنوبی | O94: =IF(B94="",O93,B94) -> 14 | P94: =IF(C94="",P93,C94) -> 02 | Q94: =IF(D94="",Q93,D94) -> 01 | R94: =CONCATENATE(P94,Q94) -> 0201 | S94: =CONCATENATE(O94,P94,Q94) -> 140201 | U94: =VALUE(S94) -> 140201
A95: =S95 -> 140301 | C95: 03 | D95: 01 | E95: ناحیه 3 کمربند جنوبی | O95: =IF(B95="",O94,B95) -> 14 | P95: =IF(C95="",P94,C95) -> 03 | Q95: =IF(D95="",Q94,D95) -> 01 | R95: =CONCATENATE(P95,Q95) -> 0301 | S95: =CONCATENATE(O95,P95,Q95) -> 140301 | U95: =VALUE(S95) -> 140301
A96: =S96 -> 150101 | B96: 15 | C96: 01 | D96: 01 | E96: ناحیه 1 کمربند شمالی | O96: =IF(B96="",O95,B96) -> 15 | P96: =IF(C96="",P95,C96) -> 01 | Q96: =IF(D96="",Q95,D96) -> 01 | R96: =CONCATENATE(P96,Q96) -> 0101 | S96: =CONCATENATE(O96,P96,Q96) -> 150101 | U96: =VALUE(S96) -> 150101
D100: سهم فضای سبز در پهنه‌های شهری
D101: منطقه شهرداری | E101: مساحت پهنه
E102: هکتار
D103: 1 | E103: 1478.9601
D104: 2 | E104: 3848.8489
D105: 3 | E105: 3311.0005
D106: 4 | E106: 1344.8622
D107: 5 | E107: 1438.7993
D108: 6 | E108: 1874.0366
D109: 7 | E109: 4747.0846
D110: 8 | E110: 1932.1425
D111: 9 | E111: 4476.4873
D112: 10 | E112: 2335.6471
...

Sheet TreeQ
B2: برآورد نیاز تک‌درختان
C3: وضعیت درخت | E3: ماه اوج | G3: نیاز حداکثر | J3: نیاز آبیاری | L3: وسعت | M3: نیاز کلّ | R3: در محاسبات سال‌های منتهی به 1399، برای تک‌درختان مساحت 9مترمربع لحاظ شده است.
C4: مترمربع هر اصله | D4: مترمربع إسمی | E4: مترمکعب در هکتار ماه اوج | F4: سهم در سال | G4: میلی‌متر در ماه اوج | H4: لیتردرروز هر درخت | I4: لیتردرثانیه در هکتار | J4: مترمکعب در هکتار سالانه | L4: هکتار | M4: هزار مترمکعب | N4: اصله در هکتار | R4: بسته به موقعیت درختان، درون یا برون شهر، ضرائب گونه متفاوت فرض گشته است.
C5: Atree | D5: Ao | G5: IRx | H5: IRx | I5: QHMx | J5: Vo | L5: A | M5: V | N5: n | O5: Ps | P5: Ksh | R5: بسته به موقعیت لکه در معابر/ بوستان و کمربند هم ضریب خرداقلیم لحاظ شده است.
C6: m2 | D6: m2 | E6: m3/ha | F6: % | G6: mm/d | H6: l/d | I6: l/s/ha | J6: m3/ha | L6: ha | M6: 1000m3 | N6: 1/ha | O6: % | P6: - | R6: ضریب تراکم در همه حالات برای درختان، متناظر با پوشش 25% لحاظ شده است.
A7: از تدقیق | B7: معابر | C7: =[6]Analysis!AJ1 -> 9 | D7: 9 | E7: 1031.3743 | F7: =E7/J7 -> 0.22850742 | G7: =J7/10*F7/31 -> 3.3270138 | H7: =D7*G7 -> 29.943124 | I7: =G7/8.64 -> 0.38507104 | J7: 4513.5265 | L7: 2610.8834 | M7: =L7*J7/1000 -> 11784.291 | N7: =10000/D7 -> 1111.1111 | O7: =+C7/D7 -> 1 | P7: =O7^0.5 -> 1 | R7: یعنی حداقل رقمی است که در جدول ارزیابی تراکم فضای سبز وجود دارد.
A8: از تدقیق | B8: بوستان | C8: =C7 -> 9 | D8: 9 | E8: 859.47857 | F8: =E8/J8 -> 0.23175175 | G8: =J8/10*F8/31 -> 2.7725115 | H8: =D8*G8 -> 24.952604 | I8: =G8/8.64 -> 0.32089254 | J8: 3708.6173 | L8: =+L7 -> 2610.8834 | M8: =L8*J8/1000 -> 9682.7674 | N8: =10000/D8 -> 1111.1111 | O8: =+C8/D8 -> 1 | P8: =O8^0.5 -> 1 | R8: درهرصورت، برای کمربند بایستی کمتر درنظر گرفت.
C9: =C8 -> 9 | D9: 20 | E9: =I9*3600*24*31/1000 -> 620 | F9: 0.23 | G9: =H9/D9 -> 2 | H9: 40 | I9: =G9/8.64 -> 0.23148148 | J9: =E9/F9 -> 2695.6522 | N9: =10000/D9 -> 500 | O9: =+C9/D9 -> 0.45 | P9: =O9^0.5 -> 0.67082039
C10: =C9 -> 9 | D10: =D9 -> 20 | E10: =I10*3600*24*31/1000 -> 775 | F10: 0.23 | G10: =H10/D10 -> 2.5 | H10: 50 | I10: =G10/8.64 -> 0.28935185 | J10: =E10/F10 -> 3369.5652 | N10: =10000/D10 -> 500 | O10: =+C10/D10 -> 0.45 | P10: =O10^0.5 -> 0.67082039
A11: از تدقیق | B11: کمربند | C11: 1.2 | D11: 30 | E11: 254.81012 | F11: =E11/J11 -> 0.2425809 | G11: =J11/10*F11/31 -> 0.82196812 | H11: =D11*G11 -> 24.659044 | I11: =G11/8.64 -> 0.095135199 | J11: =1000*1.05041294117647 -> 1050.4129 | N11: =10000/D11 -> 333.33333 | O11: =+C11/D11 -> 0.04 | P11: =O11^0.5 -> 0.2
B12: کمربند | C12: 5 | D12: 29.5 | E12: =J12*F12 -> 824.77506 | F12: =F11 -> 0.2425809 | G12: =J12/10*F12/31 -> 2.6605647 | H12: =D12*G12 -> 78.486659 | I12: =G12/8.64 -> 0.30793573 | J12: 3400 | N12: =10000/D12 -> 338.98305 | O12: =+C12/D12 -> 0.16949153 | P12: =O12^0.5 -> 0.41169348
C14: ضرائب گیاهی | K14: سنّ و تنش | M14: تعدیل نیاز آبی | O14: راندمان و آبشوئی | Q14: ماه اوج | R14: سهم ماه اوج | S14: نیاز حداکثر | V14: نیاز آبیاری
B15: ETox | C15: Atree | D15: Ao | E15: Ksp | F15: Kmc | G15: Ps | H15: Ksh | I15: Kd | J15: ETcx | K15: Kage | L15: Kstress | M15: Peff | N15: Gw | O15: Eff | P15: Lf | Q15: سهم نیاز در سال | R15: ساعات کار | S15: IRx | T15: IRx | U15: QHMx | V15: Vo | X15: K_L
B16: mm/d | C16: m2 | D16: m2 | E16: - | F16: - | G16: % | H16: - | I16: - | J16: mm/d | K16: - | L16: - | M16: % | N16: % | O16: % | P16: % | Q16: % | R16: hr | S16: mm/d | T16: l/d | U16: l/s/ha | V16: m3/ha | X16: -
A17: معابر | B17: 7.7630323 | C17: =G17*D17 -> 2.25 | D17: 9 | E17: 0.5 | F17: 1.2 | G17: =H17^2 -> 0.25 | H17: =I17 -> 0.5 | I17: 0.5 | J17: =B17*E17*F17*I17 -> 2.3289097 | K17: 1 | L17: 1 | M17: 0 | N17: 0 | O17: 0.7 | P17: 0 | Q17: =F7 -> 0.22850742 | R17: 24 | S17: =+J17*$K17*$L17*(1-M17)*(1-N17)/O17/(1-P17) -> 3.3270138 | T17: =D17*S17 -> 29.943124 | U17: =S17/8.64 -> 0.38507104 | V17: =S17*10*31/Q17 -> 4513.5265 | X17: =+E17*F17*I17 -> 0.3
A18: بوستان | B18: 7.7630323 | C18: =G18*D18 -> 2.25 | D18: 9 | E18: 0.5 | F18: 1 | G18: =H18^2 -> 0.25 | H18: =I18 -> 0.5 | I18: 0.5 | J18: =B18*E18*F18*I18 -> 1.9407581 | K18: 1 | L18: 1 | M18: 0 | N18: 0 | O18: 0.7 | P18: 0 | Q18: =F8 -> 0.23175175 | R18: 24 | S18: =+J18*$K18*$L18*(1-M18)*(1-N18)/O18/(1-P18) -> 2.7725115 | T18: =D18*S18 -> 24.952604 | U18: =S18/8.64 -> 0.32089254 | V18: =S18*10*31/Q18 -> 3708.6173 | X18: =+E18*F18*I18 -> 0.25
A19: معابر- بازبینی | B19: 7.7630323 | C19: 9 | D19: 18 | E19: 0.5 | F19: 1.2 | G19: =C19/D19 -> 0.5 | H19: =G19^0.5 -> 0.70710678 | I19: =H19 -> 0.70710678 | J19: =B19*E19*F19*I19 -> 3.2935757 | K19: 1 | L19: 0.7 | M19: 0 | O19: 0.7 | P19: 0 | Q19: =F9 -> 0.23 | R19: 24 | S19: =+J19*$K19*$L19*(1-M19)*(1-N19)/O19/(1-P19) -> 3.2935757 | T19: =D19*S19 -> 59.284362 | U19: =S19/8.64 -> 0.38120089 | V19: =S19*10*31/Q19 -> 4439.1672 | X19: =+E19*F19*I19 -> 0.42426407
A20: بوستان- بازبینی | B20: 7.7630323 | C20: 9 | D20: 18 | E20: 0.5 | F20: 1 | G20: =C20/D20 -> 0.5 | H20: =G20^0.5 -> 0.70710678 | I20: =H20 -> 0.70710678 | J20: =B20*E20*F20*I20 -> 2.7446464 | K20: 1 | L20: 0.7 | M20: 0 | O20: 0.7 | P20: 0 | Q20: =F10 -> 0.23 | R20: 24 | S20: =+J20*$K20*$L20*(1-M20)*(1-N20)/O20/(1-P20) -> 2.7446464 | T20: =D20*S20 -> 49.403635 | U20: =S20/8.64 -> 0.3176674 | V20: =S20*10*31/Q20 -> 3699.306 | X20: =+E20*F20*I20 -> 0.35355339
A21: معابر- بازبینی | B21: 7.7630323 | C21: 9 | D21: 36 | E21: 0.5 | F21: 1.2 | G21: =C21/D21 -> 0.25 | H21: =G21^0.5 -> 0.5 | I21: =H21 -> 0.5 | J21: =B21*E21*F21*I21 -> 2.3289097 | K21: 1 | L21: 1 | M21: 0 | N21: 0 | O21: 0.7 | P21: 0 | Q21: =F9 -> 0.23 | R21: 24 | S21: =+J21*$K21*$L21*(1-M21)*(1-N21)/O21/(1-P21) -> 3.3270138 | T21: =D21*S21 -> 119.7725 | U21: =S21/8.64 -> 0.38507104 | V21: =S21*10*31/Q21 -> 4484.236 | X21: =+E21*F21*I21 -> 0.3
A22: بوستان- بازبینی | B22: 7.7630323 | C22: 9 | D22: 36 | E22: 0.5 | F22: 1 | G22: =C22/D22 -> 0.25 | H22: =G22^0.5 -> 0.5 | I22: =H22 -> 0.5 | J22: =B22*E22*F22*I22 -> 1.9407581 | K22: 1 | L22: 1 | M22: 0 | N22: 0 | O22: 0.7 | P22: 0 | Q22: =F10 -> 0.23 | R22: 24 | S22: =+J22*$K22*$L22*(1-M22)*(1-N22)/O22/(1-P22) -> 2.7725115 | T22: =D22*S22 -> 99.810415 | U22: =S22/8.64 -> 0.32089254 | V22: =S22*10*31/Q22 -> 3736.8634 | X22: =+E22*F22*I22 -> 0.25
A23: از تدقیق | B23: 7.7630323 | C23: 7.5 | D23: 30 | E23: 0.2 | F23: 1 | G23: =C23/D23 -> 0.25 | H23: =G23^0.5 -> 0.5 | I23: =H23 -> 0.5 | J23: =B23*E23*F23*I23 -> 0.77630323 | K23: 0.9 | L23: 1 | M23: 0 | N23: 0 | O23: 0.85 | P23: 0 | Q23: =F12 -> 0.2425809 | R23: 24 | S23: =+J23*$K23*$L23*(1-M23)*(1-N23)/O23/(1-P23) -> 0.82196812 | T23: =D23*S23 -> 24.659044 | U23: =S23/8.64 -> 0.095135199 | V23: =S23*10*31/Q23 -> 1050.4129 | X23: =+E23*F23*I23 -> 0.1
A24: برآورد کمربند | B24: 7.1 | C24: 5 | D24: 30 | E24: 0.5 | F24: 1 | G24: =C24/D24 -> 0.16666667 | H24: =G24^0.5 -> 0.40824829 | I24: =H24 -> 0.40824829 | J24: =B24*E24*F24*I24 -> 1.4492814 | K24: 1 | L24: 1 | M24: 0 | N24: 0 | O24: 0.85 | P24: 0.05 | Q24: 0.22 | R24: 24 | S24: =+J24*$K24*$L24*(1-M24)*(1-N24)/O24/(1-P24) -> 1.7947758 | T24: =D24*S24 -> 53.843273 | U24: =S24/8.64 -> 0.20772868 | V24: =S24*10*31/Q24 -> 2529.0022 | X24: =+E24*F24*I24 -> 0.20412415
A25: برآورد کمربند | B25: 8.2 | C25: 5 | D25: =D24 -> 30 | E25: 0.5 | F25: 1 | G25: =C25/D25 -> 0.16666667 | H25: =G25^0.5 -> 0.40824829 | I25: =H25 -> 0.40824829 | J25: =B25*E25*F25*I25 -> 1.673818 | K25: 1 | L25: 1 | M25: 0 | N25: 0 | O25: =+O24 -> 0.85 | P25: 0.05 | Q25: 0.22 | R25: 24 | S25: =+J25*$K25*$L25*(1-M25)*(1-N25)/O25/(1-P25) -> 2.0728396 | T25: =D25*S25 -> 62.185189 | U25: =S25/8.64 -> 0.23991199 | V25: =S25*10*31/Q25 -> 2920.8195 | X25: =+E25*F25*I25 -> 0.20412415
C26: برخی ارقام سطح أسمی درختان، فرضی هستند برای رسیدن به تراکم مفروض
A27: معابر- بازبینی | B27: 7.7630323 | C27: 9 | D27: 15 | E27: 0.5 | F27: 1.2 | G27: =C27/D27 -> 0.6 | H27: =G27^0.5 -> 0.77459667 | I27: =H27 -> 0.77459667 | J27: =B27*E27*F27*I27 -> 3.6079314 | K27: 1 | L27: 0.65 | M27: 0 | N27: 0 | O27: 0.7 | P27: 0 | Q27: 0.23 | R27: 24 | S27: =+J27*$K27*$L27*(1-M27)*(1-N27)/O27/(1-P27) -> 3.350222 | T27: =D27*S27 -> 50.25333 | U27: =S27/8.64 -> 0.38775717 | V27: =S27*10*31/Q27 -> 4515.5166 | X27: =+E27*F27*I27 -> 0.464758 | Z27: =+L27*H27 -> 0.50348784 | AB27: =+Z27*D27 -> 7.5523175 | AC27: =0.5*C27 -> 4.5
A28: بوستان- بازبینی | B28: 7.7630323 | C28: 9 | D28: 15 | E28: 0.5 | F28: 1 | G28: =C28/D28 -> 0.6 | H28: =G28^0.5 -> 0.77459667 | I28: =H28 -> 0.77459667 | J28: =B28*E28*F28*I28 -> 3.0066095 | K28: 1 | L28: 0.65 | M28: 0 | N28: 0 | O28: 0.7 | P28: 0 | Q28: 0.23 | R28: 24 | S28: =+J28*$K28*$L28*(1-M28)*(1-N28)/O28/(1-P28) -> 2.7918516 | T28: =D28*S28 -> 41.877775 | U28: =S28/8.64 -> 0.32313098 | V28: =S28*10*31/Q28 -> 3762.9305 | X28: =+E28*F28*I28 -> 0.38729833 | Z28: =+L28*H28 -> 0.50348784 | AB28: =+Z28*D28 -> 7.5523175 | AC28: =0.5*C28 -> 4.5
A29: کمربند- بازبینی | B29: 7.7630323 | C29: 5 | D29: 30 | E29: 0.5 | F29: 1.2 | G29: =C29/D29 -> 0.16666667 | H29: =G29^0.5 -> 0.40824829 | I29: =H29 -> 0.40824829 | J29: =B29*E29*F29*I29 -> 1.9015468 | K29: 1 | L29: 0.65 | M29: 0 | N29: 0 | O29: 0.7 | P29: 0 | Q29: 0.23 | R29: 24 | S29: =+J29*$K29*$L29*(1-M29)*(1-N29)/O29/(1-P29) -> 1.765722 | T29: =D29*S29 -> 52.971661 | U29: =S29/8.64 -> 0.20436597 | V29: =S29*10*31/Q29 -> 2379.8862 | X29: =+E29*F29*I29 -> 0.24494897 | Z29: =+L29*H29 -> 0.26536139 | AB29: =+Z29*D29 -> 7.9608417 | AC29: =0.5*C29 -> 2.5
A30: کمربند- بازبینی | B30: 7.7630323 | C30: 5 | D30: 30 | E30: 0.5 | F30: 1 | G30: =C30/D30 -> 0.16666667 | H30: =G30^0.5 -> 0.40824829 | I30: =H30 -> 0.40824829 | J30: =B30*E30*F30*I30 -> 1.5846223 | K30: 1 | L30: 0.65 | M30: 0 | N30: 0 | O30: 0.7 | P30: 0 | Q30: 0.23 | R30: 24 | S30: =+J30*$K30*$L30*(1-M30)*(1-N30)/O30/(1-P30) -> 1.471435 | T30: =D30*S30 -> 44.14305 | U30: =S30/8.64 -> 0.17030498 | V30: =S30*10*31/Q30 -> 1983.2385 | X30: =+E30*F30*I30 -> 0.20412415 | Z30: =+L30*H30 -> 0.26536139 | AB30: =+Z30*D30 -> 7.9608417 | AC30: =0.5*C30 -> 2.5
G31: تغییر روش محاسبهع سایه‌انداز | H31: =+SIN(PI()/2*G27/0.7) -> 0.97492791 | I31: =H31 -> 0.97492791
C32: ضرائب گیاهی | K32: سنّ و تنش | M32: تعدیل نیاز آبی | O32: راندمان و آبشوئی | Q32: ماه اوج | R32: سهم ماه اوج | S32: نیاز حداکثر | V32: نیاز آبیاری
B33: ETox | C33: Atree | D33: Ao | E33: Ksp | F33: Kmc | G33: Ps | H33: Ksh | I33: Kd | J33: ETcx | K33: Kage | L33: Kstress | M33: Peff | N33: Gw | O33: Eff | P33: Lf | Q33: سهم نیاز در سال | R33: ساعات کار | S33: IRx | T33: IRx | U33: QHMx | V33: Vo | X33: K_L
B34: mm/d | C34: m2 | D34: m2 | E34: - | F34: - | G34: % | H34: - | I34: - | J34: mm/d | K34: - | L34: - | M34: % | N34: % | O34: % | P34: % | Q34: % | R34: hr | S34: mm/d | T34: l/d | U34: l/s/ha | V34: m3/ha | X34: -
A35: معابر | B35: 7.7630323 | C35: =G35*D35 -> 3.7058824 | D35: 9 | E35: 0.5 | F35: 1.2 | G35: =(H35-0.15)/(1-0.15) -> 0.41176471 | H35: =I35 -> 0.5 | I35: 0.5 | J35: =B35*E35*F35*I35 -> 2.3289097 | K35: 1 | L35: 1 | M35: 0 | N35: 0 | O35: 0.7 | P35: 0 | Q35: =Q17 -> 0.22850742 | R35: 24 | S35: =+J35*$K35*$L35*(1-M35)*(1-N35)/O35/(1-P35) -> 3.3270138 | T35: =D35*S35 -> 29.943124 | U35: =S35/8.64 -> 0.38507104 | V35: =S35*10*31/Q35 -> 4513.5265 | X35: =+E35*F35*I35 -> 0.3
A36: بوستان | B36: 7.7630323 | C36: =G36*D36 -> 3.7058824 | D36: 9 | E36: 0.5 | F36: 1 | G36: =(H36-0.15)/(1-0.15) -> 0.41176471 | H36: =I36 -> 0.5 | I36: 0.5 | J36: =B36*E36*F36*I36 -> 1.9407581 | K36: 1 | L36: 1 | M36: 0 | N36: 0 | O36: 0.7 | P36: 0 | Q36: =Q18 -> 0.23175175 | R36: 24 | S36: =+J36*$K36*$L36*(1-M36)*(1-N36)/O36/(1-P36) -> 2.7725115 | T36: =D36*S36 -> 24.952604 | U36: =S36/8.64 -> 0.32089254 | V36: =S36*10*31/Q36 -> 3708.6173 | X36: =+E36*F36*I36 -> 0.25
A37: معابر- بازبینی | B37: 7.7630323 | C37: 9 | D37: 18 | E37: 0.5 | F37: 1.2 | G37: =C37/D37 -> 0.5 | H37: =G37+0.15*(1-G37) -> 0.575 | I37: =H37 -> 0.575 | J37: =B37*E37*F37*I37 -> 2.6782461 | K37: 1 | L37: 0.7 | M37: 0 | O37: 0.7 | P37: 0 | Q37: =Q19 -> 0.23 | R37: 24 | S37: =+J37*$K37*$L37*(1-M37)*(1-N37)/O37/(1-P37) -> 2.6782461 | T37: =D37*S37 -> 48.20843 | U37: =S37/8.64 -> 0.30998219 | V37: =S37*10*31/Q37 -> 3609.81 | X37: =+E37*F37*I37 -> 0.345
A38: بوستان- بازبینی | B38: 7.7630323 | C38: 9 | D38: 18 | E38: 0.5 | F38: 1 | G38: =C38/D38 -> 0.5 | H38: =G38+0.15*(1-G38) -> 0.575 | I38: =H38 -> 0.575 | J38: =B38*E38*F38*I38 -> 2.2318718 | K38: 1 | L38: 0.7 | M38: 0 | O38: 0.7 | P38: 0 | Q38: =Q20 -> 0.23 | R38: 24 | S38: =+J38*$K38*$L38*(1-M38)*(1-N38)/O38/(1-P38) -> 2.2318718 | T38: =D38*S38 -> 40.173692 | U38: =S38/8.64 -> 0.25831849 | V38: =S38*10*31/Q38 -> 3008.175 | X38: =+E38*F38*I38 -> 0.2875
A39: معابر- بازبینی | B39: 7.7630323 | C39: 9 | D39: 36 | E39: 0.5 | F39: 1.2 | G39: =C39/D39 -> 0.25 | H39: =G39+0.15*(1-G39) -> 0.3625 | I39: =H39 -> 0.3625 | J39: =B39*E39*F39*I39 -> 1.6884595 | K39: 1 | L39: 1 | M39: 0 | N39: 0 | O39: 0.7 | P39: 0 | Q39: =Q21 -> 0.23 | R39: 24 | S39: =+J39*$K39*$L39*(1-M39)*(1-N39)/O39/(1-P39) -> 2.412085 | T39: =D39*S39 -> 86.835061 | U39: =S39/8.64 -> 0.27917651 | V39: =S39*10*31/Q39 -> 3251.0711 | X39: =+E39*F39*I39 -> 0.2175
A40: بوستان- بازبینی | B40: 7.7630323 | C40: 9 | D40: 36 | E40: 0.5 | F40: 1 | G40: =C40/D40 -> 0.25 | H40: =G40+0.15*(1-G40) -> 0.3625 | I40: =H40 -> 0.3625 | J40: =B40*E40*F40*I40 -> 1.4070496 | K40: 1 | L40: 1 | M40: 0 | N40: 0 | O40: 0.7 | P40: 0 | Q40: =Q22 -> 0.23 | R40: 24 | S40: =+J40*$K40*$L40*(1-M40)*(1-N40)/O40/(1-P40) -> 2.0100709 | T40: =D40*S40 -> 72.362551 | U40: =S40/8.64 -> 0.23264709 | V40: =S40*10*31/Q40 -> 2709.2259 | X40: =+E40*F40*I40 -> 0.18125
A41: از تدقیق | B41: 7.7630323 | C41: 7.5 | D41: 30 | E41: 0.2 | F41: 1 | G41: =C41/D41 -> 0.25 | H41: =G41+0.15*(1-G41) -> 0.3625 | I41: =H41 -> 0.3625 | J41: =B41*E41*F41*I41 -> 0.56281984 | K41: 0.9 | L41: 1 | M41: 0 | N41: 0 | O41: 0.85 | P41: 0 | Q41: =Q23 -> 0.2425809 | R41: 24 | S41: =+J41*$K41*$L41*(1-M41)*(1-N41)/O41/(1-P41) -> 0.59592689 | T41: =D41*S41 -> 17.877807 | U41: =S41/8.64 -> 0.068973019 | V41: =S41*10*31/Q41 -> 761.54938 | X41: =+E41*F41*I41 -> 0.0725
A42: برآورد کمربند | B42: 7.1 | C42: 5 | D42: 30 | E42: 0.5 | F42: 1 | G42: =C42/D42 -> 0.16666667 | H42: =G42+0.15*(1-G42) -> 0.29166667 | I42: =H42 -> 0.29166667 | J42: =B42*E42*F42*I42 -> 1.0354167 | K42: 1 | L42: 1 | M42: 0 | N42: 0 | O42: 0.85 | P42: 0.05 | Q42: 0.22 | R42: 24 | S42: =+J42*$K42*$L42*(1-M42)*(1-N42)/O42/(1-P42) -> 1.2822497 | T42: =D42*S42 -> 38.467492 | U42: =S42/8.64 -> 0.14840853 | V42: =S42*10*31/Q42 -> 1806.8065 | X42: =+E42*F42*I42 -> 0.14583333
A43: برآورد کمربند | B43: 8.2 | C43: 5 | D43: =D42 -> 30 | E43: 0.5 | F43: 1 | G43: =C43/D43 -> 0.16666667 | H43: =G43+0.15*(1-G43) -> 0.29166667 | I43: =H43 -> 0.29166667 | J43: =B43*E43*F43*I43 -> 1.1958333 | K43: 1 | L43: 1 | M43: 0 | N43: 0 | O43: =+O42 -> 0.85 | P43: 0.05 | Q43: 0.22 | R43: 24 | S43: =+J43*$K43*$L43*(1-M43)*(1-N43)/O43/(1-P43) -> 1.4809082 | T43: =D43*S43 -> 44.427245 | U43: =S43/8.64 -> 0.17140141 | V43: =S43*10*31/Q43 -> 2086.7342 | X43: =+E43*F43*I43 -> 0.14583333
C44: برخی ارقام سطح أسمی درختان، فرضی هستند برای رسیدن به تراکم مفروض | H44: =G44+0.15*(1-G44) -> 0.15
A45: معابر- بازبینی | B45: 7.7630323 | C45: 9 | D45: 12 | E45: 0.5 | F45: 1.2 | G45: =C45/D45 -> 0.75 | H45: =G45+0.15*(1-G45) -> 0.7875 | I45: =H45 -> 0.7875 | J45: =B45*E45*F45*I45 -> 3.6680327 | K45: 1 | L45: 0.65 | M45: 0 | N45: 0 | O45: 0.7 | P45: 0 | Q45: 0.23 | R45: 24 | S45: =+J45*$K45*$L45*(1-M45)*(1-N45)/O45/(1-P45) -> 3.4060304 | T45: =D45*S45 -> 40.872365 | U45: =S45/8.64 -> 0.39421648 | V45: =S45*10*31/Q45 -> 4590.7366 | X45: =+E45*F45*I45 -> 0.4725 | Z45: =+L45*H45 -> 0.511875 | AB45: =+Z45*D45 -> 6.1425 | AC45: =0.5*C45 -> 4.5
A46: بوستان- بازبینی | B46: 7.7630323 | C46: 9 | D46: 12 | E46: 0.5 | F46: 1 | G46: =C46/D46 -> 0.75 | H46: =G46+0.15*(1-G46) -> 0.7875 | I46: =H46 -> 0.7875 | J46: =B46*E46*F46*I46 -> 3.056694 | K46: 1 | L46: 0.65 | M46: 0 | N46: 0 | O46: 0.7 | P46: 0 | Q46: 0.23 | R46: 24 | S46: =+J46*$K46*$L46*(1-M46)*(1-N46)/O46/(1-P46) -> 2.8383587 | T46: =D46*S46 -> 34.060304 | U46: =S46/8.64 -> 0.32851373 | V46: =S46*10*31/Q46 -> 3825.6139 | X46: =+E46*F46*I46 -> 0.39375 | Z46: =+L46*H46 -> 0.511875 | AB46: =+Z46*D46 -> 6.1425 | AC46: =0.5*C46 -> 4.5
A47: کمربند- بازبینی | B47: 7.7630323 | C47: 5 | D47: 30 | E47: 0.5 | F47: 1.2 | G47: =C47/D47 -> 0.16666667 | H47: =G47+0.15*(1-G47) -> 0.29166667 | I47: =H47 -> 0.29166667 | J47: =B47*E47*F47*I47 -> 1.3585306 | K47: 1 | L47: 0.65 | M47: 0 | N47: 0 | O47: 0.7 | P47: 0 | Q47: 0.23 | R47: 24 | S47: =+J47*$K47*$L47*(1-M47)*(1-N47)/O47/(1-P47) -> 1.2614927 | T47: =D47*S47 -> 37.844782 | U47: =S47/8.64 -> 0.1460061 | V47: =S47*10*31/Q47 -> 1700.2728 | X47: =+E47*F47*I47 -> 0.175 | Z47: =+L47*H47 -> 0.18958333 | AB47: =+Z47*D47 -> 5.6875 | AC47: =0.5*C47 -> 2.5
A48: کمربند- بازبینی | B48: 7.7630323 | C48: 5 | D48: 30 | E48: 0.5 | F48: 1 | G48: =C48/D48 -> 0.16666667 | H48: =G48+0.15*(1-G48) -> 0.29166667 | I48: =H48 -> 0.29166667 | J48: =B48*E48*F48*I48 -> 1.1321089 | K48: 1 | L48: 0.65 | M48: 0 | N48: 0 | O48: 0.7 | P48: 0 | Q48: 0.23 | R48: 24 | S48: =+J48*$K48*$L48*(1-M48)*(1-N48)/O48/(1-P48) -> 1.051244 | T48: =D48*S48 -> 31.537319 | U48: =S48/8.64 -> 0.12167175 | V48: =S48*10*31/Q48 -> 1416.894 | X48: =+E48*F48*I48 -> 0.14583333 | Z48: =+L48*H48 -> 0.18958333 | AB48: =+Z48*D48 -> 5.6875 | AC48: =0.5*C48 -> 2.5
B50: گونه | E50: تراکم | H50: خرداقلیم
B51: دسته | C51: وضعیت | D51: ضریب | E51: دسته | F51: وضعیت | G51: ضریب | H51: دسته | I51: تأثیر بر | J51: ضریب
C52: نیاز رطوبتی | D52: گونه | F52: سطح برگ | G52: تراکم | I52: تبخیرتعرّق | J52: خُرداقلیم
C53: خیلی کم‌نیاز | D53: 0.05 | F53: تُنُک/ کم‌تراکم | G53: 0.5 | I53: کاهنده | J53: 0.5
D54: 0.08 | G54: 0.6 | J54: 0.6
D55: 0.1 | G55: 0.7 | J55: 0.7
C56: کم‌نیاز | D56: 0.2 | G56: 0.8 | J56: 0.8
D57: 0.3 | G57: 0.9 | J57: 0.9
D58: 0.4 | F58: مبنا | G58: 1 | I58: مبنا | J58: 1
C59: متوسط‌نیاز | D59: 0.5 | F59: پُرپشت/ متراکم | G59: 1.1 | J59: 1.1
D60: 0.6 | G60: 1.2 | I60: افزاینده | J60: 1.2
D61: 0.7 | G61: 1.3 | J61: 1.3
C62: پُرنیاز | D62: 0.8
D63: 0.9

Sheet Shading
B2: auhu | C2: سطح واحد گياه؛ ‌مترمربع | D2: سطح نسبي سايه‌اندازِ آسمانه | E2: ضریب سایه‌انداز | F2: ضریب سایه‌انداز
B3: R | C3: Ao | D3: Ps | E3: KSh | F3: KSh
B4: - | C4: - | D4: - | E4: Ps+b(1-Ps) | F4: Ps0.5 | I4: =0.85*C8+0.15
B5: m | C5: m2 | D5: % | E5: - | F5: -
B6: 3 | C6: =PI()*B6 -> 9.424778 | D6: =(PI()*2.8^2/4)/C6 -> 0.65333333 | E6: =D6+0.15*(1-D6) -> 0.70533333 | F6: =D6^0.5 -> 0.80829038
C8: سایه‌انداز | D8: روش افزونه‌ای از سطح خشک | E8: روش تعدیل سایه‌انداز | F8: روش فضای باز | G8: خط یک به یک | H8: افزونه 1 | I8: افزونه 2 | J8: تعدیل 1 | K8: تعدیل 2 | L8: تعدیل 3
C9: 0 | D9: =C9+0.15*(1-C9) -> 0.15 | E9: =C9^0.5 -> 0 | F9: =IF(C9>0.7,1,SIN(PI()/2*C9/0.7)) -> 0 | G9: =+C9 -> 0 | H9: =D9-C9 -> 0.15 | I9: =E9-C9 -> 0 | J9: - | K9: - | L9: -
B10: =1/C10 -> 20 | C10: 0.05 | D10: =C10+0.15*(1-C10) -> 0.1925 | E10: =C10^0.5 -> 0.2236068 | F10: =IF(C10>0.7,1,SIN(PI()/2*C10/0.7)) -> 0.11196448 | G10: =+C10 -> 0.05 | H10: =D10-C10 -> 0.1425 | I10: =E10-C10 -> 0.1736068 | J10: =D10/C10 -> 3.85 | K10: =E10/C10 -> 4.472136 | L10: =F10/C10 -> 2.2392895
B11: =1/C11 -> 10 | C11: 0.1 | D11: =C11+0.15*(1-C11) -> 0.235 | E11: =C11^0.5 -> 0.31622777 | F11: =IF(C11>0.7,1,SIN(PI()/2*C11/0.7)) -> 0.22252093 | G11: =+C11 -> 0.1 | H11: =D11-C11 -> 0.135 | I11: =E11-C11 -> 0.21622777 | J11: =D11/C11 -> 2.35 | K11: =E11/C11 -> 3.1622777 | L11: =F11/C11 -> 2.2252093
B12: =1/C12 -> 5 | C12: 0.2 | D12: =C12+0.15*(1-C12) -> 0.32 | E12: =C12^0.5 -> 0.4472136 | F12: =IF(C12>0.7,1,SIN(PI()/2*C12/0.7)) -> 0.43388374 | G12: =+C12 -> 0.2 | H12: =D12-C12 -> 0.12 | I12: =E12-C12 -> 0.2472136 | J12: =D12/C12 -> 1.6 | K12: =E12/C12 -> 2.236068 | L12: =F12/C12 -> 2.1694187
B13: =1/C13 -> 4 | C13: 0.25 | D13: =C13+0.15*(1-C13) -> 0.3625 | E13: =C13^0.5 -> 0.5 | F13: =IF(C13>0.7,1,SIN(PI()/2*C13/0.7)) -> 0.53203208 | G13: =+C13 -> 0.25 | H13: =D13-C13 -> 0.1125 | I13: =E13-C13 -> 0.25 | J13: =D13/C13 -> 1.45 | K13: =E13/C13 -> 2 | L13: =F13/C13 -> 2.1281283
B14: =1/C14 -> 3.3333333 | C14: 0.3 | D14: =C14+0.15*(1-C14) -> 0.405 | E14: =C14^0.5 -> 0.54772256 | F14: =IF(C14>0.7,1,SIN(PI()/2*C14/0.7)) -> 0.6234898 | G14: =+C14 -> 0.3 | H14: =D14-C14 -> 0.105 | I14: =E14-C14 -> 0.24772256 | J14: =D14/C14 -> 1.35 | K14: =E14/C14 -> 1.8257419 | L14: =F14/C14 -> 2.0782993
B15: =1/C15 -> 2.5 | C15: 0.4 | D15: =C15+0.15*(1-C15) -> 0.49 | E15: =C15^0.5 -> 0.63245553 | F15: =IF(C15>0.7,1,SIN(PI()/2*C15/0.7)) -> 0.78183148 | G15: =+C15 -> 0.4 | H15: =D15-C15 -> 0.09 | I15: =E15-C15 -> 0.23245553 | J15: =D15/C15 -> 1.225 | K15: =E15/C15 -> 1.5811388 | L15: =F15/C15 -> 1.9545787
B16: =1/C16 -> 2 | C16: 0.5 | D16: =C16+0.15*(1-C16) -> 0.575 | E16: =C16^0.5 -> 0.70710678 | F16: =IF(C16>0.7,1,SIN(PI()/2*C16/0.7)) -> 0.90096887 | G16: =+C16 -> 0.5 | H16: =D16-C16 -> 0.075 | I16: =E16-C16 -> 0.20710678 | J16: =D16/C16 -> 1.15 | K16: =E16/C16 -> 1.4142136 | L16: =F16/C16 -> 1.8019377
B17: =1/C17 -> 1.6666667 | C17: 0.6 | D17: =C17+0.15*(1-C17) -> 0.66 | E17: =C17^0.5 -> 0.77459667 | F17: =IF(C17>0.7,1,SIN(PI()/2*C17/0.7)) -> 0.97492791 | G17: =+C17 -> 0.6 | H17: =D17-C17 -> 0.06 | I17: =E17-C17 -> 0.17459667 | J17: =D17/C17 -> 1.1 | K17: =E17/C17 -> 1.2909944 | L17: =F17/C17 -> 1.6248799
B18: =1/C18 -> 1.4285714 | C18: 0.7 | D18: =C18+0.15*(1-C18) -> 0.745 | E18: =C18^0.5 -> 0.83666003 | F18: =IF(C18>0.7,1,SIN(PI()/2*C18/0.7)) -> 1 | G18: =+C18 -> 0.7 | H18: =D18-C18 -> 0.045 | I18: =E18-C18 -> 0.13666003 | J18: =D18/C18 -> 1.0642857 | K18: =E18/C18 -> 1.1952286 | L18: =F18/C18 -> 1.4285714
B19: =1/C19 -> 1.25 | C19: 0.8 | D19: =C19+0.15*(1-C19) -> 0.83 | E19: =C19^0.5 -> 0.89442719 | F19: =IF(C19>0.7,1,SIN(PI()/2*C19/0.7)) -> 1 | G19: =+C19 -> 0.8 | H19: =D19-C19 -> 0.03 | I19: =E19-C19 -> 0.094427191 | J19: =D19/C19 -> 1.0375 | K19: =E19/C19 -> 1.118034 | L19: =F19/C19 -> 1.25
B20: =1/C20 -> 1.1111111 | C20: 0.9 | D20: =C20+0.15*(1-C20) -> 0.915 | E20: =C20^0.5 -> 0.9486833 | F20: =IF(C20>0.7,1,SIN(PI()/2*C20/0.7)) -> 1 | G20: =+C20 -> 0.9 | H20: =D20-C20 -> 0.015 | I20: =E20-C20 -> 0.048683298 | J20: =D20/C20 -> 1.0166667 | K20: =E20/C20 -> 1.0540926 | L20: =F20/C20 -> 1.1111111
B21: =1/C21 -> 1 | C21: 1 | D21: =C21+0.15*(1-C21) -> 1 | E21: =C21^0.5 -> 1 | F21: =IF(C21>0.7,1,SIN(PI()/2*C21/0.7)) -> 1 | G21: =+C21 -> 1 | H21: =D21-C21 -> 0 | I21: =E21-C21 -> 0 | J21: =D21/C21 -> 1 | K21: =E21/C21 -> 1 | L21: =F21/C21 -> 1

Sheet 9&11

Sheet کمربند
G1: 20.8 | H1: درخت
B2: ارقام پیشین | F2: ارقام جدید!!
B3: کوهستان وچهل بوستان | C3: اراضی آبشر | D3: 1890000 | F3: کوهستان وچهل بوستان | G3: 658411 | H3: =G3*$G$1 -> 13694949 | I3: =H3+'[7]کمربند سبز'!V4+'[7]کمربند سبز'!Z4+'[7]کمربند سبز'!AD4 -> 13695529
B4: کوهستان وچهل بوستان | C4: اراضی آبشر- حاشیه بلوار نماز | D4: 340000 | F4: کوهستان وچهل بوستان | G4: 81250 | H4: =G4*$G$1 -> 1690000 | I4: =H4+'[7]کمربند سبز'!V5+'[7]کمربند سبز'!Z5+'[7]کمربند سبز'!AD5 -> 1690000
B5: کوهستان وچهل بوستان | C5: اراضی قهوه خانه و کوهسنگی | D5: 2500375 | F5: کوهستان وچهل بوستان | G5: 81250 | H5: =G5*$G$1 -> 1690000 | I5: =H5+'[7]کمربند سبز'!V6+'[7]کمربند سبز'!Z6+'[7]کمربند سبز'!AD6 -> 1690375
B6: کوهستان وچهل بوستان | C6: اراضی منابع طبیعی- ملی | D6: 2500000 | F6: کوهستان وچهل بوستان | G6: 123400 | H6: =G6*$G$1 -> 2566720 | I6: =H6+'[7]کمربند سبز'!V7+'[7]کمربند سبز'!Z7+'[7]کمربند سبز'!AD7 -> 2566720
B7: کوهستان وچهل بوستان | C7: اراضی مینوش و مغان- 1 | D7: 1875000 | F7: کوهستان وچهل بوستان | G7: 155000 | H7: =G7*$G$1 -> 3224000 | I7: =H7+'[7]کمربند سبز'!V8+'[7]کمربند سبز'!Z8+'[7]کمربند سبز'!AD8 -> 3224000 | J7: =SUM(I3:I7) -> 22866624 | K7: =J7-E12 -> -10354956
B8: کوهستان وچهل بوستان | C8: اراضی مینوش و مغان- 2 | D8: 1000000 | F8: سوران و و یرانی | G8: 57000 | H8: =G8*$G$1 -> 1185600 | I8: =H8+'[7]کمربند سبز'!V9+'[7]کمربند سبز'!Z9+'[7]کمربند سبز'!AD9 -> 1185600 | K8: =I8-E13 -> -864400
B9: کوهستان وچهل بوستان | C9: تکمیل آبشر | D9: 872500 | F9: جزایر میانی بهشت رضا(ع) | G9: 58600 | H9: =G9*$G$1 -> 1218880 | I9: =H9+'[7]کمربند سبز'!V10+'[7]کمربند سبز'!Z10+'[7]کمربند سبز'!AD10 -> 1218880 | K9: =I9-E15 -> 282299.91
B10: کوهستان وچهل بوستان | C10: نگهداری قدیم - زون 1 الی11 | D10: 20800580
B11: کوهستان وچهل بوستان | C11: نگهداری قدیم- انتهای لادن | D11: 100000
B12: کوهستان وچهل بوستان | C12: نگهداری قدیم- حاشیه کمربند جنوبی | D12: 1343125 | E12: =SUM(D3:D12) -> 33221580
B13: سوران و و یرانی | C13: بزرگراه آسیایی بعد از نیروگاه توس | D13: 2050000 | E13: =D13 -> 2050000
B14: جزایر میانی بهشت رضا(ع) | C14: توسعه سال 98جاده بهشت رضا (ع) | D14: 86580.087
B15: جزایر میانی بهشت رضا(ع) | C15: حد فاصل مسیر رفت و برگشت جاده بهشت رضا (ع) | D15: 850000 | E15: =SUM(D14:D15) -> 936580.09
D17: =SUM(D3:D16) -> 36208160 | F17: =H17/D17 -> 0.69791309 | H17: =SUM(H3:H16) -> 25270149 | K17: =SUM(K3:K16) -> -10937056
D18: =D17/10000 -> 3620.816 | H18: =H17/10000 -> 2527.0149 | K18: =K17/10000 -> -1093.7056

Sheet Demands (2)
Q5: مساحت افق فضای سبز شهری (هکتار) | X5: مصارف افق فضای سبز شهری در ماه اوج (مترمکعب) | AD5: مصارف برحسب دبی لحظه ای (L/s) | AJ5: مصارف افق فضای سبز شهری در سال (میلیون مترمکعب)
A6: name | B6: input | C6: In Flow1399 | D6: Area1399 | E6: In Flow1405 | F6: Area 1405 | G6: In Flow1410 | H6: Area1410 | I6: In Flow1425 | J6: Area1425 | Q6: سال/نام منطقه | R6: 1399 | S6: 1405 | T6: 1410 | U6: 1425 | X6: =Q6 -> سال/نام منطقه | Y6: =R6 -> 1399 | Z6: =S6 -> 1405 | AA6: =T6 -> 1410 | AB6: =U6 -> 1425 | AD6: =Q6 -> سال/نام منطقه | AE6: =R6 -> 1399 | AF6: =S6 -> 1405 | AG6: =T6 -> 1410 | AH6: =U6 -> 1425 | AJ6: =Q6 -> سال/نام منطقه | AK6: =R6 -> 1399 | AL6: =S6 -> 1405 | AM6: =T6 -> 1410 | AN6: =U6 -> 1425
A7: Zone01 | B7: 109.2 | C7: =D7*$K$30*1000/(31*24*3600) -> 50.070675 | D7: 42.5879 | E7: =F7*$K$30*1000/(31*24*3600) -> 55.25799 | F7: =S7 -> 47 | G7: =H7*$K$30*1000/(31*24*3600) -> 61.136499 | H7: =T7 -> 52 | I7: =J7*$K$30*1000/(31*24*3600) -> 57.609394 | J7: =U7 -> 49 | Q7: منطقه 1 | R7: 49 | S7: =INT($D7*(1+$M$17/100)^M$21) -> 47 | T7: =INT($D7*(1+$M$17/100)^N$21) -> 52 | U7: 49 | X7: =Q7 -> منطقه 1 | Y7: =R7*$K$30 -> 154301 | Z7: =S7*$K$30 -> 148003 | AA7: =T7*$K$30 -> 163748 | AB7: =U7*$K$30 -> 154301 | AD7: =Q7 -> منطقه 1 | AE7: =Y7*1000/(31*24*3600) -> 57.609394 | AF7: =Z7*1000/(31*24*3600) -> 55.25799 | AG7: =AA7*1000/(31*24*3600) -> 61.136499 | AH7: =AB7*1000/(31*24*3600) -> 57.609394 | AJ7: =Q7 -> منطقه 1 | AK7: =R7*$K$36/10^6 -> 0.6566 | AL7: =S7*$K$36/10^6 -> 0.6298 | AM7: =T7*$K$36/10^6 -> 0.6968 | AN7: =U7*$K$36/10^6 -> 0.6566
A8: Zone02 | B8: 253.8 | C8: =D8*$K$30*1000/(31*24*3600) -> 147.17272 | D8: 125.1786 | E8: =F8*$K$30*1000/(31*24*3600) -> 164.59827 | F8: =S8 -> 140 | G8: =H8*$K$30*1000/(31*24*3600) -> 182.2338 | H8: =T8 -> 155 | I8: =J8*$K$30*1000/(31*24*3600) -> 174.00388 | J8: =U8 -> 148 | Q8: منطقه 2 | R8: 148 | S8: =INT($D8*(1+$M$17/100)^M$21) -> 140 | T8: =INT($D8*(1+$M$17/100)^N$21) -> 155 | U8: 148 | X8: =Q8 -> منطقه 2 | Y8: =R8*$K$30 -> 466052 | Z8: =S8*$K$30 -> 440860 | AA8: =T8*$K$30 -> 488095 | AB8: =U8*$K$30 -> 466052 | AD8: =Q8 -> منطقه 2 | AE8: =Y8*1000/(31*24*3600) -> 174.00388 | AF8: =Z8*1000/(31*24*3600) -> 164.59827 | AG8: =AA8*1000/(31*24*3600) -> 182.2338 | AH8: =AB8*1000/(31*24*3600) -> 174.00388 | AJ8: =Q8 -> منطقه 2 | AK8: =R8*$K$36/10^6 -> 1.9832 | AL8: =S8*$K$36/10^6 -> 1.876 | AM8: =T8*$K$36/10^6 -> 2.077 | AN8: =U8*$K$36/10^6 -> 1.9832
A9: Zone03 | B9: 199.05 | C9: =D9*$K$30*1000/(31*24*3600) -> 122.27229 | D9: 103.9994 | E9: =F9*$K$30*1000/(31*24*3600) -> 137.55712 | F9: =S9 -> 117 | G9: =H9*$K$30*1000/(31*24*3600) -> 151.66555 | H9: =T9 -> 129 | I9: =J9*$K$30*1000/(31*24*3600) -> 339.77785 | J9: =U9 -> 289 | Q9: منطقه 3 | R9: 289 | S9: =INT($D9*(1+$M$17/100)^M$21) -> 117 | T9: =INT($D9*(1+$M$17/100)^N$21) -> 129 | U9: 289 | X9: =Q9 -> منطقه 3 | Y9: =R9*$K$30 -> 910061 | Z9: =S9*$K$30 -> 368433 | AA9: =T9*$K$30 -> 406221 | AB9: =U9*$K$30 -> 910061 | AD9: =Q9 -> منطقه 3 | AE9: =Y9*1000/(31*24*3600) -> 339.77785 | AF9: =Z9*1000/(31*24*3600) -> 137.55712 | AG9: =AA9*1000/(31*24*3600) -> 151.66555 | AH9: =AB9*1000/(31*24*3600) -> 339.77785 | AJ9: =Q9 -> منطقه 3 | AK9: =R9*$K$36/10^6 -> 3.8726 | AL9: =S9*$K$36/10^6 -> 1.5678 | AM9: =T9*$K$36/10^6 -> 1.7286 | AN9: =U9*$K$36/10^6 -> 3.8726
A10: Zone04 | B10: 114.6 | C10: =D10*$K$30*1000/(31*24*3600) -> 61.29228 | D10: 52.1325 | E10: =F10*$K$30*1000/(31*24*3600) -> 68.190711 | F10: =S10 -> 58 | G10: =H10*$K$30*1000/(31*24*3600) -> 75.244922 | H10: =T10 -> 64 | I10: =J10*$K$30*1000/(31*24*3600) -> 178.70669 | J10: =U10 -> 152 | Q10: منطقه 4 | R10: 152 | S10: =INT($D10*(1+$M$17/100)^M$21) -> 58 | T10: =INT($D10*(1+$M$17/100)^N$21) -> 64 | U10: 152 | X10: =Q10 -> منطقه 4 | Y10: =R10*$K$30 -> 478648 | Z10: =S10*$K$30 -> 182642 | AA10: =T10*$K$30 -> 201536 | AB10: =U10*$K$30 -> 478648 | AD10: =Q10 -> منطقه 4 | AE10: =Y10*1000/(31*24*3600) -> 178.70669 | AF10: =Z10*1000/(31*24*3600) -> 68.190711 | AG10: =AA10*1000/(31*24*3600) -> 75.244922 | AH10: =AB10*1000/(31*24*3600) -> 178.70669 | AJ10: =Q10 -> منطقه 4 | AK10: =R10*$K$36/10^6 -> 2.0368 | AL10: =S10*$K$36/10^6 -> 0.7772 | AM10: =T10*$K$36/10^6 -> 0.8576 | AN10: =U10*$K$36/10^6 -> 2.0368
A11: Zone05 | B11: 119.25 | C11: =D11*$K$30*1000/(31*24*3600) -> 52.530126 | D11: 44.6798 | E11: =F11*$K$30*1000/(31*24*3600) -> 58.785096 | F11: =S11 -> 50 | G11: =H11*$K$30*1000/(31*24*3600) -> 64.663605 | H11: =T11 -> 55 | I11: =J11*$K$30*1000/(31*24*3600) -> 268.06004 | J11: =U11 -> 228 | Q11: منطقه 5 | R11: 228 | S11: =INT($D11*(1+$M$17/100)^M$21) -> 50 | T11: =INT($D11*(1+$M$17/100)^N$21) -> 55 | U11: 228 | X11: =Q11 -> منطقه 5 | Y11: =R11*$K$30 -> 717972 | Z11: =S11*$K$30 -> 157450 | AA11: =T11*$K$30 -> 173195 | AB11: =U11*$K$30 -> 717972 | AD11: =Q11 -> منطقه 5 | AE11: =Y11*1000/(31*24*3600) -> 268.06004 | AF11: =Z11*1000/(31*24*3600) -> 58.785096 | AG11: =AA11*1000/(31*24*3600) -> 64.663605 | AH11: =AB11*1000/(31*24*3600) -> 268.06004 | AJ11: =Q11 -> منطقه 5 | AK11: =R11*$K$36/10^6 -> 3.0552 | AL11: =S11*$K$36/10^6 -> 0.67 | AM11: =T11*$K$36/10^6 -> 0.737 | AN11: =U11*$K$36/10^6 -> 3.0552
A12: Zone06 | B12: 168.6 | C12: =D12*$K$30*1000/(31*24*3600) -> 93.701796 | D12: 79.6986 | E12: =F12*$K$30*1000/(31*24*3600) -> 104.63747 | F12: =S12 -> 89 | G12: =H12*$K$30*1000/(31*24*3600) -> 116.39449 | H12: =T12 -> 99 | I12: =J12*$K$30*1000/(31*24*3600) -> 316.26381 | J12: =U12 -> 269 | Q12: منطقه 6 | R12: 269 | S12: =INT($D12*(1+$M$17/100)^M$21) -> 89 | T12: =INT($D12*(1+$M$17/100)^N$21) -> 99 | U12: 269 | X12: =Q12 -> منطقه 6 | Y12: =R12*$K$30 -> 847081 | Z12: =S12*$K$30 -> 280261 | AA12: =T12*$K$30 -> 311751 | AB12: =U12*$K$30 -> 847081 | AD12: =Q12 -> منطقه 6 | AE12: =Y12*1000/(31*24*3600) -> 316.26381 | AF12: =Z12*1000/(31*24*3600) -> 104.63747 | AG12: =AA12*1000/(31*24*3600) -> 116.39449 | AH12: =AB12*1000/(31*24*3600) -> 316.26381 | AJ12: =Q12 -> منطقه 6 | AK12: =R12*$K$36/10^6 -> 3.6046 | AL12: =S12*$K$36/10^6 -> 1.1926 | AM12: =T12*$K$36/10^6 -> 1.3266 | AN12: =U12*$K$36/10^6 -> 3.6046
A13: Zone07 | B13: 364.35 | C13: =D13*$K$30*1000/(31*24*3600) -> 622.695 | D13: 529.6368 | E13: =F13*$K$30*1000/(31*24*3600) -> 700.71834 | F13: =S13 -> 596 | G13: =H13*$K$30*1000/(31*24*3600) -> 773.61186 | H13: =T13 -> 658 | I13: =J13*$K$30*1000/(31*24*3600) -> 993.46812 | J13: =U13 -> 845 | Q13: منطقه 7 | R13: 845 | S13: =INT($D13*(1+$M$17/100)^M$21) -> 596 | T13: =INT($D13*(1+$M$17/100)^N$21) -> 658 | U13: 845 | X13: =Q13 -> منطقه 7 | Y13: =R13*$K$30 -> 2660905 | Z13: =S13*$K$30 -> 1876804 | AA13: =T13*$K$30 -> 2072042 | AB13: =U13*$K$30 -> 2660905 | AD13: =Q13 -> منطقه 7 | AE13: =Y13*1000/(31*24*3600) -> 993.46812 | AF13: =Z13*1000/(31*24*3600) -> 700.71834 | AG13: =AA13*1000/(31*24*3600) -> 773.61186 | AH13: =AB13*1000/(31*24*3600) -> 993.46812 | AJ13: =Q13 -> منطقه 7 | AK13: =R13*$K$36/10^6 -> 11.323 | AL13: =S13*$K$36/10^6 -> 7.9864 | AM13: =T13*$K$36/10^6 -> 8.8172 | AN13: =U13*$K$36/10^6 -> 11.323
A14: Zone08 | B14: 140.1 | C14: =D14*$K$30*1000/(31*24*3600) -> 130.82364 | D14: 111.2728 | E14: =F14*$K$30*1000/(31*24*3600) -> 146.96274 | F14: =S14 -> 125 | G14: =H14*$K$30*1000/(31*24*3600) -> 162.24686 | H14: =T14 -> 138 | I14: =J14*$K$30*1000/(31*24*3600) -> 363.29189 | J14: =U14 -> 309 | Q14: منطقه 8 | R14: 309 | S14: =INT($D14*(1+$M$17/100)^M$21) -> 125 | T14: =INT($D14*(1+$M$17/100)^N$21) -> 138 | U14: 309 | X14: =Q14 -> منطقه 8 | Y14: =R14*$K$30 -> 973041 | Z14: =S14*$K$30 -> 393625 | AA14: =T14*$K$30 -> 434562 | AB14: =U14*$K$30 -> 973041 | AD14: =Q14 -> منطقه 8 | AE14: =Y14*1000/(31*24*3600) -> 363.29189 | AF14: =Z14*1000/(31*24*3600) -> 146.96274 | AG14: =AA14*1000/(31*24*3600) -> 162.24686 | AH14: =AB14*1000/(31*24*3600) -> 363.29189 | AJ14: =Q14 -> منطقه 8 | AK14: =R14*$K$36/10^6 -> 4.1406 | AL14: =S14*$K$36/10^6 -> 1.675 | AM14: =T14*$K$36/10^6 -> 1.8492 | AN14: =U14*$K$36/10^6 -> 4.1406
A15: Zone09 | B15: 462.9 | C15: =D15*$K$30*1000/(31*24*3600) -> 462.67221 | D15: 393.5285 | E15: =F15*$K$30*1000/(31*24*3600) -> 520.83595 | F15: =S15 -> 443 | G15: =H15*$K$30*1000/(31*24*3600) -> 574.91823 | H15: =T15 -> 489 | I15: =J15*$K$30*1000/(31*24*3600) -> 565.51262 | J15: =U15 -> 481 | N15: 1 | Q15: منطقه 9 | R15: 481 | S15: =INT($D15*(1+$M$17/100)^M$21) -> 443 | T15: =INT($D15*(1+$M$17/100)^N$21) -> 489 | U15: 481 | X15: =Q15 -> منطقه 9 | Y15: =R15*$K$30 -> 1514669 | Z15: =S15*$K$30 -> 1395007 | AA15: =T15*$K$30 -> 1539861 | AB15: =U15*$K$30 -> 1514669 | AD15: =Q15 -> منطقه 9 | AE15: =Y15*1000/(31*24*3600) -> 565.51262 | AF15: =Z15*1000/(31*24*3600) -> 520.83595 | AG15: =AA15*1000/(31*24*3600) -> 574.91823 | AH15: =AB15*1000/(31*24*3600) -> 565.51262 | AJ15: =Q15 -> منطقه 9 | AK15: =R15*$K$36/10^6 -> 6.4454 | AL15: =S15*$K$36/10^6 -> 5.9362 | AM15: =T15*$K$36/10^6 -> 6.5526 | AN15: =U15*$K$36/10^6 -> 6.4454
A16: Zone10 | B16: 273.15 | C16: =D16*$K$30*1000/(31*24*3600) -> 180.44849 | D16: 153.4815 | E16: =F16*$K$30*1000/(31*24*3600) -> 202.22073 | F16: =S16 -> 172 | G16: =H16*$K$30*1000/(31*24*3600) -> 223.38336 | H16: =T16 -> 190 | I16: =J16*$K$30*1000/(31*24*3600) -> 263.35723 | J16: =U16 -> 224 | M16: rate(%per year) | Q16: منطقه 10 | R16: 224 | S16: =INT($D16*(1+$M$17/100)^M$21) -> 172 | T16: =INT($D16*(1+$M$17/100)^N$21) -> 190 | U16: 224 | X16: =Q16 -> منطقه 10 | Y16: =R16*$K$30 -> 705376 | Z16: =S16*$K$30 -> 541628 | AA16: =T16*$K$30 -> 598310 | AB16: =U16*$K$30 -> 705376 | AD16: =Q16 -> منطقه 10 | AE16: =Y16*1000/(31*24*3600) -> 263.35723 | AF16: =Z16*1000/(31*24*3600) -> 202.22073 | AG16: =AA16*1000/(31*24*3600) -> 223.38336 | AH16: =AB16*1000/(31*24*3600) -> 263.35723 | AJ16: =Q16 -> منطقه 10 | AK16: =R16*$K$36/10^6 -> 3.0016 | AL16: =S16*$K$36/10^6 -> 2.3048 | AM16: =T16*$K$36/10^6 -> 2.546 | AN16: =U16*$K$36/10^6 -> 3.0016
A17: Zone11 | B17: 243.6 | C17: =D17*$K$30*1000/(31*24*3600) -> 125.30796 | D17: 106.5814 | E17: =F17*$K$30*1000/(31*24*3600) -> 141.08423 | F17: =S17 -> 120 | G17: =H17*$K$30*1000/(31*24*3600) -> 155.19265 | H17: =T17 -> 132 | I17: =J17*$K$30*1000/(31*24*3600) -> 148.13844 | J17: =U17 -> 126 | M17: 2 | Q17: منطقه 11 | R17: 126 | S17: =INT($D17*(1+$M$17/100)^M$21) -> 120 | T17: =INT($D17*(1+$M$17/100)^N$21) -> 132 | U17: 126 | X17: =Q17 -> منطقه 11 | Y17: =R17*$K$30 -> 396774 | Z17: =S17*$K$30 -> 377880 | AA17: =T17*$K$30 -> 415668 | AB17: =U17*$K$30 -> 396774 | AD17: =Q17 -> منطقه 11 | AE17: =Y17*1000/(31*24*3600) -> 148.13844 | AF17: =Z17*1000/(31*24*3600) -> 141.08423 | AG17: =AA17*1000/(31*24*3600) -> 155.19265 | AH17: =AB17*1000/(31*24*3600) -> 148.13844 | AJ17: =Q17 -> منطقه 11 | AK17: =R17*$K$36/10^6 -> 1.6884 | AL17: =S17*$K$36/10^6 -> 1.608 | AM17: =T17*$K$36/10^6 -> 1.7688 | AN17: =U17*$K$36/10^6 -> 1.6884
A18: Zone12 | B18: 134.4 | C18: =D18*$K$30*1000/(31*24*3600) -> 102.82924 | D18: 87.462 | E18: =F18*$K$30*1000/(31*24*3600) -> 115.21879 | F18: =S18 -> 98 | G18: =H18*$K$30*1000/(31*24*3600) -> 126.97581 | H18: =T18 -> 108 | I18: =J18*$K$30*1000/(31*24*3600) -> 661.92018 | J18: =U18 -> 563 | Q18: منطقه 12 | R18: 563 | S18: =INT($D18*(1+$M$17/100)^M$21) -> 98 | T18: =INT($D18*(1+$M$17/100)^N$21) -> 108 | U18: 563 | X18: =Q18 -> منطقه 12 | Y18: =R18*$K$30 -> 1772887 | Z18: =S18*$K$30 -> 308602 | AA18: =T18*$K$30 -> 340092 | AB18: =U18*$K$30 -> 1772887 | AD18: =Q18 -> منطقه 12 | AE18: =Y18*1000/(31*24*3600) -> 661.92018 | AF18: =Z18*1000/(31*24*3600) -> 115.21879 | AG18: =AA18*1000/(31*24*3600) -> 126.97581 | AH18: =AB18*1000/(31*24*3600) -> 661.92018 | AJ18: =Q18 -> منطقه 12 | AK18: =R18*$K$36/10^6 -> 7.5442 | AL18: =S18*$K$36/10^6 -> 1.3132 | AM18: =T18*$K$36/10^6 -> 1.4472 | AN18: =U18*$K$36/10^6 -> 7.5442
A19: Zone Samen | B19: 19.65 | C19: =D19*$K$30*1000/(31*24*3600) -> 8.4929179 | D19: 7.2237 | E19: =F19*$K$30*1000/(31*24*3600) -> 9.4056153 | F19: =S19 -> 8 | G19: =H19*$K$30*1000/(31*24*3600) -> 9.4056153 | H19: =T19 -> 8 | I19: =J19*$K$30*1000/(31*24*3600) -> 9.4056153 | J19: =U19 -> 8 | Q19: منطقه ثامن | R19: 8 | S19: =INT($D19*(1+$M$17/100)^M$21) -> 8 | T19: =INT($D19*(1+$M$17/100)^N$21) -> 8 | U19: 8 | X19: =Q19 -> منطقه ثامن | Y19: =R19*$K$30 -> 25192 | Z19: =S19*$K$30 -> 25192 | AA19: =T19*$K$30 -> 25192 | AB19: =U19*$K$30 -> 25192 | AD19: =Q19 -> منطقه ثامن | AE19: =Y19*1000/(31*24*3600) -> 9.4056153 | AF19: =Z19*1000/(31*24*3600) -> 9.4056153 | AG19: =AA19*1000/(31*24*3600) -> 9.4056153 | AH19: =AB19*1000/(31*24*3600) -> 9.4056153 | AJ19: =Q19 -> منطقه ثامن | AK19: =R19*$K$36/10^6 -> 0.1072 | AL19: =S19*$K$36/10^6 -> 0.1072 | AM19: =T19*$K$36/10^6 -> 0.1072 | AN19: =U19*$K$36/10^6 -> 0.1072
A20: North Belt | B20: 22.8 | C20: =D20*$K$30*1000/(31*24*3600) -> 212.80205 | D20: 181 | E20: =F20*$K$30*1000/(31*24*3600) -> 565.51262 | F20: =S20 -> 481 | G20: =H20*$K$30*1000/(31*24*3600) -> 859.4381 | H20: =T20 -> 731 | I20: =J20*$K$30*1000/(31*24*3600) -> 1010.443 | J20: =U20 -> 859.4381 | L20: 1399 | M20: 1405 | N20: 1410 | O20: 1425 | P20: 50 | Q20: کمربند شمالی | R20: =D20 -> 181 | S20: =INT($D20+P$20*$M21) -> 481 | T20: =INT($D20+P$20*$N21) -> 731 | U20: =G20 -> 859.4381 | X20: =Q20 -> کمربند شمالی | Y20: =R20*$K$31 -> 63802.5 | Z20: =S20*$K$31 -> 169552.5 | AA20: =T20*$K$31 -> 257677.5 | AB20: =U20*$K$31 -> 302951.93 | AD20: =Q20 -> کمربند شمالی | AE20: =Y20*1000/(31*24*3600) -> 23.821125 | AF20: =Z20*1000/(31*24*3600) -> 63.303651 | AG20: =AA20*1000/(31*24*3600) -> 96.205757 | AH20: =AB20*1000/(31*24*3600) -> 113.10929 | AJ20: =Q20 -> کمربند شمالی | AK20: =R20*$K$37/10^6 -> 0.2715 | AL20: =S20*$K$37/10^6 -> 0.7215 | AM20: =T20*$K$37/10^6 -> 1.0965 | AN20: =U20*$K$37/10^6 -> 1.2891571
A21: South Belt | B21: 315.15 | C21: =D21*$K$30*1000/(31*24*3600) -> 2931.1371 | D21: 2493.0955 | E21: =F21*$K$30*1000/(31*24*3600) -> 4694.5777 | F21: =S21 -> 3993 | G21: =H21*$K$30*1000/(31*24*3600) -> 6164.2051 | H21: =T21 -> 5243 | I21: =J21*$K$30*1000/(31*24*3600) -> 7247.2677 | J21: =U21 -> 6164.2051 | M21: =M20-$L$20 -> 6 | N21: =N20-$L$20 -> 11 | O21: =O20-$L$20 -> 26 | P21: 250 | Q21: کمربند جنوبی | R21: =D21 -> 2493.0955 | S21: =INT($D21+P$21*$M21) -> 3993 | T21: =INT($D21+P$21*$N21) -> 5243 | U21: =G21 -> 6164.2051 | X21: =Q21 -> کمربند جنوبی | Y21: =R21*$K$31 -> 878816.16 | Z21: =S21*$K$31 -> 1407532.5 | AA21: =T21*$K$31 -> 1848157.5 | AB21: =U21*$K$31 -> 2172882.3 | AD21: =Q21 -> کمربند جنوبی | AE21: =Y21*1000/(31*24*3600) -> 328.11237 | AF21: =Z21*1000/(31*24*3600) -> 525.51243 | AG21: =AA21*1000/(31*24*3600) -> 690.02296 | AH21: =AB21*1000/(31*24*3600) -> 811.26131 | AJ21: =Q21 -> کمربند جنوبی | AK21: =R21*$K$37/10^6 -> 3.7396432 | AL21: =S21*$K$37/10^6 -> 5.9895 | AM21: =T21*$K$37/10^6 -> 7.8645 | AN21: =U21*$K$37/10^6 -> 9.2463077
A22: Parks Organization | B22: 56.85 | C22: =D22*$K$30*1000/(31*24*3600) -> 39.578829 | D22: 33.664 | E22: =F22*$K$30*1000/(31*24*3600) -> 43.500971 | F22: =S22 -> 37 | G22: =H22*$K$30*1000/(31*24*3600) -> 48.203778 | H22: =T22 -> 41 | I22: =J22*$K$30*1000/(31*24*3600) -> 39.578829 | J22: =U22 -> 33.664 | P22: =SUM(P20:P21) -> 300 | Q22: سازمان پارکها | R22: =D22 -> 33.664 | S22: =INT($D22*(1+$M$17/100)^M$21) -> 37 | T22: =INT($D22*(1+$M$17/100)^N$21) -> 41 | U22: =R22 -> 33.664 | X22: =Q22 -> سازمان پارکها | Y22: =R22*$K$30 -> 106007.94 | Z22: =S22*$K$30 -> 116513 | AA22: =T22*$K$30 -> 129109 | AB22: =U22*$K$30 -> 106007.94 | AD22: =Q22 -> سازمان پارکها | AE22: =Y22*1000/(31*24*3600) -> 39.578829 | AF22: =Z22*1000/(31*24*3600) -> 43.500971 | AG22: =AA22*1000/(31*24*3600) -> 48.203778 | AH22: =AB22*1000/(31*24*3600) -> 39.578829 | AJ22: =Q22 -> سازمان پارکها | AK22: =R22*$K$36/10^6 -> 0.4510976 | AL22: =S22*$K$36/10^6 -> 0.4958 | AM22: =T22*$K$36/10^6 -> 0.5494 | AN22: =U22*$K$36/10^6 -> 0.4510976
C23: =SUM(C7:C22) -> 5343.8274 | D23: =SUM(D7:D22) -> 4545.223 | E23: =SUM(E7:E22) -> 7729.0644 | F23: =SUM(F7:F22) -> 6574 | G23: =SUM(G7:G22) -> 9748.9203 | H23: =SUM(H7:H22) -> 8292 | I23: =SUM(I7:I22) -> 12636.805 | J23: =SUM(J7:J22) -> 10748.307 | N23: نسبت حداکثر | O23: 0.235
Q24: شهر | R24: =SUM(R7:R19)+R22 -> 3724.664 | S24: =SUM(S7:S19)+S22 -> 2100 | T24: =SUM(T7:T19)+T22 -> 2318 | U24: =SUM(U7:U19)+U22 -> 3724.664 | X24: =L28 -> مصرف ماه اوج (میلیون مترمکعب) | AD24: دبی لحظه ای (L/s) | AJ24: =L34 -> مصرف سالانه (میلیون مترمکعب)
Q25: کمربندها | R25: =R20+R21 -> 2674.0955 | S25: =S20+S21 -> 4474 | T25: =T20+T21 -> 5974 | U25: =U20+U21 -> 7023.6432 | X25: =L30 -> شهر | Y25: =(SUM(Y7:Y19)+Y22)/10^6 -> 11.728967 | Z25: =(SUM(Z7:Z19)+Z22)/10^6 -> 6.6129 | AA25: =(SUM(AA7:AA19)+AA22)/10^6 -> 7.299382 | AB25: =(SUM(AB7:AB19)+AB22)/10^6 -> 11.728967 | AD25: =X25 -> شهر | AE25: =SUM(AE7:AE19)+AE22 -> 4379.0946 | AF25: =SUM(AF7:AF19)+AF22 -> 2468.974 | AG25: =SUM(AG7:AG19)+AG22 -> 2725.277 | AH25: =SUM(AH7:AH19)+AH22 -> 4379.0946 | AJ25: =L36 -> شهر | AK25: =(SUM(AK7:AK19)+AK22) -> 49.910498 | AL25: =(SUM(AL7:AL19)+AL22) -> 28.14 | AM25: =(SUM(AM7:AM19)+AM22) -> 31.0612 | AN25: =(SUM(AN7:AN19)+AN22) -> 49.910498
Q26: مجموع کل | R26: =SUM(R7:R22) -> 6398.7595 | S26: =SUM(S7:S22) -> 6574 | T26: =SUM(T7:T22) -> 8292 | U26: =SUM(U7:U22) -> 10748.307 | X26: =L31 -> کمربند | Y26: =SUM(Y20:Y21)/10^6 -> 0.94261866 | Z26: =SUM(Z20:Z21)/10^6 -> 1.577085 | AA26: =SUM(AA20:AA21)/10^6 -> 2.105835 | AB26: =SUM(AB20:AB21)/10^6 -> 2.4758342 | AD26: =X26 -> کمربند | AE26: =SUM(AE20:AE21) -> 351.93349 | AF26: =SUM(AF20:AF21) -> 588.81608 | AG26: =SUM(AG20:AG21) -> 786.22872 | AH26: =SUM(AH20:AH21) -> 924.37061 | AJ26: =L37 -> کمربند | AK26: =SUM(AK20:AK21) -> 4.0111432 | AL26: =SUM(AL20:AL21) -> 6.711 | AM26: =SUM(AM20:AM21) -> 8.961 | AN26: =SUM(AN20:AN21) -> 10.535465
X27: =L32 -> مجموع کل | Y27: =SUM(Y25:Y26) -> 12.671586 | Z27: =SUM(Z25:Z26) -> 8.189985 | AA27: =SUM(AA25:AA26) -> 9.405217 | AB27: =SUM(AB25:AB26) -> 14.204801 | AD27: =X27 -> مجموع کل | AE27: =SUM(AE25:AE26) -> 4731.0281 | AF27: =SUM(AF25:AF26) -> 3057.7901 | AG27: =SUM(AG25:AG26) -> 3511.5057 | AH27: =SUM(AH25:AH26) -> 5303.4652 | AJ27: =L38 -> مجموع کل | AK27: =SUM(AK25:AK26) -> 53.921641 | AL27: =SUM(AL25:AL26) -> 34.851 | AM27: =SUM(AM25:AM26) -> 40.0222 | AN27: =SUM(AN25:AN26) -> 60.445962
H28: ماه اوج | L28: مصرف ماه اوج (میلیون مترمکعب)
L29: سال | M29: =R6 -> 1399 | N29: =S6 -> 1405 | O29: =T6 -> 1410 | P29: =U6 -> 1425 | AH29: =SUM(AH15:AH18) -> 1638.9285
H30: مترمکعب/هکتار | J30: مصرف شهری | K30: =K36*$O$23 -> 3149 | L30: شهر | M30: =R24*$K$30/1000000 -> 11.728967 | N30: =S24*$K$30/1000000 -> 6.6129 | O30: =T24*$K$30/1000000 -> 7.299382 | P30: =U24*$K$30/1000000 -> 11.728967 | AB30: =SUM(AB7:AB22)/10^6 -> 14.204801 | AH30: =SUM(AH7:AH19) -> 4339.5158
H31: مترمکعب/هکتار | J31: کمربند | K31: =K37*$O$23 -> 352.5 | L31: کمربند | M31: =R25*$K$31/1000000 -> 0.94261866 | N31: =S25*$K$31/1000000 -> 1.577085 | O31: =T25*$K$31/1000000 -> 2.105835 | P31: =U25*$K$31/1000000 -> 2.4758342
L32: مجموع کل | M32: =SUM(M30:M31) -> 12.671586 | N32: =SUM(N30:N31) -> 8.189985 | O32: =SUM(O30:O31) -> 9.405217 | P32: =SUM(P30:P31) -> 14.204801
L33: دبی لحظه ای (لیتر بر ثانیه) | M33: =M32*1000000*1000/(31*24*3600) -> 4731.0281 | N33: =N32*1000000*1000/(31*24*3600) -> 3057.7901 | O33: =O32*1000000*1000/(31*24*3600) -> 3511.5057 | P33: =P32*1000000*1000/(31*24*3600) -> 5303.4652
H34: سالانه | L34: مصرف سالانه (میلیون مترمکعب) | T34: =4*1.03^25 -> 8.3751117
L35: سال | M35: =M29 -> 1399 | N35: =N29 -> 1405 | O35: =O29 -> 1410 | P35: =P29 -> 1425 | T35: =7.5*1.3 -> 9.75
H36: مترمکعب/هکتار | J36: مصرف شهری | K36: 13400 | L36: =L30 -> شهر | M36: =R24*$K$36/1000000 -> 49.910498 | N36: =S24*$K$36/1000000 -> 28.14 | O36: =T24*$K$36/1000000 -> 31.0612 | P36: =U24*$K$36/1000000 -> 49.910498
H37: مترمکعب/هکتار | J37: کمربند | K37: 1500 | L37: =L31 -> کمربند | M37: =R25*$K$37/1000000 -> 4.0111432 | N37: =S25*$K$37/1000000 -> 6.711 | O37: =T25*$K$37/1000000 -> 8.961 | P37: =U25*$K$37/1000000 -> 10.535465
L38: =L32 -> مجموع کل | M38: =SUM(M36:M37) -> 53.921641 | N38: =SUM(N36:N37) -> 34.851 | O38: =SUM(O36:O37) -> 40.0222 | P38: =SUM(P36:P37) -> 60.445962

Sheet Demands
Q5: مساحت فضای سبز شهری در افق (هکتار) | X5: مصارف فضای سبز شهری در افق در ماه اوج (مترمکعب) | AE5: مصارف فضای سبز شهری در افق در سال (میلیون مترمکعب)
A6: name | B6: input | C6: In Flow1399 | D6: Area1399 | E6: In Flow1405 | F6: Area 1405 | G6: In Flow1410 | H6: Area1410 | I6: In Flow1425 | J6: Area1425 | Q6: سال/نام منطقه | R6: 1399 | S6: 1405 | T6: 1410 | U6: 1425 | V6: =Shahrdary!#REF! -> #REF! | X6: =Q6 -> سال/نام منطقه | Y6: =R6 -> 1399 | Z6: =S6 -> 1405 | AA6: =T6 -> 1410 | AB6: =U6 -> 1425 | AE6: =Q6 -> سال/نام منطقه | AF6: =R6 -> 1399 | AG6: =S6 -> 1405 | AH6: =T6 -> 1410 | AI6: =U6 -> 1425
A7: Zone01 | B7: 109.2 | C7: =D7*$P$30*1000/(31*24*3600) -> 50.070675 | D7: 42.5879 | E7: =F7*$P$30*1000/(31*24*3600) -> 55.25799 | F7: =S7 -> 47 | G7: =H7*$P$30*1000/(31*24*3600) -> 61.136499 | H7: =T7 -> 52 | I7: =J7*$P$30*1000/(31*24*3600) -> 83.474836 | J7: =U7 -> 71 | Q7: منطقه 1 | R7: =D7 -> 42.5879 | S7: =INT($D7*(1+$M$17/100)^M$21) -> 47 | T7: =INT($D7*(1+$M$17/100)^N$21) -> 52 | U7: =INT($D7*(1+$M$17/100)^O$21) -> 71 | V7: =R7-Shahrdary!C34 -> 0.1649 | W7: =Y7*1000/31/24/3600-Shahrdary!Q34 -> -232.29512 | X7: =Q7 -> منطقه 1 | Y7: =R7*$P$30 -> 134109.3 | Z7: =S7*$P$30 -> 148003 | AA7: =T7*$P$30 -> 163748 | AB7: =U7*$P$30 -> 223579 | AE7: =Q7 -> منطقه 1 | AF7: =R7*$P$36/10^6 -> 0.57067786 | AG7: =S7*$P$36/10^6 -> 0.6298 | AH7: =T7*$P$36/10^6 -> 0.6968 | AI7: =U7*$P$36/10^6 -> 0.9514
A8: Zone02 | B8: 253.8 | C8: =D8*$P$30*1000/(31*24*3600) -> 147.17272 | D8: 125.1786 | E8: =F8*$P$30*1000/(31*24*3600) -> 164.59827 | F8: =S8 -> 140 | G8: =H8*$P$30*1000/(31*24*3600) -> 182.2338 | H8: =T8 -> 155 | I8: =J8*$P$30*1000/(31*24*3600) -> 245.7217 | J8: =U8 -> 209 | Q8: منطقه 2 | R8: =D8 -> 125.1786 | S8: =INT($D8*(1+$M$17/100)^M$21) -> 140 | T8: =INT($D8*(1+$M$17/100)^N$21) -> 155 | U8: =INT($D8*(1+$M$17/100)^O$21) -> 209 | V8: =R8-Shahrdary!C35 -> -3.8258 | W8: =Y8*1000/31/24/3600-Shahrdary!Q35 -> -995.97283 | X8: =Q8 -> منطقه 2 | Y8: =R8*$P$30 -> 394187.41 | Z8: =S8*$P$30 -> 440860 | AA8: =T8*$P$30 -> 488095 | AB8: =U8*$P$30 -> 658141 | AE8: =Q8 -> منطقه 2 | AF8: =R8*$P$36/10^6 -> 1.6773932 | AG8: =S8*$P$36/10^6 -> 1.876 | AH8: =T8*$P$36/10^6 -> 2.077 | AI8: =U8*$P$36/10^6 -> 2.8006
A9: Zone03 | B9: 199.05 | C9: =D9*$P$30*1000/(31*24*3600) -> 122.27229 | D9: 103.9994 | E9: =F9*$P$30*1000/(31*24*3600) -> 137.55712 | F9: =S9 -> 117 | G9: =H9*$P$30*1000/(31*24*3600) -> 151.66555 | H9: =T9 -> 129 | I9: =J9*$P$30*1000/(31*24*3600) -> 204.57213 | J9: =U9 -> 174 | Q9: منطقه 3 | R9: =D9 -> 103.9994 | S9: =INT($D9*(1+$M$17/100)^M$21) -> 117 | T9: =INT($D9*(1+$M$17/100)^N$21) -> 129 | U9: =INT($D9*(1+$M$17/100)^O$21) -> 174 | V9: =R9-Shahrdary!C36 -> 0.3335 | W9: =Y9*1000/31/24/3600-Shahrdary!Q36 -> -1026.3398 | X9: =Q9 -> منطقه 3 | Y9: =R9*$P$30 -> 327494.11 | Z9: =S9*$P$30 -> 368433 | AA9: =T9*$P$30 -> 406221 | AB9: =U9*$P$30 -> 547926 | AE9: =Q9 -> منطقه 3 | AF9: =R9*$P$36/10^6 -> 1.393592 | AG9: =S9*$P$36/10^6 -> 1.5678 | AH9: =T9*$P$36/10^6 -> 1.7286 | AI9: =U9*$P$36/10^6 -> 2.3316
A10: Zone04 | B10: 114.6 | C10: =D10*$P$30*1000/(31*24*3600) -> 61.29228 | D10: 52.1325 | E10: =F10*$P$30*1000/(31*24*3600) -> 68.190711 | F10: =S10 -> 58 | G10: =H10*$P$30*1000/(31*24*3600) -> 75.244922 | H10: =T10 -> 64 | I10: =J10*$P$30*1000/(31*24*3600) -> 102.28607 | J10: =U10 -> 87 | Q10: منطقه 4 | R10: =D10 -> 52.1325 | S10: =INT($D10*(1+$M$17/100)^M$21) -> 58 | T10: =INT($D10*(1+$M$17/100)^N$21) -> 64 | U10: =INT($D10*(1+$M$17/100)^O$21) -> 87 | V10: =R10-Shahrdary!C37 -> 0.4615 | W10: =Y10*1000/31/24/3600-Shahrdary!Q37 -> -696.24812 | X10: =Q10 -> منطقه 4 | Y10: =R10*$P$30 -> 164165.24 | Z10: =S10*$P$30 -> 182642 | AA10: =T10*$P$30 -> 201536 | AB10: =U10*$P$30 -> 273963 | AE10: =Q10 -> منطقه 4 | AF10: =R10*$P$36/10^6 -> 0.6985755 | AG10: =S10*$P$36/10^6 -> 0.7772 | AH10: =T10*$P$36/10^6 -> 0.8576 | AI10: =U10*$P$36/10^6 -> 1.1658
A11: Zone05 | B11: 119.25 | C11: =D11*$P$30*1000/(31*24*3600) -> 52.530126 | D11: 44.6798 | E11: =F11*$P$30*1000/(31*24*3600) -> 58.785096 | F11: =S11 -> 50 | G11: =H11*$P$30*1000/(31*24*3600) -> 64.663605 | H11: =T11 -> 55 | I11: =J11*$P$30*1000/(31*24*3600) -> 87.001941 | J11: =U11 -> 74 | Q11: منطقه 5 | R11: =D11 -> 44.6798 | S11: =INT($D11*(1+$M$17/100)^M$21) -> 50 | T11: =INT($D11*(1+$M$17/100)^N$21) -> 55 | U11: =INT($D11*(1+$M$17/100)^O$21) -> 74 | V11: =R11-Shahrdary!C38 -> -0.5694 | W11: =Y11*1000/31/24/3600-Shahrdary!Q38 -> -1187.8192 | X11: =Q11 -> منطقه 5 | Y11: =R11*$P$30 -> 140696.69 | Z11: =S11*$P$30 -> 157450 | AA11: =T11*$P$30 -> 173195 | AB11: =U11*$P$30 -> 233026 | AE11: =Q11 -> منطقه 5 | AF11: =R11*$P$36/10^6 -> 0.59870932 | AG11: =S11*$P$36/10^6 -> 0.67 | AH11: =T11*$P$36/10^6 -> 0.737 | AI11: =U11*$P$36/10^6 -> 0.9916
A12: Zone06 | B12: 168.6 | C12: =D12*$P$30*1000/(31*24*3600) -> 93.701796 | D12: 79.6986 | E12: =F12*$P$30*1000/(31*24*3600) -> 104.63747 | F12: =S12 -> 89 | G12: =H12*$P$30*1000/(31*24*3600) -> 116.39449 | H12: =T12 -> 99 | I12: =J12*$P$30*1000/(31*24*3600) -> 156.36835 | J12: =U12 -> 133 | Q12: منطقه 6 | R12: =D12 -> 79.6986 | S12: =INT($D12*(1+$M$17/100)^M$21) -> 89 | T12: =INT($D12*(1+$M$17/100)^N$21) -> 99 | U12: =INT($D12*(1+$M$17/100)^O$21) -> 133 | V12: =R12-Shahrdary!C39 -> 1.199 | W12: =Y12*1000/31/24/3600-Shahrdary!Q39 -> -1103.8931 | X12: =Q12 -> منطقه 6 | Y12: =R12*$P$30 -> 250970.89 | Z12: =S12*$P$30 -> 280261 | AA12: =T12*$P$30 -> 311751 | AB12: =U12*$P$30 -> 418817 | AE12: =Q12 -> منطقه 6 | AF12: =R12*$P$36/10^6 -> 1.0679612 | AG12: =S12*$P$36/10^6 -> 1.1926 | AH12: =T12*$P$36/10^6 -> 1.3266 | AI12: =U12*$P$36/10^6 -> 1.7822
A13: Zone07 | B13: 364.35 | C13: =D13*$P$30*1000/(31*24*3600) -> 622.695 | D13: 529.6368 | E13: =F13*$P$30*1000/(31*24*3600) -> 700.71834 | F13: =S13 -> 596 | G13: =H13*$P$30*1000/(31*24*3600) -> 773.61186 | H13: =T13 -> 658 | I13: =J13*$P$30*1000/(31*24*3600) -> 1041.6719 | J13: =U13 -> 886 | Q13: منطقه 7 | R13: =D13 -> 529.6368 | S13: =INT($D13*(1+$M$17/100)^M$21) -> 596 | T13: =INT($D13*(1+$M$17/100)^N$21) -> 658 | U13: =INT($D13*(1+$M$17/100)^O$21) -> 886 | V13: =R13-Shahrdary!C40 -> 77.3118 | W13: =Y13*1000/31/24/3600-Shahrdary!Q40 -> -926.95828 | X13: =Q13 -> منطقه 7 | Y13: =R13*$P$30 -> 1667826.3 | Z13: =S13*$P$30 -> 1876804 | AA13: =T13*$P$30 -> 2072042 | AB13: =U13*$P$30 -> 2790014 | AE13: =Q13 -> منطقه 7 | AF13: =R13*$P$36/10^6 -> 7.0971331 | AG13: =S13*$P$36/10^6 -> 7.9864 | AH13: =T13*$P$36/10^6 -> 8.8172 | AI13: =U13*$P$36/10^6 -> 11.8724
A14: Zone08 | B14: 140.1 | C14: =D14*$P$30*1000/(31*24*3600) -> 130.82364 | D14: 111.2728 | E14: =F14*$P$30*1000/(31*24*3600) -> 146.96274 | F14: =S14 -> 125 | G14: =H14*$P$30*1000/(31*24*3600) -> 162.24686 | H14: =T14 -> 138 | I14: =J14*$P$30*1000/(31*24*3600) -> 218.68056 | J14: =U14 -> 186 | Q14: منطقه 8 | R14: =D14 -> 111.2728 | S14: =INT($D14*(1+$M$17/100)^M$21) -> 125 | T14: =INT($D14*(1+$M$17/100)^N$21) -> 138 | U14: =INT($D14*(1+$M$17/100)^O$21) -> 186 | V14: =R14-Shahrdary!C41 -> -77.6608 | W14: =Y14*1000/31/24/3600-Shahrdary!Q41 -> -816.40397 | X14: =Q14 -> منطقه 8 | Y14: =R14*$P$30 -> 350398.05 | Z14: =S14*$P$30 -> 393625 | AA14: =T14*$P$30 -> 434562 | AB14: =U14*$P$30 -> 585714 | AE14: =Q14 -> منطقه 8 | AF14: =R14*$P$36/10^6 -> 1.4910555 | AG14: =S14*$P$36/10^6 -> 1.675 | AH14: =T14*$P$36/10^6 -> 1.8492 | AI14: =U14*$P$36/10^6 -> 2.4924
A15: Zone09 | B15: 462.9 | C15: =D15*$P$30*1000/(31*24*3600) -> 462.67221 | D15: 393.5285 | E15: =F15*$P$30*1000/(31*24*3600) -> 520.83595 | F15: =S15 -> 443 | G15: =H15*$P$30*1000/(31*24*3600) -> 574.91823 | H15: =T15 -> 489 | I15: =J15*$P$30*1000/(31*24*3600) -> 773.61186 | J15: =U15 -> 658 | N15: 1 | Q15: منطقه 9 | R15: =D15 -> 393.5285 | S15: =INT($D15*(1+$M$17/100)^M$21) -> 443 | T15: =INT($D15*(1+$M$17/100)^N$21) -> 489 | U15: =INT($D15*(1+$M$17/100)^O$21) -> 658 | V15: =R15-Shahrdary!C42 -> -25.0595 | W15: =Y15*1000/31/24/3600-Shahrdary!Q42 -> -1595.7836 | X15: =Q15 -> منطقه 9 | Y15: =R15*$P$30 -> 1239221.2 | Z15: =S15*$P$30 -> 1395007 | AA15: =T15*$P$30 -> 1539861 | AB15: =U15*$P$30 -> 2072042 | AE15: =Q15 -> منطقه 9 | AF15: =R15*$P$36/10^6 -> 5.2732819 | AG15: =S15*$P$36/10^6 -> 5.9362 | AH15: =T15*$P$36/10^6 -> 6.5526 | AI15: =U15*$P$36/10^6 -> 8.8172
A16: Zone10 | B16: 273.15 | C16: =D16*$P$30*1000/(31*24*3600) -> 180.44849 | D16: 153.4815 | E16: =F16*$P$30*1000/(31*24*3600) -> 202.22073 | F16: =S16 -> 172 | G16: =H16*$P$30*1000/(31*24*3600) -> 223.38336 | H16: =T16 -> 190 | I16: =J16*$P$30*1000/(31*24*3600) -> 300.97969 | J16: =U16 -> 256 | M16: rate(%per year) | Q16: منطقه 10 | R16: =D16 -> 153.4815 | S16: =INT($D16*(1+$M$17/100)^M$21) -> 172 | T16: =INT($D16*(1+$M$17/100)^N$21) -> 190 | U16: =INT($D16*(1+$M$17/100)^O$21) -> 256 | V16: =R16-Shahrdary!C43 -> -3.7484 | W16: =Y16*1000/31/24/3600-Shahrdary!Q43 -> -647.69305 | X16: =Q16 -> منطقه 10 | Y16: =R16*$P$30 -> 483313.24 | Z16: =S16*$P$30 -> 541628 | AA16: =T16*$P$30 -> 598310 | AB16: =U16*$P$30 -> 806144 | AE16: =Q16 -> منطقه 10 | AF16: =R16*$P$36/10^6 -> 2.0566521 | AG16: =S16*$P$36/10^6 -> 2.3048 | AH16: =T16*$P$36/10^6 -> 2.546 | AI16: =U16*$P$36/10^6 -> 3.4304
A17: Zone11 | B17: 243.6 | C17: =D17*$P$30*1000/(31*24*3600) -> 125.30796 | D17: 106.5814 | E17: =F17*$P$30*1000/(31*24*3600) -> 141.08423 | F17: =S17 -> 120 | G17: =H17*$P$30*1000/(31*24*3600) -> 155.19265 | H17: =T17 -> 132 | I17: =J17*$P$30*1000/(31*24*3600) -> 209.27494 | J17: =U17 -> 178 | M17: 2 | Q17: منطقه 11 | R17: =D17 -> 106.5814 | S17: =INT($D17*(1+$M$17/100)^M$21) -> 120 | T17: =INT($D17*(1+$M$17/100)^N$21) -> 132 | U17: =INT($D17*(1+$M$17/100)^O$21) -> 178 | V17: =R17-Shahrdary!C44 -> -3.0555 | W17: =Y17*1000/31/24/3600-Shahrdary!Q44 -> -1441.6455 | X17: =Q17 -> منطقه 11 | Y17: =R17*$P$30 -> 335624.83 | Z17: =S17*$P$30 -> 377880 | AA17: =T17*$P$30 -> 415668 | AB17: =U17*$P$30 -> 560522 | AE17: =Q17 -> منطقه 11 | AF17: =R17*$P$36/10^6 -> 1.4281908 | AG17: =S17*$P$36/10^6 -> 1.608 | AH17: =T17*$P$36/10^6 -> 1.7688 | AI17: =U17*$P$36/10^6 -> 2.3852
A18: Zone12 | B18: 134.4 | C18: =D18*$P$30*1000/(31*24*3600) -> 102.82924 | D18: 87.462 | E18: =F18*$P$30*1000/(31*24*3600) -> 115.21879 | F18: =S18 -> 98 | G18: =H18*$P$30*1000/(31*24*3600) -> 126.97581 | H18: =T18 -> 108 | I18: =J18*$P$30*1000/(31*24*3600) -> 171.65248 | J18: =U18 -> 146 | Q18: منطقه 12 | R18: =D18 -> 87.462 | S18: =INT($D18*(1+$M$17/100)^M$21) -> 98 | T18: =INT($D18*(1+$M$17/100)^N$21) -> 108 | U18: =INT($D18*(1+$M$17/100)^O$21) -> 146 | V18: =R18-Shahrdary!C45 -> 1.9407 | W18: =Y18*1000/31/24/3600-Shahrdary!Q45 -> -2051.7658 | X18: =Q18 -> منطقه 12 | Y18: =R18*$P$30 -> 275417.84 | Z18: =S18*$P$30 -> 308602 | AA18: =T18*$P$30 -> 340092 | AB18: =U18*$P$30 -> 459754 | AE18: =Q18 -> منطقه 12 | AF18: =R18*$P$36/10^6 -> 1.1719908 | AG18: =S18*$P$36/10^6 -> 1.3132 | AH18: =T18*$P$36/10^6 -> 1.4472 | AI18: =U18*$P$36/10^6 -> 1.9564
A19: Zone Samen | B19: 19.65 | C19: =D19*$P$30*1000/(31*24*3600) -> 8.4929179 | D19: 7.2237 | E19: =F19*$P$30*1000/(31*24*3600) -> 9.4056153 | F19: =S19 -> 8 | G19: =H19*$P$30*1000/(31*24*3600) -> 9.4056153 | H19: =T19 -> 8 | I19: =J19*$P$30*1000/(31*24*3600) -> 14.108423 | J19: =U19 -> 12 | Q19: منطقه ثامن | R19: =D19 -> 7.2237 | S19: =INT($D19*(1+$M$17/100)^M$21) -> 8 | T19: =INT($D19*(1+$M$17/100)^N$21) -> 8 | U19: =INT($D19*(1+$M$17/100)^O$21) -> 12 | V19: =R19-Shahrdary!C46 -> 0 | W19: =Y19*1000/31/24/3600-Shahrdary!Q46 -> -42.50221 | X19: =Q19 -> منطقه ثامن | Y19: =R19*$P$30 -> 22747.431 | Z19: =S19*$P$30 -> 25192 | AA19: =T19*$P$30 -> 25192 | AB19: =U19*$P$30 -> 37788 | AE19: =Q19 -> منطقه ثامن | AF19: =R19*$P$36/10^6 -> 0.09679758 | AG19: =S19*$P$36/10^6 -> 0.1072 | AH19: =T19*$P$36/10^6 -> 0.1072 | AI19: =U19*$P$36/10^6 -> 0.1608
A20: North Belt | B20: 22.8 | C20: =D20*$P$30*1000/(31*24*3600) -> 212.80205 | D20: 181 | E20: =F20*$P$30*1000/(31*24*3600) -> 565.51262 | F20: =S20 -> 481 | G20: =H20*$P$30*1000/(31*24*3600) -> 859.4381 | H20: =T20 -> 731 | I20: =J20*$P$30*1000/(31*24*3600) -> 1741.2145 | J20: =U20 -> 1481 | L20: 1399 | M20: 1405 | N20: 1410 | O20: 1425 | P20: 50 | Q20: کمربند شمالی | R20: =D20 -> 181 | S20: =INT($D20+P$20*$M21) -> 481 | T20: =INT($D20+P$20*$N21) -> 731 | U20: =INT($D20+P$20*$O21) -> 1481 | X20: =Q20 -> کمربند شمالی | Y20: =R20*$P$31 -> 63802.5 | Z20: =S20*$P$31 -> 169552.5 | AA20: =T20*$P$31 -> 257677.5 | AB20: =U20*$P$31 -> 522052.5 | AE20: =Q20 -> کمربند شمالی | AF20: =R20*$P$36/10^6 -> 2.4254 | AG20: =S20*$P$36/10^6 -> 6.4454 | AH20: =T20*$P$36/10^6 -> 9.7954 | AI20: =U20*$P$36/10^6 -> 19.8454
A21: South Belt | B21: 315.15 | C21: =D21*$P$30*1000/(31*24*3600) -> 2931.1371 | D21: 2493.0955 | E21: =F21*$P$30*1000/(31*24*3600) -> 4694.5777 | F21: =S21 -> 3993 | G21: =H21*$P$30*1000/(31*24*3600) -> 6164.2051 | H21: =T21 -> 5243 | I21: =J21*$P$30*1000/(31*24*3600) -> 10573.087 | J21: =U21 -> 8993 | M21: =M20-$L$20 -> 6 | N21: =N20-$L$20 -> 11 | O21: =O20-$L$20 -> 26 | P21: 250 | Q21: کمربند جنوبی | R21: =D21 -> 2493.0955 | S21: =INT($D21+P$21*$M21) -> 3993 | T21: =INT($D21+P$21*$N21) -> 5243 | U21: =INT($D21+P$21*$O21) -> 8993 | X21: =Q21 -> کمربند جنوبی | Y21: =R21*$P$31 -> 878816.16 | Z21: =S21*$P$31 -> 1407532.5 | AA21: =T21*$P$31 -> 1848157.5 | AB21: =U21*$P$31 -> 3170032.5 | AE21: =Q21 -> کمربند جنوبی | AF21: =R21*$P$36/10^6 -> 33.40748 | AG21: =S21*$P$36/10^6 -> 53.5062 | AH21: =T21*$P$36/10^6 -> 70.2562 | AI21: =U21*$P$36/10^6 -> 120.5062
A22: Parks Organization | B22: 56.85 | C22: =D22*$P$30*1000/(31*24*3600) -> 39.578829 | D22: 33.664 | E22: =F22*$P$30*1000/(31*24*3600) -> 39.578829 | F22: =S22 -> 33.664 | G22: =H22*$P$30*1000/(31*24*3600) -> 39.578829 | H22: =T22 -> 33.664 | I22: =J22*$P$30*1000/(31*24*3600) -> 39.578829 | J22: =U22 -> 33.664 | P22: =SUM(P20:P21) -> 300 | Q22: سازمان پارکها | R22: =D22 -> 33.664 | S22: =$R22 -> 33.664 | T22: =$R22 -> 33.664 | U22: =$R22 -> 33.664 | X22: =Q22 -> سازمان پارکها | Y22: =R22*$P$30 -> 106007.94 | Z22: =S22*$P$30 -> 106007.94 | AA22: =T22*$P$30 -> 106007.94 | AB22: =U22*$P$30 -> 106007.94 | AE22: =Q22 -> سازمان پارکها | AF22: =R22*$P$36/10^6 -> 0.4510976 | AG22: =S22*$P$36/10^6 -> 0.4510976 | AH22: =T22*$P$36/10^6 -> 0.4510976 | AI22: =U22*$P$36/10^6 -> 0.4510976
C23: =SUM(C7:C22) -> 5343.8274 | D23: =SUM(D7:D22) -> 4545.223 | E23: =SUM(E7:E22) -> 7725.1422 | F23: =SUM(F7:F22) -> 6570.664 | G23: =SUM(G7:G22) -> 9740.2953 | H23: =SUM(H7:H22) -> 8284.664 | I23: =SUM(I7:I22) -> 15963.286 | J23: =SUM(J7:J22) -> 13577.664 | N23: نسبت حداکثر | O23: 0.235
Q24: شهر | R24: =SUM(R7:R19)+R22 -> 1871.1275 | S24: =SUM(S7:S19)+S22 -> 2096.664 | T24: =SUM(T7:T19)+T22 -> 2310.664 | U24: =SUM(U7:U19)+U22 -> 3103.664 | X24: مصرف ماه اوج | AE24: مصرف سالانه
Q25: کمربندها | R25: =R20+R21 -> 2674.0955 | S25: =S20+S21 -> 4474 | T25: =T20+T21 -> 5974 | U25: =U20+U21 -> 10474 | X25: =Q30 -> شهر (میلیون مترمکعب) | Y25: =(SUM(Y7:Y19)+Y22)/10^6 -> 5.8921805 | Z25: =(SUM(Z7:Z19)+Z22)/10^6 -> 6.6023949 | AA25: =(SUM(AA7:AA19)+AA22)/10^6 -> 7.2762809 | AB25: =(SUM(AB7:AB19)+AB22)/10^6 -> 9.7734379 | AE25: =Q36 -> شهر (میلیون مترمکعب) | AF25: =(SUM(AF7:AF19)+AF22) -> 25.073109 | AG25: =(SUM(AG7:AG19)+AG22) -> 28.095298 | AH25: =(SUM(AH7:AH19)+AH22) -> 30.962898 | AI25: =(SUM(AI7:AI19)+AI22) -> 41.589098
Q26: مجموع کل | R26: =SUM(R7:R22) -> 4545.223 | S26: =SUM(S7:S22) -> 6570.664 | T26: =SUM(T7:T22) -> 8284.664 | U26: =SUM(U7:U22) -> 13577.664 | X26: =Q31 -> کمربند (میلیون مترمکعب) | Y26: =SUM(Y20:Y21)/10^6 -> 0.94261866 | Z26: =SUM(Z20:Z21)/10^6 -> 1.577085 | AA26: =SUM(AA20:AA21)/10^6 -> 2.105835 | AB26: =SUM(AB20:AB21)/10^6 -> 3.692085 | AE26: =Q37 -> کمربند (میلیون مترمکعب) | AF26: =(SUM(AF8:AF20)+AF23) -> 26.476733 | AG26: =(SUM(AG8:AG20)+AG23) -> 33.4598 | AH26: =(SUM(AH8:AH20)+AH23) -> 39.6104 | AI26: =(SUM(AI8:AI20)+AI23) -> 60.032
X27: =Q32 -> مجموع کل (میلیون مترمکعب) | Y27: =SUM(Y25:Y26) -> 6.8347992 | Z27: =SUM(Z25:Z26) -> 8.1794799 | AA27: =SUM(AA25:AA26) -> 9.3821159 | AB27: =SUM(AB25:AB26) -> 13.465523 | AE27: =Q38 -> مجموع کل (میلیون مترمکعب) | AF27: =SUM(AF25:AF26) -> 51.549842 | AG27: =SUM(AG25:AG26) -> 61.555098 | AH27: =SUM(AH25:AH26) -> 70.573298 | AI27: =SUM(AI25:AI26) -> 101.6211
M28: ماه اوج | Q28: مصرف ماه اوج
Q29: سال | R29: =R6 -> 1399 | S29: =S6 -> 1405 | T29: =T6 -> 1410 | U29: =U6 -> 1425
M30: مترمکعب/هکتار | O30: مصرف شهری | P30: =P36*$O$23 -> 3149 | Q30: شهر (میلیون مترمکعب) | R30: =R24*$P$30/1000000 -> 5.8921805 | S30: =S24*$P$30/1000000 -> 6.6023949 | T30: =T24*$P$30/1000000 -> 7.2762809 | U30: =U24*$P$30/1000000 -> 9.7734379
M31: مترمکعب/هکتار | O31: کمربند | P31: =P37*$O$23 -> 352.5 | Q31: کمربند (میلیون مترمکعب) | R31: =R25*$P$31/1000000 -> 0.94261866 | S31: =S25*$P$31/1000000 -> 1.577085 | T31: =T25*$P$31/1000000 -> 2.105835 | U31: =U25*$P$31/1000000 -> 3.692085
Q32: مجموع کل (میلیون مترمکعب) | R32: =SUM(R30:R31) -> 6.8347992 | S32: =SUM(S30:S31) -> 8.1794799 | T32: =SUM(T30:T31) -> 9.3821159 | U32: =SUM(U30:U31) -> 13.465523
Q33: دبی لحظه ای (لیتر بر ثانیه) | R33: =R32*1000000*1000/(31*24*3600) -> 2551.8217 | S33: =S32*1000000*1000/(31*24*3600) -> 3053.868 | T33: =T32*1000000*1000/(31*24*3600) -> 3502.8808 | U33: =U32*1000000*1000/(31*24*3600) -> 5027.4503
M34: سالانه | Q34: مصرف سالانه
Q35: سال | R35: =R29 -> 1399 | S35: =S29 -> 1405 | T35: =T29 -> 1410 | U35: =U29 -> 1425
M36: مترمکعب/هکتار | O36: مصرف شهری | P36: 13400 | Q36: =Q30 -> شهر (میلیون مترمکعب) | R36: =R24*$P$36/1000000 -> 25.073109 | S36: =S24*$P$36/1000000 -> 28.095298 | T36: =T24*$P$36/1000000 -> 30.962898 | U36: =U24*$P$36/1000000 -> 41.589098
M37: مترمکعب/هکتار | O37: کمربند | P37: 1500 | Q37: =Q31 -> کمربند (میلیون مترمکعب) | R37: =R25*$P$37/1000000 -> 4.0111432 | S37: =S25*$P$37/1000000 -> 6.711 | T37: =T25*$P$37/1000000 -> 8.961 | U37: =U25*$P$37/1000000 -> 15.711
Q38: =Q32 -> مجموع کل (میلیون مترمکعب) | R38: =SUM(R36:R37) -> 29.084252 | S38: =SUM(S36:S37) -> 34.806298 | T38: =SUM(T36:T37) -> 39.923898 | U38: =SUM(U36:U37) -> 57.300098
