Workbook
Name çسçر76: [2]çسçرءهآس!$C$2:$J$39
Name Spots: #REF!
Name بسوآهè: [2]çسçرءهآس!$CY$83:$DD$97
Name مشآسطçسçرهآèآوè: [2]çسçرءهآس!$T$6:$AA$23

Sheet Sheet1
D2: روش دفتر محیط زیست | G2: روش دفتر محیط زیست - تغییر Kd درخت | J2: روش سه ضریبی
B3: منطقه شهرداری | C3: مساحت | D3: نیاز آبیاری سالانه | E3: نیاز آبیاری ماه اوج | F3: هیدرومودول ماه اوج | G3: نیاز آبیاری سالانه | H3: نیاز آبیاری ماه اوج | I3: هیدرومودول ماه اوج | J3: نیاز آبیاری سالانه | K3: نیاز آبیاری ماه اوج | L3: هیدرومودول ماه اوج
C4: هکتار | D4: هزار متر مکعب | E4: هزار متر مکعب | F4: لیتر در ثانیه در هکتار | G4: هزار متر مکعب | H4: هزار متر مکعب | I4: لیتر در ثانیه در هکتار | J4: هزار متر مکعب | K4: هزار متر مکعب | L4: لیتر در ثانیه در هکتار
B5: 1 | C5: 54.5938 | D5: 727.03452 | E5: 169.39732 | F5: =E5*1000*1000/31/24/3600/C5 -> 1.158478 | G5: 731.06467 | H5: 170.31078 | I5: =H5*1000*1000/31/24/3600/C5 -> 1.164725 | J5: 740.45979 | K5: 158.29005 | L5: =K5*1000*1000/31/24/3600/C5 -> 1.0825173
B6: 2 | C6: 142.6064 | D6: 1634.2028 | E6: 376.76496 | F6: =E6*1000*1000/31/24/3600/C6 -> 0.98640678 | G6: 1653.23 | H6: 381.07759 | I6: =H6*1000*1000/31/24/3600/C6 -> 0.99769768 | J6: 1773.5424 | K6: 380.50879 | L6: =K6*1000*1000/31/24/3600/C6 -> 0.99620849
B7: 3 | C7: 110.6581 | D7: 1319.1425 | E7: 303.1536 | F7: =E7*1000*1000/31/24/3600/C7 -> 1.0228315 | G7: 1329.5415 | H7: 305.5106 | I7: =H7*1000*1000/31/24/3600/C7 -> 1.0307839 | J7: 1057.727 | K7: 227.82645 | L7: =K7*1000*1000/31/24/3600/C7 -> 0.76867986
B8: 4 | C8: 67.196 | D8: 772.32117 | E8: 175.99921 | F8: =E8*1000*1000/31/24/3600/C8 -> 0.97789416 | G8: 778.47479 | H8: 177.39397 | I8: =H8*1000*1000/31/24/3600/C8 -> 0.98564379 | J8: 699.62421 | K8: 149.06105 | L8: =K8*1000*1000/31/24/3600/C8 -> 0.82821927
B9: 5 | C9: 73.1793 | D9: 768.24287 | E9: 176.82755 | F9: =E9*1000*1000/31/24/3600/C9 -> 0.90216558 | G9: 776.74719 | H9: 178.75512 | I9: =H9*1000*1000/31/24/3600/C9 -> 0.91199992 | J9: 837.49634 | K9: 180.97724 | L9: =K9*1000*1000/31/24/3600/C9 -> 0.92333707
B10: 6 | C10: 89.3827 | D10: 1124.8322 | E10: 257.27224 | F10: =E10*1000*1000/31/24/3600/C10 -> 1.0746425 | G10: 1134.9298 | H10: 259.56093 | I10: =H10*1000*1000/31/24/3600/C10 -> 1.0842025 | J10: 902.3763 | K10: 191.53171 | L10: =K10*1000*1000/31/24/3600/C10 -> 0.80004013
B11: 7 | C11: 527.73968 | D11: 3598.9087 | E11: 859.21665 | F11: =E11*1000*1000/31/24/3600/C11 -> 0.60786551 | G11: 4122.1606 | H11: 977.81544 | I11: =H11*1000*1000/31/24/3600/C11 -> 0.69176997 | J11: 6419.1372 | K11: 1472.1948 | L11: =K11*1000*1000/31/24/3600/C11 -> 1.041526
B12: 8 | C12: 105.1543 | D12: 934.02395 | E12: 218.35234 | F12: =E12*1000*1000/31/24/3600/C12 -> 0.77527428 | G12: 948.58555 | H12: 221.65283 | I12: =H12*1000*1000/31/24/3600/C12 -> 0.78699289 | J12: 1002.0545 | K12: 222.25403 | L12: =K12*1000*1000/31/24/3600/C12 -> 0.78912747
B13: 9 | C13: 324.2601 | D13: 2735.1444 | E13: 638.50031 | F13: =E13*1000*1000/31/24/3600/C13 -> 0.73517743 | G13: 2842.4561 | H13: 662.8233 | I13: =H13*1000*1000/31/24/3600/C13 -> 0.76318322 | J13: 3264.7563 | K13: 730.25004 | L13: =K13*1000*1000/31/24/3600/C13 -> 0.84081924
B14: 10 | C14: 189.873 | D14: 1949.9005 | E14: 448.82586 | F14: =E14*1000*1000/31/24/3600/C14 -> 0.8825498 | G14: 1974.5434 | H14: 454.41136 | I14: =H14*1000*1000/31/24/3600/C14 -> 0.89353286 | J14: 2238.2011 | K14: 488.61359 | L14: =K14*1000*1000/31/24/3600/C14 -> 0.9607865
B15: 11 | C15: 121.606 | D15: 1601.0551 | E15: 364.20895 | F15: =E15*1000*1000/31/24/3600/C15 -> 1.1182018 | G15: 1609.7845 | H15: 366.18753 | I15: =H15*1000*1000/31/24/3600/C15 -> 1.1242764 | J15: 1350.8103 | K15: 283.44533 | L15: =K15*1000*1000/31/24/3600/C15 -> 0.87023965
B16: 12 | C16: 123.7588 | D16: 1005.1637 | E16: 237.15974 | F16: =E16*1000*1000/31/24/3600/C16 -> 0.71546673 | G16: 1041.5379 | H16: 245.40423 | I16: =H16*1000*1000/31/24/3600/C16 -> 0.7403388 | J16: 1295.0791 | K16: 294.33443 | L16: =K16*1000*1000/31/24/3600/C16 -> 0.88795212
... B18: 16 | C18: 45.5279 | D18: 421.73668 | E18: 97.316458 | F18: =E18*1000*1000/31/24/3600/C18 -> 0.79805576 | G18: 459.76581 | H18: 105.93603 | I18: =H18*1000*1000/31/24/3600/C18 -> 0.86874166 | J18: 329.82545 | K18: 74.605931 | L18: =K18*1000*1000/31/24/3600/C18 -> 0.61181525
B19: جمع کل | C19: =SUM(C5:C18) -> 1984.7054 | D19: =SUM(D5:D18) -> 18718.915 | E19: =SUM(E5:E18) -> 4352.75 | F19: =SUMPRODUCT(F5:F18,C5:C18)/C19 -> 0.81882716 | G19: =SUM(G5:G18) -> 19530.49 | H19: =SUM(H5:H18) -> 4536.6994 | I19: =SUMPRODUCT(I5:I18,C5:C18)/C19 -> 0.8534312 | J19: =SUM(J5:J18) -> 22022.577 | K19: =SUM(K5:K18) -> 4877.8356 | L19: =SUMPRODUCT(L5:L18,C5:C18)/C19 -> 0.9176048

Sheet Sheet2
C1: روش دفتر محیط زیست
C2: لکه‏های موجود | G2: لکه‏های طرح تفصیلی | K2: لکه‏های طرح توسعه
B3: منطقه شهرداری | C3: مساحت | D3: نیاز آبیاری سالانه | E3: نیاز آبیاری ماه اوج | F3: هیدرومدول ماه اوج | G3: مساحت | H3: نیاز آبیاری سالانه | I3: نیاز آبیاری ماه اوج | J3: هیدرومدول ماه اوج | K3: مساحت | L3: نیاز آبیاری سالانه | M3: نیاز آبیاری ماه اوج | N3: هیدرومدول ماه اوج
C4: هکتار | D4: هزار متر مکعب | E4: هزار متر مکعب | F4: لیتر در ثانیه در هکتار | G4: هکتار | H4: هزار متر مکعب | I4: هزار متر مکعب | J4: لیتر در ثانیه در هکتار | K4: هکتار | L4: هزار متر مکعب | M4: هزار متر مکعب | N4: لیتر در ثانیه در هکتار
B5: 1 | C5: 54.5938 | D5: 727.03452 | E5: 169.39732 | F5: =E5*1000*1000/31/24/3600/C5 -> 1.158478 | G5: 10.386438 | H5: =I5/(E5/D5) -> 146.85735 | I5: =J5*G5*31*24*3600/1000/1000 -> 34.217414 | J5: 1.23 | K5: 1.15334 | L5: =M5/(E5/D5) -> 16.307463 | M5: =N5*K5*31*24*3600/1000/1000 -> 3.7996002 | N5: 1.23
B6: 2 | C6: 142.6064 | D6: 1634.2028 | E6: 376.76496 | F6: =E6*1000*1000/31/24/3600/C6 -> 0.98640678 | G6: 112.9767 | H6: =I6/(E6/D6) -> 1575.0016 | I6: =J6*G6*31*24*3600/1000/1000 -> 363.11614 | J6: 1.2 | K6: 23.27273 | L6: =M6/(E6/D6) -> 324.4438 | M6: =N6*K6*31*24*3600/1000/1000 -> 74.800416 | N6: 1.2
B7: 3 | C7: 110.6581 | D7: 1319.1425 | E7: 303.1536 | F7: =E7*1000*1000/31/24/3600/C7 -> 1.0228315 | G7: 147.78486 | H7: =I7/(E7/D7) -> 1739.6254 | I7: =J7*G7*31*24*3600/1000/1000 -> 399.78525 | J7: 1.01 | K7: 0 | L7: =M7/(E7/D7) -> 0 | M7: =N7*K7*31*24*3600/1000/1000 -> 0 | N7: 1.01
B8: 4 | C8: 67.196 | D8: 772.32117 | E8: 175.99921 | F8: =E8*1000*1000/31/24/3600/C8 -> 0.97789416 | G8: 67.0136 | H8: =I8/(E8/D8) -> 795.51247 | I8: =J8*G8*31*24*3600/1000/1000 -> 181.28412 | J8: 1.01 | K8: 12.292321 | L8: =M8/(E8/D8) -> 145.92105 | M8: =N8*K8*31*24*3600/1000/1000 -> 33.25299 | N8: 1.01
B9: 5 | C9: 73.1793 | D9: 768.24287 | E9: 176.82755 | F9: =E9*1000*1000/31/24/3600/C9 -> 0.90216558 | G9: 46.409068 | H9: =I9/(E9/D9) -> 594.0453 | I9: =J9*G9*31*24*3600/1000/1000 -> 136.73225 | J9: 1.1 | K9: 65.252419 | L9: =M9/(E9/D9) -> 835.24395 | M9: =N9*K9*31*24*3600/1000/1000 -> 192.24929 | N9: 1.1
B10: 6 | C10: 89.3827 | D10: 1124.8322 | E10: 257.27224 | F10: =E10*1000*1000/31/24/3600/C10 -> 1.0746425 | G10: 150.22809 | H10: =I10/(E10/D10) -> 1970.3321 | I10: =J10*G10*31*24*3600/1000/1000 -> 450.65542 | J10: 1.12 | K10: 5.157132 | L10: =M10/(E10/D10) -> 67.638901 | M10: =N10*K10*31*24*3600/1000/1000 -> 15.470406 | N10: 1.12
B11: 7 | C11: 527.73968 | D11: 3598.9087 | E11: 859.21665 | F11: =E11*1000*1000/31/24/3600/C11 -> 0.60786551 | G11: 285.43951 | H11: =I11/(E11/D11) -> 2081.4741 | I11: =J11*G11*31*24*3600/1000/1000 -> 496.93876 | J11: 0.65 | K11: 0 | L11: =M11/(E11/D11) -> 0 | M11: =N11*K11*31*24*3600/1000/1000 -> 0 | N11: 0.65
B12: 8 | C12: 105.1543 | D12: 934.02395 | E12: 218.35234 | F12: =E12*1000*1000/31/24/3600/C12 -> 0.77527428 | G12: 162.43615 | H12: =I12/(E12/D12) -> 1544.6724 | I12: =J12*G12*31*24*3600/1000/1000 -> 361.10725 | J12: 0.83 | K12: 0 | L12: =M12/(E12/D12) -> 0 | M12: =N12*K12*31*24*3600/1000/1000 -> 0 | N12: 0.83
B13: 9 | C13: 324.2601 | D13: 2735.1444 | E13: 638.50031 | F13: =E13*1000*1000/31/24/3600/C13 -> 0.73517743 | G13: 357.86857 | H13: =I13/(E13/D13) -> 3366.9137 | I13: =J13*G13*31*24*3600/1000/1000 -> 785.98244 | J13: 0.82 | K13: 0 | L13: =M13/(E13/D13) -> 0 | M13: =N13*K13*31*24*3600/1000/1000 -> 0 | N13: 0.82
B14: 10 | C14: 189.873 | D14: 1949.9005 | E14: 448.82586 | F14: =E14*1000*1000/31/24/3600/C14 -> 0.8825498 | G14: 39.023784 | H14: =I14/(E14/D14) -> 513.1187 | I14: =J14*G14*31*24*3600/1000/1000 -> 118.10907 | J14: 1.13 | K14: 0 | L14: =M14/(E14/D14) -> 0 | M14: =N14*K14*31*24*3600/1000/1000 -> 0 | N14: 1.13
B15: 11 | C15: 121.606 | D15: 1601.0551 | E15: 364.20895 | F15: =E15*1000*1000/31/24/3600/C15 -> 1.1182018 | G15: 152.2125 | H15: =I15/(E15/D15) -> 1971.3971 | I15: =J15*G15*31*24*3600/1000/1000 -> 448.45456 | J15: 1.1 | K15: 0 | L15: =M15/(E15/D15) -> 0 | M15: =N15*K15*31*24*3600/1000/1000 -> 0 | N15: 1.1
B16: 12 | C16: 123.7588 | D16: 1005.1637 | E16: 237.15974 | F16: =E16*1000*1000/31/24/3600/C16 -> 0.71546673 | G16: 344.33338 | H16: =I16/(E16/D16) -> 4260.66 | I16: =J16*G16*31*24*3600/1000/1000 -> 1005.2661 | J16: 1.09 | K16: 56.337607 | L16: =M16/(E16/D16) -> 697.10172 | M16: =N16*K16*31*24*3600/1000/1000 -> 164.47516 | N16: 1.09
B17: 13 | C17: 9.1693 | D17: 127.20563 | E17: 29.754772 | F17: =E17*1000*1000/31/24/3600/C17 -> 1.2115602 | G17: 0 | H17: =I17/(E17/D17) -> 0 | I17: =J17*G17*31*24*3600/1000/1000 -> 0 | J17: 1.16 | K17: 1.231675 | L17: =M17/(E17/D17) -> 16.359848 | M17: =N17*K17*31*24*3600/1000/1000 -> 3.8267453 | N17: 1.16
B18: 7 | C18: 37.4517 | D18: 297.98852 | E18: 69.815795 | F18: =E18*1000*1000/31/24/3600/C18 -> 0.69599595
B19: 10 | C19: 1.3428 | D19: 18.725314 | E19: 4.1792022 | F19: =E19*1000*1000/31/24/3600/C19 -> 1.1620013
B20: 11 | C20: 1.3334 | D20: 20.565599 | E20: 4.6758371 | F20: =E20*1000*1000/31/24/3600/C20 -> 1.3092527
B21: 12 | C21: 5.4 | D21: 84.457242 | E21: 18.645624 | F21: =E21*1000*1000/31/24/3600/C21 -> 1.2891627
B22: جمع کل | C22: =SUM(C5:C21) -> 1984.7054 | D22: =SUM(D5:D21) -> 18718.915 | E22: =SUM(E5:E21) -> 4352.75 | F22: =SUMPRODUCT(F5:F21,C5:C21)/C22 -> 0.81882716 | G22: =SUM(G5:G21) -> 1876.1126 | H22: =SUM(H5:H21) -> 20559.61 | I22: =SUM(I5:I21) -> 4781.6488 | J22: =SUMPRODUCT(J5:J21,C5:C21)/C22 -> 0.90117923 | K22: =SUM(K5:K21) -> 164.69722 | L22: =SUM(L5:L21) -> 2103.0167 | M22: =SUM(M5:M21) -> 487.87461 | N22: =SUMPRODUCT(N5:N21,C5:C21)/C22 -> 0.90117923

Sheet Shahrdary
E2: برآورد آب موردنیاز آبیاری و خدمات شهری در مناطق شهری
C3: منطقه | D3: سطح کاربری فضای سبز؛ هکتار | I3: توسعهء تکمیلی فضای سبز | J3: سهم فضاهای سبز متفرقه | K3: فضای سبز مبنای طراحی؛ هکتار | L3: نیاز آبیاری ماه اوج؛ لیتردرثانیه | S3: نیاز آبیاری؛ هزارمترمکعب | V3: ظرفیت واحد ماه اوج
D4: وضعِ موجود | E4: مساحت محاسبه نیاز آبیاری | F4: درحال توسعه‌ | G4: طرح تفصیلی | H4: پهنه‌های ‌توسعه‌نیافته | L4: وضع موجود | M4: درحال توسعه‌ | N4: طرح تفصیلی | O4: پهنه‌های ‌توسعه‌نیافته | P4: توسعه متفرقه و تکمیلی | Q4: خدمات غیرآبیاری | R4: مبنای طراحی | S4: ماه اوج | T4: سالانه | U4: سهم ماه اوج نسبت به سال | V4: لیتردرثانیه درهکتار | W4: مترمکعب در هکتار
E5: بر اساس ارقام خروجی از نرم‌افزار
C6: 1 | D6: 42.5879 | E6: 54.5938 | F6: 1.15334 | G6: 10.386438 | H6: 0 | I6: 0.1 | J6: 0.05 | K6: =SUM(E6:H6)*(1+I6)*(1+J6) -> 76.384283 | L6: =Sheet2!E5*1000/31/24/3600*1000 -> 63.245714 | M6: =F6*Sheet2!N5 -> 1.4186082 | N6: =G6*Sheet2!J5 -> 12.775319 | O6: =H6*Sheet2!N5 -> 0 | P6: =SUM(L6:O6)*(J6+I6) -> 11.615946 | Q6: 0.05 | R6: =SUM(L6:O6)*(1+J6)*(1+Q6)*(1+I6) -> 93.914925 | S6: =R6*3600*24*31/1000/1000 -> 251.54173 | T6: =S6/U6 -> 1079.5892 | U6: =(Sheet2!E5/Sheet2!D5) -> 0.23299763 | V6: =R6/K6 -> 1.2295059 | W6: =T6*1000/K6 -> 14133.657
C7: 2 | D7: 124.5886 | E7: 142.6064 | F7: 23.27273 | G7: 112.9767 | H7: 0 | I7: =I6 -> 0.1 | J7: =J6 -> 0.05 | K7: =SUM(E7:H7)*(1+I7)*(1+J7) -> 322.07848 | L7: =Sheet2!E6*1000/31/24/3600*1000 -> 140.66792 | M7: =F7*Sheet2!N6 -> 27.927276 | N7: =G7*Sheet2!J6 -> 135.57204 | O7: =H7*Sheet2!N6 -> 0 | P7: =SUM(L7:O7)*(J7+I7) -> 45.625085 | Q7: =Q6 -> 0.05 | R7: =SUM(L7:O7)*(1+J7)*(1+Q7)*(1+I7) -> 368.87881 | S7: =R7*3600*24*31/1000/1000 -> 988.005 | T7: =S7/U7 -> 4285.432 | U7: =(Sheet2!E6/Sheet2!D6) -> 0.23054969 | V7: =R7/K7 -> 1.1453072 | W7: =T7*1000/K7 -> 13305.552
C8: 3 | D8: 103.5865 | E8: 110.6581 | F8: 0 | G8: 147.78486 | H8: 10 | I8: =I7 -> 0.1 | J8: =J7 -> 0.05 | K8: =SUM(E8:H8)*(1+I8)*(1+J8) -> 310.05162 | L8: =Sheet2!E7*1000/31/24/3600*1000 -> 113.18459 | M8: =F8*Sheet2!N7 -> 0 | N8: =G8*Sheet2!J7 -> 149.26271 | O8: =H8*Sheet2!N7 -> 10.1 | P8: =SUM(L8:O8)*(J8+I8) -> 40.882095 | Q8: =Q7 -> 0.05 | R8: =SUM(L8:O8)*(1+J8)*(1+Q8)*(1+I8) -> 330.53174 | S8: =R8*3600*24*31/1000/1000 -> 885.2962 | T8: =S8/U8 -> 3852.2777 | U8: =(Sheet2!E7/Sheet2!D7) -> 0.22981111 | V8: =R8/K8 -> 1.0660539 | W8: =T8*1000/K8 -> 12424.633
C9: 4 | D9: 51.905 | E9: 67.196 | F9: 12.292321 | G9: 67.0136 | H9: 0 | I9: =I8 -> 0.1 | J9: =J8 -> 0.05 | K9: =SUM(E9:H9)*(1+I9)*(1+J9) -> 169.20972 | L9: =Sheet2!E8*1000/31/24/3600*1000 -> 65.710576 | M9: =F9*Sheet2!N8 -> 12.415244 | N9: =G9*Sheet2!J8 -> 67.683736 | O9: =H9*Sheet2!N8 -> 0 | P9: =SUM(L9:O9)*(J9+I9) -> 21.871433 | Q9: =Q8 -> 0.05 | R9: =SUM(L9:O9)*(1+J9)*(1+Q9)*(1+I9) -> 176.83054 | S9: =R9*3600*24*31/1000/1000 -> 473.62292 | T9: =S9/U9 -> 2078.356 | U9: =(Sheet2!E8/Sheet2!D8) -> 0.22788344 | V9: =R9/K9 -> 1.0450377 | W9: =T9*1000/K9 -> 12282.722
C10: 5 | D10: 44.6798 | E10: 73.1793 | F10: 65.252419 | G10: 46.409068 | H10: 23.8 | I10: =I9 -> 0.1 | J10: =J9 -> 0.05 | K10: =SUM(E10:H10)*(1+I10)*(1+J10) -> 240.98011 | L10: =Sheet2!E9*1000/31/24/3600*1000 -> 66.019846 | M10: =F10*Sheet2!N9 -> 71.777661 | N10: =G10*Sheet2!J9 -> 51.049975 | O10: =H10*Sheet2!N9 -> 26.18 | P10: =SUM(L10:O10)*(J10+I10) -> 32.254122 | Q10: =Q9 -> 0.05 | R10: =SUM(L10:O10)*(1+J10)*(1+Q10)*(1+I10) -> 260.77458 | S10: =R10*3600*24*31/1000/1000 -> 698.45863 | T10: =S10/U10 -> 3034.515 | U10: =(Sheet2!E9/Sheet2!D9) -> 0.23017142 | V10: =R10/K10 -> 1.0821415 | W10: =T10*1000/K10 -> 12592.388
C11: 6 | D11: 78.9624 | E11: 89.3827 | F11: 5.157132 | G11: 150.22809 | H11: 0 | I11: =I10 -> 0.1 | J11: =J10 -> 0.05 | K11: =SUM(E11:H11)*(1+I11)*(1+J11) -> 282.70695 | L11: =Sheet2!E10*1000/31/24/3600*1000 -> 96.05445 | M11: =F11*Sheet2!N10 -> 5.7759878 | N11: =G11*Sheet2!J10 -> 168.25546 | O11: =H11*Sheet2!N10 -> 0 | P11: =SUM(L11:O11)*(J11+I11) -> 40.512885 | Q11: =Q10 -> 0.05 | R11: =SUM(L11:O11)*(1+J11)*(1+Q11)*(1+I11) -> 327.54667 | S11: =R11*3600*24*31/1000/1000 -> 877.30101 | T11: =S11/U11 -> 3835.6897 | U11: =(Sheet2!E10/Sheet2!D10) -> 0.22872054 | V11: =R11/K11 -> 1.1586085 | W11: =T11*1000/K11 -> 13567.723
C12: 7 | D12: 452.6981 | E12: 527.73968 | F12: 0 | G12: 285.43951 | H12: 0 | I12: =I11 -> 0.1 | J12: =J11 -> 0.05 | K12: =SUM(E12:H12)*(1+I12)*(1+J12) -> 939.22196 | L12: =Sheet2!E11*1000/31/24/3600*1000 -> 320.79475 | M12: =F12*Sheet2!N11 -> 0 | N12: =G12*Sheet2!J11 -> 185.53568 | O12: =H12*Sheet2!N11 -> 0 | P12: =SUM(L12:O12)*(J12+I12) -> 75.949564 | Q12: =Q11 -> 0.05 | R12: =SUM(L12:O12)*(1+J12)*(1+Q12)*(1+I12) -> 614.05223 | S12: =R12*3600*24*31/1000/1000 -> 1644.6775 | T12: =S12/U12 -> 6888.8843 | U12: =(Sheet2!E11/Sheet2!D11) -> 0.23874366 | V12: =R12/K12 -> 0.65378819 | W12: =T12*1000/K12 -> 7334.6713
C13: 8 | D13: 111.2728 | E13: 105.1543 | F13: 0 | G13: 162.43615 | H13: 0 | I13: =I12 -> 0.1 | J13: =J12 -> 0.05 | K13: =SUM(E13:H13)*(1+I13)*(1+J13) -> 309.06697 | L13: =Sheet2!E12*1000/31/24/3600*1000 -> 81.523424 | M13: =F13*Sheet2!N12 -> 0 | N13: =G13*Sheet2!J12 -> 134.822 | O13: =H13*Sheet2!N12 -> 0 | P13: =SUM(L13:O13)*(J13+I13) -> 32.451814 | Q13: =Q12 -> 0.05 | R13: =SUM(L13:O13)*(1+J13)*(1+Q13)*(1+I13) -> 262.37292 | S13: =R13*3600*24*31/1000/1000 -> 702.73962 | T13: =S13/U13 -> 3006.0389 | U13: =(Sheet2!E12/Sheet2!D12) -> 0.23377595 | V13: =R13/K13 -> 0.84891931 | W13: =T13*1000/K13 -> 9726.1735
C14: 9 | D14: 386.3511 | E14: 324.2601 | F14: 0 | G14: 357.86857 | H14: 0 | I14: =I13 -> 0.1 | J14: =J13 -> 0.05 | K14: =SUM(E14:H14)*(1+I14)*(1+J14) -> 787.85861 | L14: =Sheet2!E13*1000/31/24/3600*1000 -> 238.38871 | M14: =F14*Sheet2!N13 -> 0 | N14: =G14*Sheet2!J13 -> 293.45223 | O14: =H14*Sheet2!N13 -> 0 | P14: =SUM(L14:O14)*(J14+I14) -> 79.77614 | Q14: =Q13 -> 0.05 | R14: =SUM(L14:O14)*(1+J14)*(1+Q14)*(1+I14) -> 644.99009 | S14: =R14*3600*24*31/1000/1000 -> 1727.5415 | T14: =S14/U14 -> 7400.2709 | U14: =(Sheet2!E13/Sheet2!D13) -> 0.233443 | V14: =R14/K14 -> 0.81866223 | W14: =T14*1000/K14 -> 9392.8921
C15: 10 | D15: 152.724 | E15: 189.873 | F15: 0 | G15: 39.023784 | H15: 0 | I15: =I14 -> 0.1 | J15: =J14 -> 0.05 | K15: =SUM(E15:H15)*(1+I15)*(1+J15) -> 264.37579 | L15: =Sheet2!E14*1000/31/24/3600*1000 -> 167.57238 | M15: =F15*Sheet2!N14 -> 0 | N15: =G15*Sheet2!J14 -> 44.096876 | O15: =H15*Sheet2!N14 -> 0 | P15: =SUM(L15:O15)*(J15+I15) -> 31.750388 | Q15: =Q14 -> 0.05 | R15: =SUM(L15:O15)*(1+J15)*(1+Q15)*(1+I15) -> 256.70189 | S15: =R15*3600*24*31/1000/1000 -> 687.55034 | T15: =S15/U15 -> 2987.0265 | U15: =(Sheet2!E14/Sheet2!D14) -> 0.23017885 | V15: =R15/K15 -> 0.97097353 | W15: =T15*1000/K15 -> 11298.412
C16: 11 | D16: 106.3791 | E16: 121.606 | F16: 0 | G16: 152.2125 | H16: 0 | I16: =I15 -> 0.1 | J16: =J15 -> 0.05 | K16: =SUM(E16:H16)*(1+I16)*(1+J16) -> 316.26037 | L16: =Sheet2!E15*1000/31/24/3600*1000 -> 135.98005 | M16: =F16*Sheet2!N15 -> 0 | N16: =G16*Sheet2!J15 -> 167.43375 | O16: =H16*Sheet2!N15 -> 0 | P16: =SUM(L16:O16)*(J16+I16) -> 45.512069 | Q16: =Q15 -> 0.05 | R16: =SUM(L16:O16)*(1+J16)*(1+Q16)*(1+I16) -> 367.96508 | S16: =R16*3600*24*31/1000/1000 -> 985.55767 | T16: =S16/U16 -> 4332.4914 | U16: =(Sheet2!E15/Sheet2!D15) -> 0.22748058 | V16: =R16/K16 -> 1.1634878 | W16: =T16*1000/K16 -> 13699.129
C17: 12 | D17: 85.0393 | E17: 123.7588 | F17: 56.337607 | G17: 344.33338 | H17: 40 | I17: =I16 -> 0.1 | J17: =J16 -> 0.05 | K17: =SUM(E17:H17)*(1+I17)*(1+J17) -> 651.9164 | L17: =Sheet2!E16*1000/31/24/3600*1000 -> 88.545304 | M17: =F17*Sheet2!N16 -> 61.407992 | N17: =G17*Sheet2!J16 -> 375.32338 | O17: =H17*Sheet2!N16 -> 43.6 | P17: =SUM(L17:O17)*(J17+I17) -> 85.331502 | Q17: =Q16 -> 0.05 | R17: =SUM(L17:O17)*(1+J17)*(1+Q17)*(1+I17) -> 689.90519 | S17: =R17*3600*24*31/1000/1000 -> 1847.8421 | T17: =S17/U17 -> 7831.7834 | U17: =(Sheet2!E16/Sheet2!D16) -> 0.23594141 | V17: =R17/K17 -> 1.0582725 | W17: =T17*1000/K17 -> 12013.478
C18: 13 | D18: 7.2237 | E18: 9.1693 | F18: 1.231675 | G18: 0 | H18: 0 | I18: =I17 -> 0.1 | J18: =J17 -> 0.05 | K18: =SUM(E18:H18)*(1+I18)*(1+J18) -> 12.013126 | L18: =Sheet2!E17*1000/31/24/3600*1000 -> 11.109159 | M18: =F18*Sheet2!N17 -> 1.428743 | N18: =G18*Sheet2!J17 -> 0 | O18: =H18*Sheet2!N17 -> 0 | P18: =SUM(L18:O18)*(J18+I18) -> 1.8806853 | Q18: =Q17 -> 0.05 | R18: =SUM(L18:O18)*(1+J18)*(1+Q18)*(1+I18) -> 15.205341 | S18: =R18*3600*24*31/1000/1000 -> 40.725985 | T18: =S18/U18 -> 174.10904 | U18: =(Sheet2!E17/Sheet2!D17) -> 0.23391081 | V18: =R18/K18 -> 1.2657272 | W18: =T18*1000/K18 -> 14493.233
B19: سازمان پارک‏ها | C19: 7 | D19: 33.664 | E19: 37.4517 | F19: 0 | G19: 0 | H19: 0 | I19: 0 | J19: 0 | K19: =SUM(E19:H19)*(1+I19)*(1+J19) -> 37.4517 | L19: =Sheet2!E18*1000/31/24/3600*1000 -> 26.066232 | M19: =F19*Sheet2!N18 -> 0 | N19: =G19*Sheet2!J18 -> 0 | O19: =H19*Sheet2!N18 -> 0 | P19: =SUM(L19:O19)*(J19+I19) -> 0 | Q19: 0.05 | R19: =SUM(L19:O19)*(1+J19)*(1+Q19)*(1+I19) -> 27.369543 | S19: =R19*3600*24*31/1000/1000 -> 73.306585 | T19: =S19/U19 -> 312.88795 | U19: =(Sheet2!E18/Sheet2!D18) -> 0.23429021 | V19: =R19/K19 -> 0.73079575 | W19: =T19*1000/K19 -> 8354.4392
C20: 10 | E20: 1.3428 | F20: 0 | G20: 0 | H20: 0 | I20: 0 | J20: 0 | K20: =SUM(E20:H20)*(1+I20)*(1+J20) -> 1.3428 | L20: =Sheet2!E19*1000/31/24/3600*1000 -> 1.5603354 | M20: =F20*Sheet2!N19 -> 0 | N20: =G20*Sheet2!J19 -> 0 | O20: =H20*Sheet2!N19 -> 0 | P20: =SUM(L20:O20)*(J20+I20) -> 0 | Q20: =Q19 -> 0.05 | R20: =SUM(L20:O20)*(1+J20)*(1+Q20)*(1+I20) -> 1.6383521 | S20: =R20*3600*24*31/1000/1000 -> 4.3881624 | T20: =S20/U20 -> 19.66158 | U20: =(Sheet2!E19/Sheet2!D19) -> 0.22318463 | V20: =R20/K20 -> 1.2201014 | W20: =T20*1000/K20 -> 14642.225
C21: 11 | E21: 1.3334 | F21: 0 | G21: 0 | H21: 0 | I21: 0 | J21: 0 | K21: =SUM(E21:H21)*(1+I21)*(1+J21) -> 1.3334 | L21: =Sheet2!E20*1000/31/24/3600*1000 -> 1.7457576 | M21: =F21*Sheet2!N20 -> 0 | N21: =G21*Sheet2!J20 -> 0 | O21: =H21*Sheet2!N20 -> 0 | P21: =SUM(L21:O21)*(J21+I21) -> 0 | Q21: =Q20 -> 0.05 | R21: =SUM(L21:O21)*(1+J21)*(1+Q21)*(1+I21) -> 1.8330455 | S21: =R21*3600*24*31/1000/1000 -> 4.9096289 | T21: =S21/U21 -> 21.593879 | U21: =(Sheet2!E20/Sheet2!D20) -> 0.22736206 | V21: =R21/K21 -> 1.3747154 | W21: =T21*1000/K21 -> 16194.6
C22: 12 | E22: 5.4 | F22: 0 | G22: 0 | H22: 0 | I22: 0 | J22: 0 | K22: =SUM(E22:H22)*(1+I22)*(1+J22) -> 5.4 | L22: =Sheet2!E21*1000/31/24/3600*1000 -> 6.9614783 | M22: =F22*Sheet2!N21 -> 0 | N22: =G22*Sheet2!J21 -> 0 | O22: =H22*Sheet2!N21 -> 0 | P22: =SUM(L22:O22)*(J22+I22) -> 0 | Q22: =Q21 -> 0.05 | R22: =SUM(L22:O22)*(1+J22)*(1+Q22)*(1+I22) -> 7.3095522 | S22: =R22*3600*24*31/1000/1000 -> 19.577905 | T22: =S22/U22 -> 88.680104 | U22: =(Sheet2!E21/Sheet2!D21) -> 0.22076998 | V22: =R22/K22 -> 1.3536208 | W22: =T22*1000/K22 -> 16422.241
C23: - | E23: =SUM(E6:E22) -> 1984.7054 | F23: =SUM(F6:F22) -> 164.69722 | G23: =SUM(G6:G22) -> 1876.1126 | H23: =SUM(H6:H22) -> 73.8 | I23: =SUM($E23:$H23)*(I24) -> 400.52795 | J23: =SUM($E23:$I23)*(J24) -> 219.83098 | K23: =SUM(K6:K22) -> 4727.6523 | L23: =SUM(L6:L22) -> 1625.1307 | M23: =SUM(M6:M22) -> 182.15151 | N23: =SUM(N6:N22) -> 1785.2632 | O23: =SUM(O6:O22) -> 79.88 | P23: =SUM(P6:P22) -> 545.41373 | Q23: =SUM($L23:$P23)*(Q24) -> 210.89195 | R23: =SUM(R6:R22) -> 4447.8205 | S23: =SUM(S6:S22) -> 11913.042 | T23: =SUM(T6:T22) -> 51229.288 | U23: =SUMPRODUCT(U6:U22,K6:K22)/K23 -> 0.23317911 | V23: =SUMPRODUCT(V6:V22,K6:K22)/K23 -> 0.94080957 | W23: =ROUND(SUMPRODUCT(W6:W22,K6:K22)/K23,-1) -> 10840
E24: حجم نیاز سالانه | G24: میلیون مترمکعب | I24: =SUMPRODUCT(I6:I22,$E6:$E22)/$E23 -> 0.097706063 | J24: =SUMPRODUCT(J6:J22,$E6:$E22)/$E23 -> 0.048853031 | L24: =L23/1000*3600*24*31/U23/1000/1000 -> 18.666981 | Q24: =SUMPRODUCT(Q6:Q22,$E6:$E22)/$E23 -> 0.05 | R24: =R23/L23 -> 2.7369002 | T24: =T23/1000 -> 51.229288 | W24: =W23*K23/1000/1000 -> 51.247751
B28: کمربند | C28: 14 | E28: 3620.816 | F28: 0 | G28: 7000 | H28: 0 | I28: =I27 -> 0 | J28: =J27 -> 0 | K28: =SUM(E28:H28)*(1+I28)*(1+J28) -> 10620.816 | L28: 359.43084 | M28: 0 | N28: 970.70664 | O28: 0 | P28: =SUM(L28:O28)*(J28+I28) -> 0 | Q28: =Q8 -> 0.05 | R28: =SUM(L28:O28)*(1+J28)*(1+Q28)*(1+I28) -> 1396.6443 | S28: =R28*3600*24*31/1000/1000 -> 3740.7722 | T28: =S28/U28 -> 16264.227 | U28: 0.23 | V28: =R28/K28 -> 0.13150066 | W28: =T28*1000/K28 -> 1531.3538
C29: 15 | E29: 181 | F29: 0 | G29: 0 | H29: 0 | I29: =I28 -> 0 | J29: =J28 -> 0 | K29: =SUM(E29:H29)*(1+I29)*(1+J29) -> 181 | L29: 17.967492 | M29: 0 | N29: 0 | O29: 0 | P29: =SUM(L29:O29)*(J29+I29) -> 0 | Q29: =Q28 -> 0.05 | R29: =SUM(L29:O29)*(1+J29)*(1+Q29)*(1+I29) -> 18.865866 | S29: =R29*3600*24*31/1000/1000 -> 50.530336 | T29: =S29/U29 -> 219.69711 | U29: 0.23 | V29: =R29/K29 -> 0.10423131 | W29: =T29*1000/K29 -> 1213.7962
C30: - | E30: =SUM(E28:E29) -> 3801.816 | F30: =SUM(F28:F29) -> 0 | G30: =SUM(G28:G29) -> 7000 | H30: =SUM(H28:H29) -> 0 | I30: =SUM($E30:$H30)*(I31) -> 0 | J30: =SUM($E30:$I30)*(J31) -> 0 | K30: =SUM(K28:K29) -> 10801.816 | L30: =SUM(L28:L29) -> 377.39833 | M30: =SUM(M28:M29) -> 0 | N30: =SUM(N28:N29) -> 970.70664 | O30: =SUM(O28:O29) -> 0 | P30: =SUM(P28:P29) -> 0 | Q30: =SUM($L30:$P30)*(Q31) -> 67.405248 | R30: =SUM(R28:R29) -> 1415.5102 | S30: =SUM(S28:S29) -> 3791.3026 | T30: =SUM(T28:T29) -> 16483.924 | U30: =SUMPRODUCT(U28:U29,K28:K29)/K30 -> 0.23 | V30: =SUMPRODUCT(V28:V29,K28:K29)/K30 -> 0.13104373 | W30: =ROUND(SUMPRODUCT(W28:W29,K28:K29)/K30,-1) -> 1530
E31: حجم نیاز سالانه | G31: میلیون مترمکعب | I31: =SUMPRODUCT(I28:I29,$E28:$E29)/$E30 -> 0 | J31: =SUMPRODUCT(J28:J29,$E28:$E29)/$E30 -> 0 | L31: =L30/1000*3600*24*31/U30/1000/1000 -> 4.3948856 | Q31: =SUMPRODUCT(Q28:Q29,$E28:$E29)/$E30 -> 0.05 | R31: =R30/L30 -> 3.7507061 | T31: =T30/1000 -> 16.483924 | W31: =W30*K30/1000/1000 -> 16.526778
