Workbook
Name çسçر76: [2]çسçرءهآس!$C$2:$J$39
Name Spots: #REF!
Name بسوآهè: [2]çسçرءهآس!$CY$83:$DD$97
Name مشآسطçسçرهآèآوè: [2]çسçرءهآس!$T$6:$AA$23

Sheet هیدرومدول انتخاب
B2: منطقه شهرداری | D2: هیدرومدول ماه اوج (لیتر در ثانیه در هکتار)
C3: هیدرومدول ماه اوج منتخب | D3: میادین | E3: لچکی ها | F3: آیلند های بزرگراه | G3: آیلند ها | H3: حاشیه های بزرگراه | I3: حاشیه معابر | J3: پارک های زیر 6 هکتار | K3: پارک های بین 6 تا 10 هکتار | L3: پارک های بالای 10 هکتار | M3: جنگل کاری داخل محدوده | N3: کمربند سبز حفاظتی
B4: 1 | C4: 1.4142509 | D4: 1.4501556 | E4: 1.2704307 | G4: 1.3629838 | I4: 1.2858424 | J4: 1.2477268 | L4: 1.2188866
B5: 2 | C5: 1.1088606 | D5: 1.1066625 | E5: 1.1389042 | F5: 0.63290948 | G5: 1.2981387 | H5: 0.74986807 | I5: 1.000317 | J5: 1.2466342 | K5: 1.1060218 | L5: 1.1990335 | M5: 0.47781048
B6: 3 | C6: 1.1009406 | D6: 1.3421632 | E6: 0.98310377 | F6: 1.2925869 | G6: 1.1904779 | H6: 1.3427527 | I6: 0.95997682 | J6: 1.1438727 | L6: 0.90059823 | M6: 0.49458534
B7: 4 | C7: 1.0770234 | D7: 1.3433941 | E7: 1.3227718 | F7: 0.83589472 | G7: 1.1845289 | H7: 0.73349569 | I7: 1.0057294 | J7: 1.1685331 | L7: 1.0248869
B8: 5 | C8: 1.1986199 | D8: 1.3830694 | E8: 1.2050946 | F8: 0.81372986 | G8: 1.2083584 | H8: 1.0797218 | I8: 0.99429944 | J8: 1.1300608 | L8: 1.0665009
B9: 6 | C9: 1.1440185 | D9: 1.5121971 | E9: 1.2481083 | F9: 0.86870353 | G9: 1.256325 | H9: 0.61046588 | I9: 0.97562414 | J9: 1.1532793 | K9: 1.2698488 | L9: 1.0443742
B10: 7 | C10: 1.0718775 | D10: 1.2710309 | E10: 1.0049457 | F10: 0.94140397 | G10: 1.1269591 | H10: 0.78188119 | I10: 0.7815007 | J10: 1.0111594 | K10: 0.77614645 | L10: 0.54356501 | M10: 0.53346269 | N10: 0.30937637
B11: 8 | C11: 0.86410994 | D11: 1.5046307 | E11: 1.3535838 | F11: 1.4259378 | G11: 1.1960276 | H11: 0.49404331 | I11: 1.1822529 | J11: 0.949684 | L11: 0.83168469 | M11: 0.37567131 | N11: 0.31988804
B12: 9 | C12: 0.84398954 | D12: 1.4592336 | E12: 1.0689393 | F12: 0.91680091 | G12: 1.0947512 | H12: 1.133005 | I12: 0.95090462 | J12: 1.049621 | K12: 1.156139 | L12: 0.82299907 | M12: 0.44736962
B13: 10 | C13: 1.0965971 | D13: 1.2920478 | E13: 0.86193796 | F13: 1.2543715 | G13: 1.324805 | H13: 0.56646825 | I13: 0.86227839 | J13: 1.1339357 | M13: 0.38011607
B14: 11 | C14: 1.0569657 | D14: 1.4549475 | E14: 1.2461196 | F14: 1.404338 | G14: 1.4913701 | H14: 1.3995748 | I14: 1.0603246 | J14: 1.1965135 | L14: 0.97059117 | M14: 0.4651694
B15: 12 | C15: 0.96422075 | D15: 1.4458784 | E15: 1.238157 | F15: 0.82787719 | G15: 0.8812809 | H15: 0.66381081 | I15: 0.58669724 | J15: 1.072727 | M15: 0.49241432
B16: 13 | C16: 1.3221621 | D16: 1.3087158 | E16: 1.503468 | G16: 1.4909139 | I16: 1.2814257 | J16: 1.195352

Sheet روش ها
B3: منطقه شهرداری | C3: مساحت | D3: نیاز آبیاری سالانه | E3: نیاز آبیاری ماه اوج | F3: هیدرومودول ماه اوج
C4: هکتار | D4: هزار متر مکعب | E4: هزار متر مکعب | F4: لیتر در ثانیه در هکتار
B5: 1 | C5: 44.961444 | D5: 668.51304 | E5: 155.15778 | F5: =E5*1000*1000/31/24/3600/C5 -> 1.2884212
B6: 2 | C6: 128.31016 | D6: 1561.099 | E6: 358.46818 | F6: =E6*1000*1000/31/24/3600/C6 -> 1.0430716
B7: 3 | C7: 103.60649 | D7: 1283.3307 | E7: 294.32158 | F7: =E7*1000*1000/31/24/3600/C7 -> 1.0606197
B8: 4 | C8: 61.494784 | D8: 751.13588 | E8: 170.64571 | F8: =E8*1000*1000/31/24/3600/C8 -> 1.0360522
B9: 5 | C9: 55.6803 | D9: 695.17327 | E9: 158.92391 | F9: =E9*1000*1000/31/24/3600/C9 -> 1.0656442
B10: 6 | C10: 84.709249 | D10: 1104.5155 | E10: 252.1739 | F10: =E10*1000*1000/31/24/3600/C10 -> 1.1114601
B11: 7 | C11: 340.59345 | D11: 2800.4969 | E11: 660.23167 | F11: =E11*1000*1000/31/24/3600/C11 -> 0.72374341
B12: 8 | C12: 95.769858 | D12: 897.89735 | E12: 209.39882 | F12: =E12*1000*1000/31/24/3600/C12 -> 0.81633789
B13: 9 | C13: 293.21438 | D13: 2644.4501 | E13: 614.9188 | F13: =E13*1000*1000/31/24/3600/C13 -> 0.78299155
B14: 10 | C14: 154.71294 | D14: 1776.8269 | E14: 406.50305 | F14: =E14*1000*1000/31/24/3600/C14 -> 0.98098354
B15: 11 | C15: 129.35023 | D15: 1671.5319 | E15: 380.5149 | F15: =E15*1000*1000/31/24/3600/C15 -> 1.0983203
B16: 12 | C16: 95.023304 | D16: 875.84041 | E16: 205.17719 | F16: =E16*1000*1000/31/24/3600/C16 -> 0.80616421
... B18: 16 | C18: 45.5279 | D18: 452.37987 | E18: 104.17058 | F18: =E18*1000*1000/31/24/3600/C18 -> 0.85426387
B19: جمع کل | C19: =SUM(C5:C18) -> 1641.3864 | D19: =SUM(D5:D18) -> 17305.247 | E19: =SUM(E5:E18) -> 3999.0988 | F19: =SUMPRODUCT(F5:F18,C5:C18)/C19 -> 0.90965323

Sheet هیدرومدول
C1: روش دفتر محیط زیست
C2: لکه‏های موجود | G2: لکه‏های طرح تفصیلی | K2: لکه‏های طرح توسعه | O2: درصد فضای سبز | P2: 0.7
B3: منطقه شهرداری | C3: مساحت | D3: نیاز آبیاری سالانه | E3: نیاز آبیاری ماه اوج | F3: هیدرومدول ماه اوج | G3: مساحت | H3: نیاز آبیاری سالانه | I3: نیاز آبیاری ماه اوج | J3: هیدرومدول ماه اوج | K3: مساحت | L3: نیاز آبیاری سالانه | M3: نیاز آبیاری ماه اوج | N3: هیدرومدول ماه اوج | O3: هیدرومدول ماه اوج (لیتر در ثانیه در هکتار)
C4: هکتار | D4: هزار متر مکعب | E4: هزار متر مکعب | F4: لیتر در ثانیه در هکتار | G4: هکتار | H4: هزار متر مکعب | I4: هزار متر مکعب | J4: لیتر در ثانیه در هکتار | K4: هکتار | L4: هزار متر مکعب | M4: هزار متر مکعب | N4: لیتر در ثانیه در هکتار | O4: میادین | P4: لچکی ها | Q4: آیلند های بزرگراه | R4: آیلند ها | S4: حاشیه های بزرگراه | T4: حاشیه معابر | U4: پارک های زیر 6 هکتار | V4: پارک های بین 6 تا 10 هکتار | W4: پارک های بالای 10 هکتار | X4: جنگل کاری داخل محدوده | Y4: کمربند سبز حفاظتی
B5: 1 | C5: 44.961444 | D5: 668.51304 | E5: 155.15778 | F5: =E5*1000*1000/31/24/3600/C5 -> 1.2884212 | G5: 10.38644 | H5: =I5/(E5/D5) -> 103.14867 | I5: =J5*G5*$P$2*31*24*3600/1000/1000 -> 23.940174 | J5: 1.2293827 | K5: 1.15334 | L5: =M5/(E5/D5) -> 11.453923 | M5: =N5*K5*$P$2*31*24*3600/1000/1000 -> 2.6583854 | N5: =J5 -> 1.2293827 | O5: 1.4501556 | P5: 1.2704307 | R5: 1.3629838 | T5: 1.2858424 | U5: 1.2477268 | W5: 1.2188866
B6: 2 | C6: 128.31016 | D6: 1561.099 | E6: 358.46818 | F6: =E6*1000*1000/31/24/3600/C6 -> 1.0430716 | G6: 112.97669 | H6: =I6/(E6/D6) -> 1120.0938 | I6: =J6*G6*$P$2*31*24*3600/1000/1000 -> 257.20214 | J6: 1.2142616 | K6: 23.272738 | L6: =M6/(E6/D6) -> 230.73477 | M6: =N6*K6*$P$2*31*24*3600/1000/1000 -> 52.982593 | N6: =J6 -> 1.2142616 | O6: 1.1066625 | P6: 1.1389042 | Q6: 0.63290948 | R6: 1.2981387 | S6: 0.74986807 | T6: 1.000317 | U6: 1.2466342 | V6: 1.1060218 | W6: 1.1990335 | X6: 0.47781048
B7: 3 | C7: 103.60649 | D7: 1283.3307 | E7: 294.32158 | F7: =E7*1000*1000/31/24/3600/C7 -> 1.0606197 | G7: 147.78486 | H7: =I7/(E7/D7) -> 1222.7807 | I7: =J7*G7*$P$2*31*24*3600/1000/1000 -> 280.43493 | J7: 1.0121123 | K7: 0 | L7: =M7/(E7/D7) -> 0 | M7: =N7*K7*$P$2*31*24*3600/1000/1000 -> 0 | N7: =J7 -> 1.0121123 | O7: 1.3421632 | P7: 0.98310377 | Q7: 1.2925869 | R7: 1.1904779 | S7: 1.3427527 | T7: 0.95997682 | U7: 1.1438727 | W7: 0.90059823 | X7: 0.49458534
B8: 4 | C8: 61.494784 | D8: 751.13588 | E8: 170.64571 | F8: =E8*1000*1000/31/24/3600/C8 -> 1.0360522 | G8: 67.01362 | H8: =I8/(E8/D8) -> 572.45859 | I8: =J8*G8*$P$2*31*24*3600/1000/1000 -> 130.05317 | J8: 1.0351049 | K8: 12.292322 | L8: =M8/(E8/D8) -> 105.0062 | M8: =N8*K8*$P$2*31*24*3600/1000/1000 -> 23.855679 | N8: =J8 -> 1.0351049 | O8: 1.3433941 | P8: 1.3227718 | Q8: 0.83589472 | R8: 1.1845289 | S8: 0.73349569 | T8: 1.0057294 | U8: 1.1685331 | W8: 1.0248869
B9: 5 | C9: 55.6803 | D9: 695.17327 | E9: 158.92391 | F9: =E9*1000*1000/31/24/3600/C9 -> 1.0656442 | G9: 46.409062 | H9: =I9/(E9/D9) -> 421.91409 | I9: =J9*G9*$P$2*31*24*3600/1000/1000 -> 96.45399 | J9: 1.108521 | K9: 65.252427 | L9: =M9/(E9/D9) -> 593.2229 | M9: =N9*K9*$P$2*31*24*3600/1000/1000 -> 135.61698 | N9: =J9 -> 1.108521 | O9: 1.3830694 | P9: 1.2050946 | Q9: 0.81372986 | R9: 1.2083584 | S9: 1.0797218 | T9: 0.99429944 | U9: 1.1300608 | W9: 1.0665009
B10: 6 | C10: 84.709249 | D10: 1104.5155 | E10: 252.1739 | F10: =E10*1000*1000/31/24/3600/C10 -> 1.1114601 | G10: 150.22809 | H10: =I10/(E10/D10) -> 1392.4831 | I10: =J10*G10*$P$2*31*24*3600/1000/1000 -> 317.92031 | J10: 1.1287393 | K10: 5.157133 | L10: =M10/(E10/D10) -> 47.802114 | M10: =N10*K10*$P$2*31*24*3600/1000/1000 -> 10.913786 | N10: =J10 -> 1.1287393 | O10: 1.5121971 | P10: 1.2481083 | Q10: 0.86870353 | R10: 1.256325 | S10: 0.61046588 | T10: 0.97562414 | U10: 1.1532793 | V10: 1.2698488 | W10: 1.0443742
B11: 7 | C11: 340.59345 | D11: 2800.4969 | E11: 660.23167 | F11: =E11*1000*1000/31/24/3600/C11 -> 0.72374341 | G11: 285.43953 | H11: =I11/(E11/D11) -> 1711.0608 | I11: =J11*G11*$P$2*31*24*3600/1000/1000 -> 403.39145 | J11: 0.75377045 | K11: 0 | L11: =M11/(E11/D11) -> 0 | M11: =N11*K11*$P$2*31*24*3600/1000/1000 -> 0 | N11: =J11 -> 0.75377045 | O11: 1.2710309 | P11: 1.0049457 | Q11: 0.94140397 | R11: 1.1269591 | S11: 0.78188119 | T11: 0.7815007 | U11: 1.0111594 | V11: 0.77614645 | W11: 0.54356501 | X11: 0.53346269 | Y11: 0.30937637
B12: 8 | C12: 95.769858 | D12: 897.89735 | E12: 209.39882 | F12: =E12*1000*1000/31/24/3600/C12 -> 0.81633789 | G12: 162.43614 | H12: =I12/(E12/D12) -> 1104.9516 | I12: =J12*G12*$P$2*31*24*3600/1000/1000 -> 257.68597 | J12: 0.8461252 | K12: 0 | L12: =M12/(E12/D12) -> 0 | M12: =N12*K12*$P$2*31*24*3600/1000/1000 -> 0 | N12: =J12 -> 0.8461252 | O12: 1.5046307 | P12: 1.3535838 | Q12: 1.4259378 | R12: 1.1960276 | S12: 0.49404331 | T12: 1.1822529 | U12: 0.949684 | W12: 0.83168469 | X12: 0.37567131 | Y12: 0.31988804
B13: 9 | C13: 293.21438 | D13: 2644.4501 | E13: 614.9188 | F13: =E13*1000*1000/31/24/3600/C13 -> 0.78299155 | G13: 357.8686 | H13: =I13/(E13/D13) -> 1637.4971 | I13: =J13*G13*$P$2*31*24*3600/1000/1000 -> 380.77019 | J13: 0.5675 | K13: 0 | L13: =M13/(E13/D13) -> 0 | M13: =N13*K13*$P$2*31*24*3600/1000/1000 -> 0 | N13: =J13 -> 0.5675 | O13: 1.4592336 | P13: 1.0689393 | Q13: 0.91680091 | R13: 1.0947512 | S13: 1.133005 | T13: 0.95090462 | U13: 1.049621 | V13: 1.156139 | W13: 0.82299907 | X13: 0.44736962
B14: 10 | C14: 154.71294 | D14: 1776.8269 | E14: 406.50305 | F14: =E14*1000*1000/31/24/3600/C14 -> 0.98098354 | G14: 39.023788 | H14: =I14/(E14/D14) -> 364.07833 | I14: =J14*G14*$P$2*31*24*3600/1000/1000 -> 83.293962 | J14: 1.1384412 | K14: 0 | L14: =M14/(E14/D14) -> 0 | M14: =N14*K14*$P$2*31*24*3600/1000/1000 -> 0 | N14: =J14 -> 1.1384412 | O14: 1.2920478 | P14: 0.86193796 | Q14: 1.2543715 | R14: 1.324805 | S14: 0.56646825 | T14: 0.86227839 | U14: 1.1339357 | X14: 0.38011607
B15: 11 | C15: 129.35023 | D15: 1671.5319 | E15: 380.5149 | F15: =E15*1000*1000/31/24/3600/C15 -> 1.0983203 | G15: 152.21255 | H15: =I15/(E15/D15) -> 1319.6013 | I15: =J15*G15*$P$2*31*24*3600/1000/1000 -> 300.39987 | J15: 1.0526302 | K15: 0 | L15: =M15/(E15/D15) -> 0 | M15: =N15*K15*$P$2*31*24*3600/1000/1000 -> 0 | N15: =J15 -> 1.0526302 | O15: 1.4549475 | P15: 1.2461196 | Q15: 1.404338 | R15: 1.4913701 | S15: 1.3995748 | T15: 1.0603246 | U15: 1.1965135 | W15: 0.97059117 | X15: 0.4651694
B16: 12 | C16: 95.023304 | D16: 875.84041 | E16: 205.17719 | F16: =E16*1000*1000/31/24/3600/C16 -> 0.80616421 | G16: 344.33336 | H16: =I16/(E16/D16) -> 3027.6254 | I16: =J16*G16*$P$2*31*24*3600/1000/1000 -> 709.26125 | J16: 1.0986356 | K16: 243.74626 | L16: =M16/(E16/D16) -> 2143.1916 | M16: =N16*K16*$P$2*31*24*3600/1000/1000 -> 502.07095 | N16: =J16 -> 1.0986356 | O16: 1.4458784 | P16: 1.238157 | Q16: 0.82787719 | R16: 0.8812809 | S16: 0.66381081 | T16: 0.58669724 | U16: 1.072727 | X16: 0.49241432
B17: 13 | C17: 8.4318875 | D17: 122.05593 | E17: 28.492682 | F17: =E17*1000*1000/31/24/3600/C17 -> 1.2616332 | G17: 60 | H17: =I17/(E17/D17) -> 560.942 | I17: =J17*G17*$P$2*31*24*3600/1000/1000 -> 130.94605 | J17: 1.1640394 | K17: 1.231675 | L17: =M17/(E17/D17) -> 11.514971 | M17: =N17*K17*$P$2*31*24*3600/1000/1000 -> 2.6880496 | N17: =J17 -> 1.1640394 | O17: 1.3087158 | P17: 1.503468 | R17: 1.4909139 | T17: 1.2814257 | U17: 1.195352
B18: 7 | C18: 37.4517 | D18: 328.63172 | E18: 76.66992 | F18: =E18*1000*1000/31/24/3600/C18 -> 0.76432495 | U18: 1.2534722 | V18: 0.6904281 | W18: 0.79303074
B19: 10 | C19: 1.3428 | D19: 18.725314 | E19: 4.1792022 | F19: =E19*1000*1000/31/24/3600/C19 -> 1.1620013
B20: 11 | C20: 1.3334 | D20: 20.565599 | E20: 4.6758371 | F20: =E20*1000*1000/31/24/3600/C20 -> 1.3092527
B21: 12 | C21: 5.4 | D21: 84.457242 | E21: 18.645624 | F21: =E21*1000*1000/31/24/3600/C21 -> 1.2891627
B22: جمع کل | C22: =SUM(C5:C21) -> 1641.3864 | D22: =SUM(D5:D21) -> 17305.247 | E22: =SUM(E5:E21) -> 3999.0988 | F22: =SUMPRODUCT(F5:F21,C5:C21)/C22 -> 0.90965323 | G22: =SUM(G5:G21) -> 1936.1127 | H22: =SUM(H5:H21) -> 14558.635 | I22: =SUM(I5:I21) -> 3371.7534 | J22: =SUMPRODUCT(J5:J21,C5:C21)/C22 -> 0.8941171 | K22: =SUM(K5:K21) -> 352.1059 | L22: =SUM(L5:L21) -> 3142.9265 | M22: =SUM(M5:M21) -> 730.78642 | N22: =SUMPRODUCT(N5:N21,C5:C21)/C22 -> 0.8941171
B26: 7 | C26: 193.3615 | D26: 1305.0039 | E26: 313.1633 | F26: =E26*1000*1000/31/24/3600/C26 -> 0.60467974 | G26: 0 | H26: =I26/(E26/D26) -> 0 | I26: =J26*G26*$P$2*31*24*3600/1000/1000 -> 0 | J26: 0.75377045 | K26: 0 | L26: =M26/(E26/D26) -> 0 | M26: =N26*K26*$P$2*31*24*3600/1000/1000 -> 0 | N26: =J26 -> 0.75377045 | O26: 1.2710309 | P26: 1.0049457 | Q26: 0.94140397 | R26: 1.1269591 | S26: 0.78188119 | T26: 0.7815007 | U26: 1.0111594 | V26: 0.77614645 | W26: 0.54356501 | X26: 0.53346269 | Y26: 0.30937637

Sheet نتایج
E2: برآورد آب موردنیاز آبیاری و خدمات شهری در مناطق شهری | L2: درصد فضای سبز | N2: 0.7
C3: منطقه | D3: سطح کاربری فضای سبز؛ هکتار | I3: توسعهء تکمیلی فضای سبز | J3: سهم فضاهای سبز متفرقه | K3: فضای سبز مبنای طراحی؛ هکتار | L3: نیاز آبیاری ماه اوج؛ لیتردرثانیه | S3: نیاز آبیاری؛ هزارمترمکعب | V3: ظرفیت واحد ماه اوج
D4: وضعِ موجود | E4: مساحت محاسبه نیاز آبیاری | F4: درحال توسعه‌ | G4: طرح تفصیلی | H4: پهنه‌های ‌توسعه‌نیافته | L4: وضع موجود | M4: درحال توسعه‌ | N4: طرح تفصیلی | O4: پهنه‌های ‌توسعه‌نیافته | P4: توسعه متفرقه و تکمیلی | Q4: خدمات غیرآبیاری | R4: مبنای طراحی | S4: ماه اوج | T4: سالانه | U4: سهم ماه اوج نسبت به سال | V4: لیتردرثانیه درهکتار | W4: مترمکعب در هکتار
C6: 1 | D6: 42.5879 | E6: =هیدرومدول!C5 -> 44.961444 | F6: =هیدرومدول!K5*$N$2 -> 0.807338 | G6: =هیدرومدول!G5*$N$2 -> 7.270508 | H6: 0 | I6: 0.1 | J6: 0.05 | K6: =SUM(E6:H6)*(1+I6)*(1+J6) -> 61.26038 | L6: =هیدرومدول!E5*1000/31/24/3600*1000 -> 57.929277 | M6: =F6*هیدرومدول!N5 -> 0.9925274 | N6: =G6*هیدرومدول!J5 -> 8.938237 | O6: =H6*هیدرومدول!N5 -> 0 | P6: =SUM(L6:O6)*(J6+I6) -> 10.179006 | Q6: 0.05 | R6: =SUM(L6:O6)*(1+J6)*(1+Q6)*(1+I6) -> 82.297266 | S6: =R6*3600*24*31/1000/1000 -> 220.425 | T6: =S6/U6 -> 949.72348 | U6: =(هیدرومدول!E5/هیدرومدول!D5) -> 0.23209387 | V6: =R6/K6 -> 1.3434012 | W6: =T6*1000/K6 -> 15503.062
C7: 2 | D7: 124.5886 | E7: =هیدرومدول!C6 -> 128.31016 | F7: =هیدرومدول!K6*$N$2 -> 16.290917 | G7: =هیدرومدول!G6*$N$2 -> 79.083683 | H7: 0 | I7: =I6 -> 0.1 | J7: =J6 -> 0.05 | K7: =SUM(E7:H7)*(1+I7)*(1+J7) -> 258.3559 | L7: =هیدرومدول!E6*1000/31/24/3600*1000 -> 133.83669 | M7: =F7*هیدرومدول!N6 -> 19.781434 | N7: =G7*هیدرومدول!J6 -> 96.028277 | O7: =H7*هیدرومدول!N6 -> 0 | P7: =SUM(L7:O7)*(J7+I7) -> 37.44696 | Q7: =Q6 -> 0.05 | R7: =SUM(L7:O7)*(1+J7)*(1+Q7)*(1+I7) -> 302.75867 | S7: =R7*3600*24*31/1000/1000 -> 810.90882 | T7: =S7/U7 -> 3531.4402 | U7: =(هیدرومدول!E6/هیدرومدول!D6) -> 0.22962553 | V7: =R7/K7 -> 1.1718667 | W7: =T7*1000/K7 -> 13668.897
C8: 3 | D8: 103.5865 | E8: =هیدرومدول!C7 -> 103.60649 | F8: =هیدرومدول!K7*$N$2 -> 0 | G8: =هیدرومدول!G7*$N$2 -> 103.4494 | H8: 7.1359824 | I8: =I7 -> 0.1 | J8: =J7 -> 0.05 | K8: =SUM(E8:H8)*(1+I8)*(1+J8) -> 247.39162 | L8: =هیدرومدول!E7*1000/31/24/3600*1000 -> 109.88709 | M8: =F8*هیدرومدول!N7 -> 0 | N8: =G8*هیدرومدول!J7 -> 104.70241 | O8: =H8*هیدرومدول!N7 -> 7.2224154 | P8: =SUM(L8:O8)*(J8+I8) -> 33.271787 | Q8: =Q7 -> 0.05 | R8: =SUM(L8:O8)*(1+J8)*(1+Q8)*(1+I8) -> 269.0024 | S8: =R8*3600*24*31/1000/1000 -> 720.49602 | T8: =S8/U8 -> 3141.5795 | U8: =(هیدرومدول!E7/هیدرومدول!D7) -> 0.22934197 | V8: =R8/K8 -> 1.0873545 | W8: =T8*1000/K8 -> 12698.811
C9: 4 | D9: 51.905 | E9: =هیدرومدول!C8 -> 61.494784 | F9: =هیدرومدول!K8*$N$2 -> 8.6046254 | G9: =هیدرومدول!G8*$N$2 -> 46.909534 | H9: 0 | I9: =I8 -> 0.1 | J9: =J8 -> 0.05 | K9: =SUM(E9:H9)*(1+I9)*(1+J9) -> 135.14533 | L9: =هیدرومدول!E8*1000/31/24/3600*1000 -> 63.711808 | M9: =F9*هیدرومدول!N8 -> 8.9066903 | N9: =G9*هیدرومدول!J8 -> 48.55629 | O9: =H9*هیدرومدول!N8 -> 0 | P9: =SUM(L9:O9)*(J9+I9) -> 18.176218 | Q9: =Q8 -> 0.05 | R9: =SUM(L9:O9)*(1+J9)*(1+Q9)*(1+I9) -> 146.95473 | S9: =R9*3600*24*31/1000/1000 -> 393.60354 | T9: =S9/U9 -> 1732.5355 | U9: =(هیدرومدول!E8/هیدرومدول!D8) -> 0.22718354 | V9: =R9/K9 -> 1.0873829 | W9: =T9*1000/K9 -> 12819.795
C10: 5 | D10: 44.6798 | E10: =هیدرومدول!C9 -> 55.6803 | F10: =هیدرومدول!K9*$N$2 -> 45.676699 | G10: =هیدرومدول!G9*$N$2 -> 32.486343 | H10: 9.038227 | I10: =I9 -> 0.1 | J10: =J9 -> 0.05 | K10: =SUM(E10:H10)*(1+I10)*(1+J10) -> 165.02821 | L10: =هیدرومدول!E9*1000/31/24/3600*1000 -> 59.335389 | M10: =F10*هیدرومدول!N9 -> 50.63358 | N10: =G10*هیدرومدول!J9 -> 36.011794 | O10: =H10*هیدرومدول!N9 -> 10.019065 | P10: =SUM(L10:O10)*(J10+I10) -> 23.399974 | Q10: =Q9 -> 0.05 | R10: =SUM(L10:O10)*(1+J10)*(1+Q10)*(1+I10) -> 189.18879 | S10: =R10*3600*24*31/1000/1000 -> 506.72326 | T10: =S10/U10 -> 2216.5354 | U10: =(هیدرومدول!E9/هیدرومدول!D9) -> 0.2286105 | V10: =R10/K10 -> 1.1464027 | W10: =T10*1000/K10 -> 13431.251
C11: 6 | D11: 78.9624 | E11: =هیدرومدول!C10 -> 84.709249 | F11: =هیدرومدول!K10*$N$2 -> 3.6099931 | G11: =هیدرومدول!G10*$N$2 -> 105.15967 | H11: 0 | I11: =I10 -> 0.1 | J11: =J10 -> 0.05 | K11: =SUM(E11:H11)*(1+I11)*(1+J11) -> 223.46814 | L11: =هیدرومدول!E10*1000/31/24/3600*1000 -> 94.15095 | M11: =F11*هیدرومدول!N10 -> 4.074741 | N11: =G11*هیدرومدول!J10 -> 118.69784 | O11: =H11*هیدرومدول!N10 -> 0 | P11: =SUM(L11:O11)*(J11+I11) -> 32.53853 | Q11: =Q10 -> 0.05 | R11: =SUM(L11:O11)*(1+J11)*(1+Q11)*(1+I11) -> 263.07402 | S11: =R11*3600*24*31/1000/1000 -> 704.61745 | T11: =S11/U11 -> 3086.207 | U11: =(هیدرومدول!E10/هیدرومدول!D10) -> 0.22831179 | V11: =R11/K11 -> 1.1772328 | W11: =T11*1000/K11 -> 13810.501
C12: 7 | D12: 452.6981 | E12: =هیدرومدول!C11 -> 340.59345 | F12: =هیدرومدول!K11*$N$2 -> 0 | G12: =هیدرومدول!G11*$N$2 -> 199.80767 | H12: 0 | I12: =I11 -> 0.1 | J12: =J11 -> 0.05 | K12: =SUM(E12:H12)*(1+I12)*(1+J12) -> 624.16329 | L12: =هیدرومدول!E11*1000/31/24/3600*1000 -> 246.50227 | M12: =F12*هیدرومدول!N11 -> 0 | N12: =G12*هیدرومدول!J11 -> 150.60911 | O12: =H12*هیدرومدول!N11 -> 0 | P12: =SUM(L12:O12)*(J12+I12) -> 59.566707 | Q12: =Q11 -> 0.05 | R12: =SUM(L12:O12)*(1+J12)*(1+Q12)*(1+I12) -> 481.59683 | S12: =R12*3600*24*31/1000/1000 -> 1289.9089 | T12: =S12/U12 -> 5471.3915 | U12: =(هیدرومدول!E11/هیدرومدول!D11) -> 0.23575519 | V12: =R12/K12 -> 0.77158787 | W12: =T12*1000/K12 -> 8765.9617
C13: 8 | D13: 111.2728 | E13: =هیدرومدول!C12 -> 95.769858 | F13: =هیدرومدول!K12*$N$2 -> 0 | G13: =هیدرومدول!G12*$N$2 -> 113.7053 | H13: 0 | I13: =I12 -> 0.1 | J13: =J12 -> 0.05 | K13: =SUM(E13:H13)*(1+I13)*(1+J13) -> 241.94381 | L13: =هیدرومدول!E12*1000/31/24/3600*1000 -> 78.180564 | M13: =F13*هیدرومدول!N12 -> 0 | N13: =G13*هیدرومدول!J12 -> 96.208921 | O13: =H13*هیدرومدول!N12 -> 0 | P13: =SUM(L13:O13)*(J13+I13) -> 26.158423 | Q13: =Q12 -> 0.05 | R13: =SUM(L13:O13)*(1+J13)*(1+Q13)*(1+I13) -> 211.49085 | S13: =R13*3600*24*31/1000/1000 -> 566.45709 | T13: =S13/U13 -> 2428.955 | U13: =(هیدرومدول!E12/هیدرومدول!D12) -> 0.2332102 | V13: =R13/K13 -> 0.87413209 | W13: =T13*1000/K13 -> 10039.335
C14: 9 | D14: 386.3511 | E14: =هیدرومدول!C13 -> 293.21438 | F14: =هیدرومدول!K13*$N$2 -> 0 | G14: =هیدرومدول!G13*$N$2 -> 250.50802 | H14: 0 | I14: =I13 -> 0.1 | J14: =J13 -> 0.05 | K14: =SUM(E14:H14)*(1+I14)*(1+J14) -> 627.99937 | L14: =هیدرومدول!E13*1000/31/24/3600*1000 -> 229.58438 | M14: =F14*هیدرومدول!N13 -> 0 | N14: =G14*هیدرومدول!J13 -> 142.1633 | O14: =H14*هیدرومدول!N13 -> 0 | P14: =SUM(L14:O14)*(J14+I14) -> 55.762152 | Q14: =Q13 -> 0.05 | R14: =SUM(L14:O14)*(1+J14)*(1+Q14)*(1+I14) -> 450.837 | S14: =R14*3600*24*31/1000/1000 -> 1207.5218 | T14: =S14/U14 -> 5192.9315 | U14: =(هیدرومدول!E13/هیدرومدول!D13) -> 0.23253182 | V14: =R14/K14 -> 0.71789403 | W14: =T14*1000/K14 -> 8269.0074
C15: 10 | D15: 152.724 | E15: =هیدرومدول!C14 -> 154.71294 | F15: =هیدرومدول!K14*$N$2 -> 0 | G15: =هیدرومدول!G14*$N$2 -> 27.316652 | H15: 0 | I15: =I14 -> 0.1 | J15: =J14 -> 0.05 | K15: =SUM(E15:H15)*(1+I15)*(1+J15) -> 210.24418 | L15: =هیدرومدول!E14*1000/31/24/3600*1000 -> 151.77085 | M15: =F15*هیدرومدول!N14 -> 0 | N15: =G15*هیدرومدول!J14 -> 31.098403 | O15: =H15*هیدرومدول!N14 -> 0 | P15: =SUM(L15:O15)*(J15+I15) -> 27.430388 | Q15: =Q14 -> 0.05 | R15: =SUM(L15:O15)*(1+J15)*(1+Q15)*(1+I15) -> 221.77469 | S15: =R15*3600*24*31/1000/1000 -> 594.00132 | T15: =S15/U15 -> 2596.3828 | U15: =(هیدرومدول!E14/هیدرومدول!D14) -> 0.22878033 | V15: =R15/K15 -> 1.0548434 | W15: =T15*1000/K15 -> 12349.368
C16: 11 | D16: 106.3791 | E16: =هیدرومدول!C15 -> 129.35023 | F16: =هیدرومدول!K15*$N$2 -> 0 | G16: =هیدرومدول!G15*$N$2 -> 106.54878 | H16: 0 | I16: =I15 -> 0.1 | J16: =J15 -> 0.05 | K16: =SUM(E16:H16)*(1+I16)*(1+J16) -> 272.46336 | L16: =هیدرومدول!E15*1000/31/24/3600*1000 -> 142.06799 | M16: =F16*هیدرومدول!N15 -> 0 | N16: =G16*هیدرومدول!J15 -> 112.15646 | O16: =H16*هیدرومدول!N15 -> 0 | P16: =SUM(L16:O16)*(J16+I16) -> 38.133668 | Q16: =Q15 -> 0.05 | R16: =SUM(L16:O16)*(1+J16)*(1+Q16)*(1+I16) -> 308.3107 | S16: =R16*3600*24*31/1000/1000 -> 825.77939 | T16: =S16/U16 -> 3627.4969 | U16: =(هیدرومدول!E15/هیدرومدول!D15) -> 0.22764441 | V16: =R16/K16 -> 1.1315676 | W16: =T16*1000/K16 -> 13313.705
C17: 12 | D17: 85.0393 | E17: =هیدرومدول!C16 -> 95.023304 | F17: =هیدرومدول!K16*$N$2 -> 170.62238 | G17: =هیدرومدول!G16*$N$2 -> 241.03335 | H17: 13.520211 | I17: =I16 -> 0.1 | J17: =J16 -> 0.05 | K17: =SUM(E17:H17)*(1+I17)*(1+J17) -> 600.83013 | L17: =هیدرومدول!E16*1000/31/24/3600*1000 -> 76.604386 | M17: =F17*هیدرومدول!N16 -> 187.45182 | N17: =G17*هیدرومدول!J16 -> 264.80781 | O17: =H17*هیدرومدول!N16 -> 14.853785 | P17: =SUM(L17:O17)*(J17+I17) -> 81.55767 | Q17: =Q16 -> 0.05 | R17: =SUM(L17:O17)*(1+J17)*(1+Q17)*(1+I17) -> 659.39376 | S17: =R17*3600*24*31/1000/1000 -> 1766.1203 | T17: =S17/U17 -> 7539.0422 | U17: =(هیدرومدول!E16/هیدرومدول!D16) -> 0.23426321 | V17: =R17/K17 -> 1.0974712 | W17: =T17*1000/K17 -> 12547.71
C18: 13 | D18: 7.2237 | E18: =هیدرومدول!C17 -> 8.4318875 | F18: =هیدرومدول!K17*$N$2 -> 0.8621725 | G18: =هیدرومدول!G17*$N$2 -> 42 | H18: 0 | I18: =I17 -> 0.1 | J18: =J17 -> 0.05 | K18: =SUM(E18:H18)*(1+I18)*(1+J18) -> 59.244639 | L18: =هیدرومدول!E17*1000/31/24/3600*1000 -> 10.637949 | M18: =F18*هیدرومدول!N17 -> 1.0036027 | N18: =G18*هیدرومدول!J17 -> 48.889654 | O18: =H18*هیدرومدول!N17 -> 0 | P18: =SUM(L18:O18)*(J18+I18) -> 9.0796809 | Q18: =Q17 -> 0.05 | R18: =SUM(L18:O18)*(1+J18)*(1+Q18)*(1+I18) -> 73.40922 | S18: =R18*3600*24*31/1000/1000 -> 196.61925 | T18: =S18/U18 -> 842.27052 | U18: =(هیدرومدول!E17/هیدرومدول!D17) -> 0.23343955 | V18: =R18/K18 -> 1.2390863 | W18: =T18*1000/K18 -> 14216.822
B19: سازمان پارک‏ها | C19: 7 | D19: 33.664 | E19: =هیدرومدول!C18 -> 37.4517 | F19: =هیدرومدول!K18*$N$2 -> 0 | G19: =هیدرومدول!G18*$N$2 -> 0 | H19: 0 | I19: 0 | J19: 0 | K19: =SUM(E19:H19)*(1+I19)*(1+J19) -> 37.4517 | L19: =هیدرومدول!E18*1000/31/24/3600*1000 -> 28.625269 | M19: =F19*هیدرومدول!N18 -> 0 | N19: =G19*هیدرومدول!J18 -> 0 | O19: =H19*هیدرومدول!N18 -> 0 | P19: =SUM(L19:O19)*(J19+I19) -> 0 | Q19: 0.05 | R19: =SUM(L19:O19)*(1+J19)*(1+Q19)*(1+I19) -> 30.056532 | S19: =R19*3600*24*31/1000/1000 -> 80.503416 | T19: =S19/U19 -> 345.0633 | U19: =(هیدرومدول!E18/هیدرومدول!D18) -> 0.23330043 | V19: =R19/K19 -> 0.8025412 | W19: =T19*1000/K19 -> 9213.5552
C20: 10 | E20: =هیدرومدول!C19 -> 1.3428 | F20: =هیدرومدول!K19*$N$2 -> 0 | G20: =هیدرومدول!G19*$N$2 -> 0 | H20: 0 | I20: 0 | J20: 0 | K20: =SUM(E20:H20)*(1+I20)*(1+J20) -> 1.3428 | L20: =هیدرومدول!E19*1000/31/24/3600*1000 -> 1.5603354 | M20: =F20*هیدرومدول!N19 -> 0 | N20: =G20*هیدرومدول!J19 -> 0 | O20: =H20*هیدرومدول!N19 -> 0 | P20: =SUM(L20:O20)*(J20+I20) -> 0 | Q20: =Q19 -> 0.05 | R20: =SUM(L20:O20)*(1+J20)*(1+Q20)*(1+I20) -> 1.6383521 | S20: =R20*3600*24*31/1000/1000 -> 4.3881624 | T20: =S20/U20 -> 19.66158 | U20: =(هیدرومدول!E19/هیدرومدول!D19) -> 0.22318463 | V20: =R20/K20 -> 1.2201014 | W20: =T20*1000/K20 -> 14642.225
C21: 11 | E21: =هیدرومدول!C20 -> 1.3334 | F21: =هیدرومدول!K20*$N$2 -> 0 | G21: =هیدرومدول!G20*$N$2 -> 0 | H21: 0 | I21: 0 | J21: 0 | K21: =SUM(E21:H21)*(1+I21)*(1+J21) -> 1.3334 | L21: =هیدرومدول!E20*1000/31/24/3600*1000 -> 1.7457576 | M21: =F21*هیدرومدول!N20 -> 0 | N21: =G21*هیدرومدول!J20 -> 0 | O21: =H21*هیدرومدول!N20 -> 0 | P21: =SUM(L21:O21)*(J21+I21) -> 0 | Q21: =Q20 -> 0.05 | R21: =SUM(L21:O21)*(1+J21)*(1+Q21)*(1+I21) -> 1.8330455 | S21: =R21*3600*24*31/1000/1000 -> 4.9096289 | T21: =S21/U21 -> 21.593879 | U21: =(هیدرومدول!E20/هیدرومدول!D20) -> 0.22736206 | V21: =R21/K21 -> 1.3747154 | W21: =T21*1000/K21 -> 16194.6
C22: 12 | E22: =هیدرومدول!C21 -> 5.4 | F22: =هیدرومدول!K21*$N$2 -> 0 | G22: =هیدرومدول!G21*$N$2 -> 0 | H22: 0 | I22: 0 | J22: 0 | K22: =SUM(E22:H22)*(1+I22)*(1+J22) -> 5.4 | L22: =هیدرومدول!E21*1000/31/24/3600*1000 -> 6.9614783 | M22: =F22*هیدرومدول!N21 -> 0 | N22: =G22*هیدرومدول!J21 -> 0 | O22: =H22*هیدرومدول!N21 -> 0 | P22: =SUM(L22:O22)*(J22+I22) -> 0 | Q22: =Q21 -> 0.05 | R22: =SUM(L22:O22)*(1+J22)*(1+Q22)*(1+I22) -> 7.3095522 | S22: =R22*3600*24*31/1000/1000 -> 19.577905 | T22: =S22/U22 -> 88.680104 | U22: =(هیدرومدول!E21/هیدرومدول!D21) -> 0.22076998 | V22: =R22/K22 -> 1.3536208 | W22: =T22*1000/K22 -> 16422.241
C23: - | D23: =SUM(D6:D22) -> 1781.6623 | E23: =SUM(E6:E22) -> 1641.3864 | F23: =SUM(F6:F22) -> 246.47413 | G23: =SUM(G6:G22) -> 1355.2789 | H23: =SUM(H6:H22) -> 29.694421 | I23: =SUM($E23:$H23)*(I24) -> 318.20537 | J23: =SUM($E23:$I23)*(J24) -> 174.57164 | K23: =SUM(K6:K22) -> 3773.0663 | L23: =SUM(L6:L22) -> 1493.0924 | M23: =SUM(M6:M22) -> 272.84439 | N23: =SUM(N6:N22) -> 1258.8685 | O23: =SUM(O6:O22) -> 32.095265 | P23: =SUM(P6:P22) -> 452.70116 | Q23: =SUM($L23:$P23)*(Q24) -> 175.48009 | R23: =SUM(R6:R22) -> 3700.9264 | S23: =SUM(S6:S22) -> 9912.5613 | T23: =SUM(T6:T22) -> 42831.49 | U23: =SUMPRODUCT(U6:U22,K6:K22)/K23 -> 0.23179389 | V23: =SUMPRODUCT(V6:V22,K6:K22)/K23 -> 0.98088031 | W23: =ROUND(SUMPRODUCT(W6:W22,K6:K22)/K23,-1) -> 11350
E24: حجم نیاز سالانه | G24: میلیون مترمکعب | I24: =SUMPRODUCT(I6:I22,$E6:$E22)/$E23 -> 0.097226253 | J24: =SUMPRODUCT(J6:J22,$E6:$E22)/$E23 -> 0.048613127 | L24: =L23/1000*3600*24*31/U23/1000/1000 -> 17.252822 | Q24: =SUMPRODUCT(Q6:Q22,$E6:$E22)/$E23 -> 0.05 | R24: =R23/L23 -> 2.4786988 | T24: =T23/1000 -> 42.83149 | W24: =W23*K23/1000/1000 -> 42.824302
B28: کمربند | C28: 14 | E28: 3468.566 | F28: 0 | G28: 7000 | H28: 0 | I28: =I27 -> 0 | J28: =J27 -> 0 | K28: =SUM(E28:H28)*(1+I28)*(1+J28) -> 10468.566 | L28: 342.71609 | M28: 0 | N28: 965.88209 | O28: 0 | P28: =SUM(L28:O28)*(J28+I28) -> 0 | Q28: =Q8 -> 0.05 | R28: =SUM(L28:O28)*(1+J28)*(1+Q28)*(1+I28) -> 1374.0281 | S28: =R28*3600*24*31/1000/1000 -> 3680.1968 | T28: =S28/U28 -> 16000.856 | U28: 0.23 | V28: =R28/K28 -> 0.13125275 | W28: =T28*1000/K28 -> 1528.4668
C29: 15 | E29: 181 | F29: 0 | G29: 0 | H29: 0 | I29: =I28 -> 0 | J29: =J28 -> 0 | K29: =SUM(E29:H29)*(1+I29)*(1+J29) -> 181 | L29: 17.883936 | M29: 0 | N29: 0 | O29: 0 | P29: =SUM(L29:O29)*(J29+I29) -> 0 | Q29: =Q28 -> 0.05 | R29: =SUM(L29:O29)*(1+J29)*(1+Q29)*(1+I29) -> 18.778133 | S29: =R29*3600*24*31/1000/1000 -> 50.295351 | T29: =S29/U29 -> 218.67544 | U29: 0.23 | V29: =R29/K29 -> 0.10374659 | W29: =T29*1000/K29 -> 1208.1516
C30: - | E30: =SUM(E28:E29) -> 3649.566 | F30: =SUM(F28:F29) -> 0 | G30: =SUM(G28:G29) -> 7000 | H30: =SUM(H28:H29) -> 0 | I30: =SUM($E30:$H30)*(I31) -> 0 | J30: =SUM($E30:$I30)*(J31) -> 0 | K30: =SUM(K28:K29) -> 10649.566 | L30: =SUM(L28:L29) -> 360.60003 | M30: =SUM(M28:M29) -> 0 | N30: =SUM(N28:N29) -> 965.88209 | O30: =SUM(O28:O29) -> 0 | P30: =SUM(P28:P29) -> 0 | Q30: =SUM($L30:$P30)*(Q31) -> 66.324106 | R30: =SUM(R28:R29) -> 1392.8062 | S30: =SUM(S28:S29) -> 3730.4922 | T30: =SUM(T28:T29) -> 16219.531 | U30: =SUMPRODUCT(U28:U29,K28:K29)/K30 -> 0.23 | V30: =SUMPRODUCT(V28:V29,K28:K29)/K30 -> 0.13078526 | W30: =ROUND(SUMPRODUCT(W28:W29,K28:K29)/K30,-1) -> 1520
E31: حجم نیاز سالانه | G31: میلیون مترمکعب | I31: =SUMPRODUCT(I28:I29,$E28:$E29)/$E30 -> 0 | J31: =SUMPRODUCT(J28:J29,$E28:$E29)/$E30 -> 0 | L31: =L30/1000*3600*24*31/U30/1000/1000 -> 4.1992657 | Q31: =SUMPRODUCT(Q28:Q29,$E28:$E29)/$E30 -> 0.05 | R31: =R30/L30 -> 3.8624684 | T31: =T30/1000 -> 16.219531 | W31: =W30*K30/1000/1000 -> 16.18734
C38: منطقه 7 | D38: 452.6981 | E38: =هیدرومدول!C11 -> 340.59345 | F38: =هیدرومدول!K11*$N$2 -> 0 | G38: =هیدرومدول!G11*$N$2 -> 199.80767 | H38: 0 | I38: =I6 -> 0.1 | J38: =J6 -> 0.05 | K38: =SUM(E38:H38)*(1+I38)*(1+J38) -> 624.16329 | L38: =هیدرومدول!E11*1000/31/24/3600*1000 -> 246.50227 | M38: =F38*هیدرومدول!N11 -> 0 | N38: =G38*هیدرومدول!J11 -> 150.60911 | O38: =H38*هیدرومدول!N11 -> 0 | P38: =SUM(L38:O38)*(J38+I38) -> 59.566707 | Q38: =Q6 -> 0.05 | R38: =SUM(L38:O38)*(1+J38)*(1+Q38)*(1+I38) -> 481.59683 | S38: =R38*3600*24*31/1000/1000 -> 1289.9089 | T38: =S38/U38 -> 5471.3915 | U38: =(هیدرومدول!E11/هیدرومدول!D11) -> 0.23575519 | V38: =R38/K38 -> 0.77158787 | W38: =T38*1000/K38 -> 8765.9617
C39: پارک‏های بزرگ منطقه 7 | E39: =هیدرومدول!C26 -> 193.3615 | F39: =هیدرومدول!K26*$N$2 -> 0 | G39: =هیدرومدول!G26*$N$2 -> 0 | H39: 0 | I39: =I7 -> 0.1 | J39: =J7 -> 0.05 | K39: =SUM(E39:H39)*(1+I39)*(1+J39) -> 223.33253 | L39: =هیدرومدول!E26*1000/31/24/3600*1000 -> 116.92178 | M39: =F39*هیدرومدول!N26 -> 0 | N39: =G39*هیدرومدول!J26 -> 0 | O39: =H39*هیدرومدول!N26 -> 0 | P39: =SUM(L39:O39)*(J39+I39) -> 17.538267 | Q39: =Q7 -> 0.05 | R39: =SUM(L39:O39)*(1+J39)*(1+Q39)*(1+I39) -> 141.79689 | S39: =R39*3600*24*31/1000/1000 -> 379.78879 | T39: =S39/U39 -> 1582.6435 | U39: =(هیدرومدول!E26/هیدرومدول!D26) -> 0.23997116 | V39: =R39/K39 -> 0.63491373 | W39: =T39*1000/K39 -> 7086.4888
C40: بوستان غدیر
C41: جنگل اباصلت
C42: بوستان شهرک ابوذر (فاز 1و2و3)
C43: فاز4
C44: فاز3
C45: بوستان شهرک ابوذر (فاز 4و5و6)
C46: فاز2
C47: فاز1
C48: جنگل کمپوست
