Workbook
Name çسçر76: [2]çسçرءهآس!$C$2:$J$39
Name Spots: #REF!
Name بسوآهè: [2]çسçرءهآس!$CY$83:$DD$97
Name مشآسطçسçرهآèآوè: [2]çسçرءهآس!$T$6:$AA$23

Sheet هیدرومدول
C2: لکه‏های موجود | G2: لکه‏های طرح تفصیلی | K2: لکه‏های طرح توسعه | O2: درصد فضای سبز | P2: 0.7
B3: منطقه شهرداری | C3: مساحت | D3: نیاز آبیاری سالانه | E3: نیاز آبیاری ماه اوج | F3: هیدرومدول ماه اوج | G3: مساحت | H3: نیاز آبیاری سالانه | I3: نیاز آبیاری ماه اوج | J3: هیدرومدول ماه اوج | K3: مساحت | L3: نیاز آبیاری سالانه | M3: نیاز آبیاری ماه اوج | N3: هیدرومدول ماه اوج | O3: هیدرومدول ماه اوج (لیتر در ثانیه در هکتار)
C4: هکتار | D4: هزار متر مکعب | E4: هزار متر مکعب | F4: لیتر در ثانیه در هکتار | G4: هکتار | H4: هزار متر مکعب | I4: هزار متر مکعب | J4: لیتر در ثانیه در هکتار | K4: هکتار | L4: هزار متر مکعب | M4: هزار متر مکعب | N4: لیتر در ثانیه در هکتار | O4: میادین | P4: لچکی ها | Q4: آیلند های بزرگراه | R4: آیلند ها | S4: حاشیه های بزرگراه | T4: حاشیه معابر | U4: پارک های زیر 6 هکتار | V4: پارک های بین 6 تا 10 هکتار | W4: پارک های بالای 10 هکتار | X4: جنگل کاری داخل محدوده | Y4: کمربند سبز حفاظتی
B5: 1 | C5: 43.871777 | D5: 592.16576 | E5: 136.33004 | F5: =E5*1000*1000/31/24/3600/C5 -> 1.1601948 | G5: 10.38644 | H5: =I5/(E5/D5) -> 85.016321 | I5: =J5*G5*$P$2*31*24*3600/1000/1000 -> 19.572693 | J5: 1.0051026 | K5: 1.15334 | L5: =M5/(E5/D5) -> 9.4404554 | M5: =N5*K5*$P$2*31*24*3600/1000/1000 -> 2.1734078 | N5: =J5 -> 1.0051026 | O5: 1.09083 | P5: 1.0596278 | R5: 1.1415601 | T5: 1.3648788 | U5: 1.0105106 | W5: 1.0028237
B6: 2 | C6: 124.18176 | D6: 1416.3674 | E6: 325.71665 | F6: =E6*1000*1000/31/24/3600/C6 -> 0.97927958 | G6: 112.97669 | H6: =I6/(E6/D6) -> 908.2685 | I6: =J6*G6*$P$2*31*24*3600/1000/1000 -> 208.87106 | J6: 0.98608863 | K6: 23.272738 | L6: =M6/(E6/D6) -> 187.09961 | M6: =N6*K6*$P$2*31*24*3600/1000/1000 -> 43.026588 | N6: =J6 -> 0.98608863 | O6: 0.94678793 | P6: 1.0351518 | Q6: 0.69320106 | R6: 1.2511175 | S6: 0.83016278 | T6: 1.2234983 | U6: 1.0126796 | V6: 0.91486266 | W6: 0.96919305 | X6: 0.63882167
B7: 3 | C7: 102.8218 | D7: 1110.3664 | E7: 255.93615 | F7: =E7*1000*1000/31/24/3600/C7 -> 0.92933218 | G7: 147.78486 | H7: =I7/(E7/D7) -> 1032.9905 | I7: =J7*G7*$P$2*31*24*3600/1000/1000 -> 238.10123 | J7: 0.85932655 | K7: 0 | L7: =M7/(E7/D7) -> 0 | M7: =N7*K7*$P$2*31*24*3600/1000/1000 -> 0 | N7: =J7 -> 0.85932655 | O7: 1.0746812 | P7: 0.90462917 | Q7: 1.1281049 | R7: 1.1198958 | S7: 1.2400965 | T7: 1.1514145 | U7: 0.95172232 | W7: 0.77188482 | X7: 0.58726419
B8: 4 | C8: 60.116224 | D8: 640.84225 | E8: 147.39885 | F8: =E8*1000*1000/31/24/3600/C8 -> 0.91543382 | G8: 67.01362 | H8: =I8/(E8/D8) -> 470.71332 | I8: =J8*G8*$P$2*31*24*3600/1000/1000 -> 108.26783 | J8: 0.86171346 | K8: 12.292322 | L8: =M8/(E8/D8) -> 86.34304 | M8: =N8*K8*$P$2*31*24*3600/1000/1000 -> 19.85959 | N8: =J8 -> 0.86171346 | O8: 1.0893134 | P8: 1.1457823 | Q8: 0.84655585 | R8: 1.1570247 | S8: 0.90277183 | T8: 1.181725 | U8: 0.95354774 | W8: 0.85938908
B9: 5 | C9: 52.672954 | D9: 579.61529 | E9: 133.37671 | F9: =E9*1000*1000/31/24/3600/C9 -> 0.94540285 | G9: 46.409062 | H9: =I9/(E9/D9) -> 342.26889 | I9: =J9*G9*$P$2*31*24*3600/1000/1000 -> 78.760345 | J9: 0.90517248 | K9: 65.252427 | L9: =M9/(E9/D9) -> 481.23954 | M9: =N9*K9*$P$2*31*24*3600/1000/1000 -> 110.73923 | N9: =J9 -> 0.90517248 | O9: 1.0651894 | P9: 1.0709736 | Q9: 0.80660443 | R9: 1.0821872 | S9: 1.1007822 | T9: 1.0895481 | U9: 0.91942313 | W9: 0.87654663
B10: 6 | C10: 83.623541 | D10: 946.54868 | E10: 217.67174 | F10: =E10*1000*1000/31/24/3600/C10 -> 0.97184734 | G10: 150.22809 | H10: =I10/(E10/D10) -> 1145.3864 | I10: =J10*G10*$P$2*31*24*3600/1000/1000 -> 263.39718 | J10: 0.93516123 | K10: 5.157133 | L10: =M10/(E10/D10) -> 39.319611 | M10: =N10*K10*$P$2*31*24*3600/1000/1000 -> 9.0420791 | N10: =J10 -> 0.93516123 | O10: 1.2366006 | P10: 1.0846159 | Q10: 0.84193722 | R10: 1.1064716 | S10: 0.67620835 | T10: 1.1420452 | U10: 0.95303296 | V10: 1.031658 | W10: 0.88179739
B11: 7 | C11: 335.02763 | D11: 2765.1433 | E11: 637.24697 | F11: =E11*1000*1000/31/24/3600/C11 -> 0.71015267 | G11: 285.43953 | H11: =I11/(E11/D11) -> 1615.1701 | I11: =J11*G11*$P$2*31*24*3600/1000/1000 -> 372.22745 | J11: 0.69553791 | K11: 0 | L11: =M11/(E11/D11) -> 0 | M11: =N11*K11*$P$2*31*24*3600/1000/1000 -> 0 | N11: =J11 -> 0.69553791 | O11: 1.0456141 | P11: 0.92525615 | Q11: 0.86016861 | R11: 1.0192637 | S11: 0.82549796 | T11: 0.97252326 | U11: 0.86749812 | V11: 0.74361742 | W11: 0.56222596 | X11: 0.56986527 | Y11: 0.45514024
B12: 8 | C12: 94.759658 | D12: 878.39226 | E12: 202.33148 | F12: =E12*1000*1000/31/24/3600/C12 -> 0.79719494 | G12: 162.43614 | H12: =I12/(E12/D12) -> 1004.5353 | I12: =J12*G12*$P$2*31*24*3600/1000/1000 -> 231.38763 | J12: 0.75977324 | K12: 0 | L12: =M12/(E12/D12) -> 0 | M12: =N12*K12*$P$2*31*24*3600/1000/1000 -> 0 | N12: =J12 -> 0.75977324 | O12: 1.1644346 | P12: 1.1392113 | Q12: 1.1250853 | R12: 1.1091365 | S12: 0.62254756 | T12: 1.2194799 | U12: 0.8065177 | W12: 0.75413341 | X12: 0.66202217 | Y12: 0.46157641
B13: 9 | C13: 289.47211 | D13: 2598.7951 | E13: 598.54563 | F13: =E13*1000*1000/31/24/3600/C13 -> 0.7719961 | G13: 357.8686 | H13: =I13/(E13/D13) -> 1735.16 | I13: =J13*G13*$P$2*31*24*3600/1000/1000 -> 399.63614 | J13: =0.794157086830346*0.75 -> 0.59561782 | K13: 0 | L13: =M13/(E13/D13) -> 0 | M13: =N13*K13*$P$2*31*24*3600/1000/1000 -> 0 | N13: =J13 -> 0.59561782 | O13: 1.165219 | P13: 0.99296284 | Q13: 0.88644099 | R13: 1.0015169 | S13: 1.0958137 | T13: 1.1150937 | U13: 0.88674024 | V13: 0.94516881 | W13: 0.73723401 | X13: 0.54789074
B14: 10 | C14: 150.62832 | D14: 1578.684 | E14: 362.67211 | F14: =E14*1000*1000/31/24/3600/C14 -> 0.89894284 | G14: 39.023788 | H14: =I14/(E14/D14) -> 299.59796 | I14: =J14*G14*$P$2*31*24*3600/1000/1000 -> 68.826835 | J14: 0.94070814 | K14: 0 | L14: =M14/(E14/D14) -> 0 | M14: =N14*K14*$P$2*31*24*3600/1000/1000 -> 0 | N14: =J14 -> 0.94070814 | O14: 1.0701539 | P14: 0.83150027 | Q14: 1.0808713 | R14: 1.1393087 | S14: 0.74357959 | T14: 0.91962253 | U14: 0.93668464 | X14: 0.52016027
B15: 11 | C15: 127.61858 | D15: 1424.0589 | E15: 327.58873 | F15: =E15*1000*1000/31/24/3600/C15 -> 0.9583841 | G15: 152.21255 | H15: =I15/(E15/D15) -> 1074.5684 | I15: =J15*G15*$P$2*31*24*3600/1000/1000 -> 247.19237 | J15: 0.86618596 | K15: 0 | L15: =M15/(E15/D15) -> 0 | M15: =N15*K15*$P$2*31*24*3600/1000/1000 -> 0 | N15: =J15 -> 0.86618596 | O15: 1.1537571 | P15: 1.0897128 | Q15: 1.0943999 | R15: 1.1993997 | S15: 1.3051515 | T15: 1.2592738 | U15: 0.96390598 | W15: 0.81598051 | X15: 0.6436976
B16: 12 | C16: 87.246562 | D16: 842.78469 | E16: 193.6475 | F16: =E16*1000*1000/31/24/3600/C16 -> 0.82868245 | G16: 344.33336 | H16: =I16/(E16/D16) -> 2523.9451 | I16: =J16*G16*$P$2*31*24*3600/1000/1000 -> 579.92946 | J16: 0.89830247 | K16: 243.74626 | L16: =M16/(E16/D16) -> 1786.6471 | M16: =N16*K16*$P$2*31*24*3600/1000/1000 -> 410.51973 | N16: =J16 -> 0.89830247 | O16: 1.2197323 | P16: 1.0515807 | Q16: 0.80099242 | R16: 0.8821906 | S16: 0.83779536 | T16: 0.80991054 | U16: 0.88128914 | X16: 0.61016403
B17: 13 | C17: 8.3469744 | D17: 107.34165 | E17: 24.745046 | F17: =E17*1000*1000/31/24/3600/C17 -> 1.1068372 | G17: 60 | H17: =I17/(E17/D17) -> 467.59973 | I17: =J17*G17*$P$2*31*24*3600/1000/1000 -> 107.79392 | J17: 0.95822948 | K17: 1.231675 | L17: =M17/(E17/D17) -> 9.5988483 | M17: =N17*K17*$P$2*31*24*3600/1000/1000 -> 2.2127846 | N17: =J17 -> 0.95822948 | O17: 1.0409038 | P17: 1.2275594 | R17: 1.2816128 | T17: 1.3788066 | U17: 0.97417729
B18: 7 | C18: 37.4517 | D18: 303.13743 | E18: 69.967994 | F18: =E18*1000*1000/31/24/3600/C18 -> 0.69751323 | U18: 0.9504668 | V18: 0.73622011 | W18: 0.68247725
B19: 10 | C19: 1.3428 | D19: 13.453205 | E19: 3.0873456 | F19: =E19*1000*1000/31/24/3600/C19 -> 0.85841735
B20: 11 | C20: 1.3334 | D20: 14.985507 | E20: 3.4252529 | F20: =E20*1000*1000/31/24/3600/C20 -> 0.95908424
B21: 12 | C21: 5.4 | D21: 64.94109 | E21: 14.953651 | F21: =E21*1000*1000/31/24/3600/C21 -> 1.0338988
B22: جمع کل | C22: =SUM(C5:C21) -> 1605.9158 | D22: =SUM(D5:D21) -> 15877.623 | E22: =SUM(E5:E21) -> 3654.6418 | F22: =SUMPRODUCT(F5:F21,C5:C21)/C22 -> 0.84966282 | G22: =SUM(G5:G21) -> 1936.1127 | H22: =SUM(H5:H21) -> 12705.221 | I22: =SUM(I5:I21) -> 2923.9641 | J22: =SUMPRODUCT(J5:J21,C5:C21)/C22 -> 0.77752257 | K22: =SUM(K5:K21) -> 352.1059 | L22: =SUM(L5:L21) -> 2599.6882 | M22: =SUM(M5:M21) -> 597.57341 | N22: =SUMPRODUCT(N5:N21,C5:C21)/C22 -> 0.77752257
B26: 7 | C26: 193.3615 | D26: 1358.68 | E26: 314.1534 | F26: =E26*1000*1000/31/24/3600/C26 -> 0.6065915 | G26: 0 | H26: =I26/(E26/D26) -> 0 | I26: =J26*G26*$P$2*31*24*3600/1000/1000 -> 0 | J26: 0.69553791 | K26: 0 | L26: =M26/(E26/D26) -> 0 | M26: =N26*K26*$P$2*31*24*3600/1000/1000 -> 0 | N26: =J26 -> 0.69553791 | O26: 1.2710309 | P26: 1.0049457 | Q26: 0.94140397 | R26: 1.1269591 | S26: 0.78188119 | T26: 0.7815007 | U26: 1.0111594 | V26: 0.77614645 | W26: 0.54356501 | X26: 0.53346269 | Y26: 0.30937637
P37: =(0.55*0.75)+(0.79*0.25) -> 0.61

Sheet نتایج
E2: برآورد آب موردنیاز آبیاری و خدمات شهری در مناطق شهری | L2: درصد فضای سبز | N2: 0.7
C3: منطقه | D3: سطح کاربری فضای سبز؛ هکتار | I3: توسعهء تکمیلی فضای سبز | J3: سهم فضاهای سبز متفرقه | K3: فضای سبز مبنای طراحی؛ هکتار | L3: نیاز آبیاری ماه اوج؛ لیتردرثانیه | S3: نیاز آبیاری؛ هزارمترمکعب | V3: ظرفیت واحد ماه اوج
D4: وضعِ موجود | E4: مساحت محاسبه نیاز آبیاری | F4: درحال توسعه‌ | G4: طرح تفصیلی | H4: پهنه‌های ‌توسعه‌نیافته | L4: وضع موجود | M4: درحال توسعه‌ | N4: طرح تفصیلی | O4: پهنه‌های ‌توسعه‌نیافته | P4: توسعه متفرقه و تکمیلی | Q4: خدمات غیرآبیاری | R4: مبنای طراحی | S4: ماه اوج | T4: سالانه | U4: سهم ماه اوج نسبت به سال | V4: لیتردرثانیه درهکتار | W4: مترمکعب در هکتار
C6: 1 | D6: 42.5879 | E6: =هیدرومدول!C5 -> 43.871777 | F6: =هیدرومدول!K5*$N$2 -> 0.807338 | G6: =هیدرومدول!G5*$N$2 -> 7.270508 | H6: 0 | I6: 0.1 | J6: 0.05 | K6: =SUM(E6:H6)*(1+I6)*(1+J6) -> 60.001814 | L6: =هیدرومدول!E5*1000/31/24/3600*1000 -> 50.899806 | M6: =F6*هیدرومدول!N5 -> 0.8114575 | N6: =G6*هیدرومدول!J5 -> 7.3076063 | O6: =H6*هیدرومدول!N5 -> 0 | P6: =SUM(L6:O6)*(J6+I6) -> 8.8528304 | Q6: 0.05 | R6: =SUM(L6:O6)*(1+J6)*(1+Q6)*(1+I6) -> 71.575134 | S6: =R6*3600*24*31/1000/1000 -> 191.70684 | T6: =S6/U6 -> 832.70148 | U6: =(هیدرومدول!E5/هیدرومدول!D5) -> 0.23022277 | V6: =R6/K6 -> 1.1928828 | W6: =T6*1000/K6 -> 13877.938
C7: 2 | D7: 124.5886 | E7: =هیدرومدول!C6 -> 124.18176 | F7: =هیدرومدول!K6*$N$2 -> 16.290917 | G7: =هیدرومدول!G6*$N$2 -> 79.083683 | H7: 0 | I7: =I6 -> 0.1 | J7: =J6 -> 0.05 | K7: =SUM(E7:H7)*(1+I7)*(1+J7) -> 253.5876 | L7: =هیدرومدول!E6*1000/31/24/3600*1000 -> 121.60866 | M7: =F7*هیدرومدول!N6 -> 16.064288 | N7: =G7*هیدرومدول!J6 -> 77.983521 | O7: =H7*هیدرومدول!N6 -> 0 | P7: =SUM(L7:O7)*(J7+I7) -> 32.348471 | Q7: =Q6 -> 0.05 | R7: =SUM(L7:O7)*(1+J7)*(1+Q7)*(1+I7) -> 261.53739 | S7: =R7*3600*24*31/1000/1000 -> 700.50174 | T7: =S7/U7 -> 3046.1073 | U7: =(هیدرومدول!E6/هیدرومدول!D6) -> 0.22996621 | V7: =R7/K7 -> 1.0313493 | W7: =T7*1000/K7 -> 12012.052
C8: 3 | D8: 103.5865 | E8: =هیدرومدول!C7 -> 102.8218 | F8: =هیدرومدول!K7*$N$2 -> 0 | G8: =هیدرومدول!G7*$N$2 -> 103.4494 | H8: 7.1359824 | I8: =I7 -> 0.1 | J8: =J7 -> 0.05 | K8: =SUM(E8:H8)*(1+I8)*(1+J8) -> 246.4853 | L8: =هیدرومدول!E7*1000/31/24/3600*1000 -> 95.55561 | M8: =F8*هیدرومدول!N7 -> 0 | N8: =G8*هیدرومدول!J7 -> 88.896815 | O8: =H8*هیدرومدول!N7 -> 6.1321391 | P8: =SUM(L8:O8)*(J8+I8) -> 28.587685 | Q8: =Q7 -> 0.05 | R8: =SUM(L8:O8)*(1+J8)*(1+Q8)*(1+I8) -> 231.13143 | S8: =R8*3600*24*31/1000/1000 -> 619.06243 | T8: =S8/U8 -> 2685.772 | U8: =(هیدرومدول!E7/هیدرومدول!D7) -> 0.23049701 | V8: =R8/K8 -> 0.93770879 | W8: =T8*1000/K8 -> 10896.277
C9: 4 | D9: 51.905 | E9: =هیدرومدول!C8 -> 60.116224 | F9: =هیدرومدول!K8*$N$2 -> 8.6046254 | G9: =هیدرومدول!G8*$N$2 -> 46.909534 | H9: 0 | I9: =I8 -> 0.1 | J9: =J8 -> 0.05 | K9: =SUM(E9:H9)*(1+I9)*(1+J9) -> 133.55309 | L9: =هیدرومدول!E8*1000/31/24/3600*1000 -> 55.032425 | M9: =F9*هیدرومدول!N8 -> 7.4147216 | N9: =G9*هیدرومدول!J8 -> 40.422577 | O9: =H9*هیدرومدول!N8 -> 0 | P9: =SUM(L9:O9)*(J9+I9) -> 15.430458 | Q9: =Q8 -> 0.05 | R9: =SUM(L9:O9)*(1+J9)*(1+Q9)*(1+I9) -> 124.75526 | S9: =R9*3600*24*31/1000/1000 -> 334.14448 | T9: =S9/U9 -> 1452.7515 | U9: =(هیدرومدول!E8/هیدرومدول!D8) -> 0.230008 | V9: =R9/K9 -> 0.93412481 | W9: =T9*1000/K9 -> 10877.708
C10: 5 | D10: 44.6798 | E10: =هیدرومدول!C9 -> 52.672954 | F10: =هیدرومدول!K9*$N$2 -> 45.676699 | G10: =هیدرومدول!G9*$N$2 -> 32.486343 | H10: 9.038227 | I10: =I9 -> 0.1 | J10: =J9 -> 0.05 | K10: =SUM(E10:H10)*(1+I10)*(1+J10) -> 161.55473 | L10: =هیدرومدول!E9*1000/31/24/3600*1000 -> 49.79716 | M10: =F10*هیدرومدول!N9 -> 41.345291 | N10: =G10*هیدرومدول!J9 -> 29.405744 | O10: =H10*هیدرومدول!N9 -> 8.1811544 | P10: =SUM(L10:O10)*(J10+I10) -> 19.309402 | Q10: =Q9 -> 0.05 | R10: =SUM(L10:O10)*(1+J10)*(1+Q10)*(1+I10) -> 156.11652 | S10: =R10*3600*24*31/1000/1000 -> 418.14248 | T10: =S10/U10 -> 1817.1221 | U10: =(هیدرومدول!E9/هیدرومدول!D9) -> 0.23011249 | V10: =R10/K10 -> 0.96633829 | W10: =T10*1000/K10 -> 11247.719
C11: 6 | D11: 78.9624 | E11: =هیدرومدول!C10 -> 83.623541 | F11: =هیدرومدول!K10*$N$2 -> 3.6099931 | G11: =هیدرومدول!G10*$N$2 -> 105.15967 | H11: 0 | I11: =I10 -> 0.1 | J11: =J10 -> 0.05 | K11: =SUM(E11:H11)*(1+I11)*(1+J11) -> 222.21415 | L11: =هیدرومدول!E10*1000/31/24/3600*1000 -> 81.269316 | M11: =F11*هیدرومدول!N10 -> 3.3759256 | N11: =G11*هیدرومدول!J10 -> 98.341241 | O11: =H11*هیدرومدول!N10 -> 0 | P11: =SUM(L11:O11)*(J11+I11) -> 27.447972 | Q11: =Q10 -> 0.05 | R11: =SUM(L11:O11)*(1+J11)*(1+Q11)*(1+I11) -> 221.91686 | S11: =R11*3600*24*31/1000/1000 -> 594.38211 | T11: =S11/U11 -> 2584.6792 | U11: =(هیدرومدول!E10/هیدرومدول!D10) -> 0.22996359 | V11: =R11/K11 -> 0.99866216 | W11: =T11*1000/K11 -> 11631.479
C12: 7 | D12: 452.6981 | E12: =هیدرومدول!C11 -> 335.02763 | F12: =هیدرومدول!K11*$N$2 -> 0 | G12: =هیدرومدول!G11*$N$2 -> 199.80767 | H12: 0 | I12: =I11 -> 0.1 | J12: =J11 -> 0.05 | K12: =SUM(E12:H12)*(1+I12)*(1+J12) -> 617.73477 | L12: =هیدرومدول!E11*1000/31/24/3600*1000 -> 237.92076 | M12: =F12*هیدرومدول!N11 -> 0 | N12: =G12*هیدرومدول!J11 -> 138.97381 | O12: =H12*هیدرومدول!N11 -> 0 | P12: =SUM(L12:O12)*(J12+I12) -> 56.534186 | Q12: =Q11 -> 0.05 | R12: =SUM(L12:O12)*(1+J12)*(1+Q12)*(1+I12) -> 457.07889 | S12: =R12*3600*24*31/1000/1000 -> 1224.2401 | T12: =S12/U12 -> 5312.225 | U12: =(هیدرومدول!E11/هیدرومدول!D11) -> 0.23045713 | V12: =R12/K12 -> 0.73992742 | W12: =T12*1000/K12 -> 8599.5241
C13: 8 | D13: 111.2728 | E13: =هیدرومدول!C12 -> 94.759658 | F13: =هیدرومدول!K12*$N$2 -> 0 | G13: =هیدرومدول!G12*$N$2 -> 113.7053 | H13: 0 | I13: =I12 -> 0.1 | J13: =J12 -> 0.05 | K13: =SUM(E13:H13)*(1+I13)*(1+J13) -> 240.77703 | L13: =هیدرومدول!E12*1000/31/24/3600*1000 -> 75.54192 | M13: =F13*هیدرومدول!N12 -> 0 | N13: =G13*هیدرومدول!J12 -> 86.390245 | O13: =H13*هیدرومدول!N12 -> 0 | P13: =SUM(L13:O13)*(J13+I13) -> 24.289825 | Q13: =Q12 -> 0.05 | R13: =SUM(L13:O13)*(1+J13)*(1+Q13)*(1+I13) -> 196.38323 | S13: =R13*3600*24*31/1000/1000 -> 525.99285 | T13: =S13/U13 -> 2283.5204 | U13: =(هیدرومدول!E12/هیدرومدول!D12) -> 0.23034296 | V13: =R13/K13 -> 0.8156228 | W13: =T13*1000/K13 -> 9483.9628
C14: 9 | D14: 386.3511 | E14: =هیدرومدول!C13 -> 289.47211 | F14: =هیدرومدول!K13*$N$2 -> 0 | G14: =هیدرومدول!G13*$N$2 -> 250.50802 | H14: 0 | I14: =I13 -> 0.1 | J14: =J13 -> 0.05 | K14: =SUM(E14:H14)*(1+I14)*(1+J14) -> 623.67705 | L14: =هیدرومدول!E13*1000/31/24/3600*1000 -> 223.47134 | M14: =F14*هیدرومدول!N13 -> 0 | N14: =G14*هیدرومدول!J13 -> 149.20704 | O14: =H14*هیدرومدول!N13 -> 0 | P14: =SUM(L14:O14)*(J14+I14) -> 55.901757 | Q14: =Q13 -> 0.05 | R14: =SUM(L14:O14)*(1+J14)*(1+Q14)*(1+I14) -> 451.9657 | S14: =R14*3600*24*31/1000/1000 -> 1210.5449 | T14: =S14/U14 -> 5256.0041 | U14: =(هیدرومدول!E13/هیدرومدول!D13) -> 0.23031659 | V14: =R14/K14 -> 0.72467907 | W14: =T14*1000/K14 -> 8427.4451
C15: 10 | D15: 152.724 | E15: =هیدرومدول!C14 -> 150.62832 | F15: =هیدرومدول!K14*$N$2 -> 0 | G15: =هیدرومدول!G14*$N$2 -> 27.316652 | H15: 0 | I15: =I14 -> 0.1 | J15: =J14 -> 0.05 | K15: =SUM(E15:H15)*(1+I15)*(1+J15) -> 205.52645 | L15: =هیدرومدول!E14*1000/31/24/3600*1000 -> 135.40625 | M15: =F15*هیدرومدول!N14 -> 0 | N15: =G15*هیدرومدول!J14 -> 25.696996 | O15: =H15*هیدرومدول!N14 -> 0 | P15: =SUM(L15:O15)*(J15+I15) -> 24.165487 | Q15: =Q14 -> 0.05 | R15: =SUM(L15:O15)*(1+J15)*(1+Q15)*(1+I15) -> 195.37797 | S15: =R15*3600*24*31/1000/1000 -> 523.30034 | T15: =S15/U15 -> 2277.8864 | U15: =(هیدرومدول!E14/هیدرومدول!D14) -> 0.22973066 | V15: =R15/K15 -> 0.95062202 | W15: =T15*1000/K15 -> 11083.179
C16: 11 | D16: 106.3791 | E16: =هیدرومدول!C15 -> 127.61858 | F16: =هیدرومدول!K15*$N$2 -> 0 | G16: =هیدرومدول!G15*$N$2 -> 106.54878 | H16: 0 | I16: =I15 -> 0.1 | J16: =J15 -> 0.05 | K16: =SUM(E16:H16)*(1+I16)*(1+J16) -> 270.46331 | L16: =هیدرومدول!E15*1000/31/24/3600*1000 -> 122.30762 | M16: =F16*هیدرومدول!N15 -> 0 | N16: =G16*هیدرومدول!J15 -> 92.291059 | O16: =H16*هیدرومدول!N15 -> 0 | P16: =SUM(L16:O16)*(J16+I16) -> 32.189802 | Q16: =Q15 -> 0.05 | R16: =SUM(L16:O16)*(1+J16)*(1+Q16)*(1+I16) -> 260.25455 | S16: =R16*3600*24*31/1000/1000 -> 697.06578 | T16: =S16/U16 -> 3030.2102 | U16: =(هیدرومدول!E15/هیدرومدول!D15) -> 0.23003876 | V16: =R16/K16 -> 0.96225456 | W16: =T16*1000/K16 -> 11203.776
C17: 12 | D17: 85.0393 | E17: =هیدرومدول!C16 -> 87.246562 | F17: =هیدرومدول!K16*$N$2 -> 170.62238 | G17: =هیدرومدول!G16*$N$2 -> 241.03335 | H17: 13.520211 | I17: =I16 -> 0.1 | J17: =J16 -> 0.05 | K17: =SUM(E17:H17)*(1+I17)*(1+J17) -> 591.848 | L17: =هیدرومدول!E16*1000/31/24/3600*1000 -> 72.299695 | M17: =F17*هیدرومدول!N16 -> 153.27051 | N17: =G17*هیدرومدول!J16 -> 216.52086 | O17: =H17*هیدرومدول!N16 -> 12.145239 | P17: =SUM(L17:O17)*(J17+I17) -> 68.135445 | Q17: =Q16 -> 0.05 | R17: =SUM(L17:O17)*(1+J17)*(1+Q17)*(1+I17) -> 550.87507 | S17: =R17*3600*24*31/1000/1000 -> 1475.4638 | T17: =S17/U17 -> 6421.4528 | U17: =(هیدرومدول!E16/هیدرومدول!D16) -> 0.22977103 | V17: =R17/K17 -> 0.9307712 | W17: =T17*1000/K17 -> 10849.834
C18: 13 | D18: 7.2237 | E18: =هیدرومدول!C17 -> 8.3469744 | F18: =هیدرومدول!K17*$N$2 -> 0.8621725 | G18: =هیدرومدول!G17*$N$2 -> 42 | H18: 0 | I18: =I17 -> 0.1 | J18: =J17 -> 0.05 | K18: =SUM(E18:H18)*(1+I18)*(1+J18) -> 59.146565 | L18: =هیدرومدول!E17*1000/31/24/3600*1000 -> 9.238742 | M18: =F18*هیدرومدول!N17 -> 0.82615911 | N18: =G18*هیدرومدول!J17 -> 40.245638 | O18: =H18*هیدرومدول!N17 -> 0 | P18: =SUM(L18:O18)*(J18+I18) -> 7.5465809 | Q18: =Q17 -> 0.05 | R18: =SUM(L18:O18)*(1+J18)*(1+Q18)*(1+I18) -> 61.014107 | S18: =R18*3600*24*31/1000/1000 -> 163.42018 | T18: =S18/U18 -> 708.90116 | U18: =(هیدرومدول!E17/هیدرومدول!D17) -> 0.23052605 | V18: =R18/K18 -> 1.0315748 | W18: =T18*1000/K18 -> 11985.5
B19: سازمان پارک‏ها | C19: 7 | D19: 33.664 | E19: =هیدرومدول!C18 -> 37.4517 | F19: =هیدرومدول!K18*$N$2 -> 0 | G19: =هیدرومدول!G18*$N$2 -> 0 | H19: 0 | I19: 0 | J19: 0 | K19: =SUM(E19:H19)*(1+I19)*(1+J19) -> 37.4517 | L19: =هیدرومدول!E18*1000/31/24/3600*1000 -> 26.123056 | M19: =F19*هیدرومدول!N18 -> 0 | N19: =G19*هیدرومدول!J18 -> 0 | O19: =H19*هیدرومدول!N18 -> 0 | P19: =SUM(L19:O19)*(J19+I19) -> 0 | Q19: 0.05 | R19: =SUM(L19:O19)*(1+J19)*(1+Q19)*(1+I19) -> 27.429209 | S19: =R19*3600*24*31/1000/1000 -> 73.466393 | T19: =S19/U19 -> 318.2943 | U19: =(هیدرومدول!E18/هیدرومدول!D18) -> 0.23081278 | V19: =R19/K19 -> 0.73238889 | W19: =T19*1000/K19 -> 8498.7945
C20: 10 | E20: =هیدرومدول!C19 -> 1.3428 | F20: =هیدرومدول!K19*$N$2 -> 0 | G20: =هیدرومدول!G19*$N$2 -> 0 | H20: 0 | I20: 0 | J20: 0 | K20: =SUM(E20:H20)*(1+I20)*(1+J20) -> 1.3428 | L20: =هیدرومدول!E19*1000/31/24/3600*1000 -> 1.1526828 | M20: =F20*هیدرومدول!N19 -> 0 | N20: =G20*هیدرومدول!J19 -> 0 | O20: =H20*هیدرومدول!N19 -> 0 | P20: =SUM(L20:O20)*(J20+I20) -> 0 | Q20: =Q19 -> 0.05 | R20: =SUM(L20:O20)*(1+J20)*(1+Q20)*(1+I20) -> 1.210317 | S20: =R20*3600*24*31/1000/1000 -> 3.2417129 | T20: =S20/U20 -> 14.125866 | U20: =(هیدرومدول!E19/هیدرومدول!D19) -> 0.22948774 | V20: =R20/K20 -> 0.90133821 | W20: =T20*1000/K20 -> 10519.709
C21: 11 | E21: =هیدرومدول!C20 -> 1.3334 | F21: =هیدرومدول!K20*$N$2 -> 0 | G21: =هیدرومدول!G20*$N$2 -> 0 | H21: 0 | I21: 0 | J21: 0 | K21: =SUM(E21:H21)*(1+I21)*(1+J21) -> 1.3334 | L21: =هیدرومدول!E20*1000/31/24/3600*1000 -> 1.2788429 | M21: =F21*هیدرومدول!N20 -> 0 | N21: =G21*هیدرومدول!J20 -> 0 | O21: =H21*هیدرومدول!N20 -> 0 | P21: =SUM(L21:O21)*(J21+I21) -> 0 | Q21: =Q20 -> 0.05 | R21: =SUM(L21:O21)*(1+J21)*(1+Q21)*(1+I21) -> 1.3427851 | S21: =R21*3600*24*31/1000/1000 -> 3.5965155 | T21: =S21/U21 -> 15.734783 | U21: =(هیدرومدول!E20/هیدرومدول!D20) -> 0.22857103 | V21: =R21/K21 -> 1.0070385 | W21: =T21*1000/K21 -> 11800.497
C22: 12 | E22: =هیدرومدول!C21 -> 5.4 | F22: =هیدرومدول!K21*$N$2 -> 0 | G22: =هیدرومدول!G21*$N$2 -> 0 | H22: 0 | I22: 0 | J22: 0 | K22: =SUM(E22:H22)*(1+I22)*(1+J22) -> 5.4 | L22: =هیدرومدول!E21*1000/31/24/3600*1000 -> 5.5830536 | M22: =F22*هیدرومدول!N21 -> 0 | N22: =G22*هیدرومدول!J21 -> 0 | O22: =H22*هیدرومدول!N21 -> 0 | P22: =SUM(L22:O22)*(J22+I22) -> 0 | Q22: =Q21 -> 0.05 | R22: =SUM(L22:O22)*(1+J22)*(1+Q22)*(1+I22) -> 5.8622063 | S22: =R22*3600*24*31/1000/1000 -> 15.701333 | T22: =S22/U22 -> 68.188144 | U22: =(هیدرومدول!E21/هیدرومدول!D21) -> 0.23026486 | V22: =R22/K22 -> 1.0855938 | W22: =T22*1000/K22 -> 12627.434
C23: - | D23: =SUM(D6:D22) -> 1781.6623 | E23: =SUM(E6:E22) -> 1605.9158 | F23: =SUM(F6:F22) -> 246.47413 | G23: =SUM(G6:G22) -> 1355.2789 | H23: =SUM(H6:H22) -> 29.694421 | I23: =SUM($E23:$H23)*(I24) -> 314.55836 | J23: =SUM($E23:$I23)*(J24) -> 172.56121 | K23: =SUM(K6:K22) -> 3732.0977 | L23: =SUM(L6:L22) -> 1364.4869 | M23: =SUM(M6:M22) -> 223.10835 | N23: =SUM(N6:N22) -> 1091.6831 | O23: =SUM(O6:O22) -> 26.458533 | P23: =SUM(P6:P22) -> 400.7399 | Q23: =SUM($L23:$P23)*(Q24) -> 155.32384 | R23: =SUM(R6:R22) -> 3275.8266 | S23: =SUM(S6:S22) -> 8773.974 | T23: =SUM(T6:T22) -> 38125.677 | U23: =SUMPRODUCT(U6:U22,K6:K22)/K23 -> 0.23015564 | V23: =SUMPRODUCT(V6:V22,K6:K22)/K23 -> 0.87774406 | W23: =ROUND(SUMPRODUCT(W6:W22,K6:K22)/K23,-1) -> 10220
E24: حجم نیاز سالانه | G24: میلیون مترمکعب | I24: =SUMPRODUCT(I6:I22,$E6:$E22)/$E23 -> 0.097164988 | J24: =SUMPRODUCT(J6:J22,$E6:$E22)/$E23 -> 0.048582494 | L24: =L23/1000*3600*24*31/U23/1000/1000 -> 15.879002 | Q24: =SUMPRODUCT(Q6:Q22,$E6:$E22)/$E23 -> 0.05 | R24: =R23/L23 -> 2.4007753 | T24: =T23/1000 -> 38.125677 | W24: =W23*K23/1000/1000 -> 38.142039
B28: کمربند | C28: 14 | E28: 3468.566 | F28: 0 | G28: 7000 | H28: 0 | I28: =I27 -> 0 | J28: =J27 -> 0 | K28: =SUM(E28:H28)*(1+I28)*(1+J28) -> 10468.566 | L28: 342.71609 | M28: 0 | N28: 965.88209 | O28: 0 | P28: =SUM(L28:O28)*(J28+I28) -> 0 | Q28: =Q8 -> 0.05 | R28: =SUM(L28:O28)*(1+J28)*(1+Q28)*(1+I28) -> 1374.0281 | S28: =R28*3600*24*31/1000/1000 -> 3680.1968 | T28: =S28/U28 -> 16000.856 | U28: 0.23 | V28: =R28/K28 -> 0.13125275 | W28: =T28*1000/K28 -> 1528.4668
C29: 15 | E29: 181 | F29: 0 | G29: 0 | H29: 0 | I29: =I28 -> 0 | J29: =J28 -> 0 | K29: =SUM(E29:H29)*(1+I29)*(1+J29) -> 181 | L29: 17.883936 | M29: 0 | N29: 0 | O29: 0 | P29: =SUM(L29:O29)*(J29+I29) -> 0 | Q29: =Q28 -> 0.05 | R29: =SUM(L29:O29)*(1+J29)*(1+Q29)*(1+I29) -> 18.778133 | S29: =R29*3600*24*31/1000/1000 -> 50.295351 | T29: =S29/U29 -> 218.67544 | U29: 0.23 | V29: =R29/K29 -> 0.10374659 | W29: =T29*1000/K29 -> 1208.1516
C30: - | E30: =SUM(E28:E29) -> 3649.566 | F30: =SUM(F28:F29) -> 0 | G30: =SUM(G28:G29) -> 7000 | H30: =SUM(H28:H29) -> 0 | I30: =SUM($E30:$H30)*(I31) -> 0 | J30: =SUM($E30:$I30)*(J31) -> 0 | K30: =SUM(K28:K29) -> 10649.566 | L30: =SUM(L28:L29) -> 360.60003 | M30: =SUM(M28:M29) -> 0 | N30: =SUM(N28:N29) -> 965.88209 | O30: =SUM(O28:O29) -> 0 | P30: =SUM(P28:P29) -> 0 | Q30: =SUM($L30:$P30)*(Q31) -> 66.324106 | R30: =SUM(R28:R29) -> 1392.8062 | S30: =SUM(S28:S29) -> 3730.4922 | T30: =SUM(T28:T29) -> 16219.531 | U30: =SUMPRODUCT(U28:U29,K28:K29)/K30 -> 0.23 | V30: =SUMPRODUCT(V28:V29,K28:K29)/K30 -> 0.13078526 | W30: =ROUND(SUMPRODUCT(W28:W29,K28:K29)/K30,-1) -> 1520
E31: حجم نیاز سالانه | G31: میلیون مترمکعب | I31: =SUMPRODUCT(I28:I29,$E28:$E29)/$E30 -> 0 | J31: =SUMPRODUCT(J28:J29,$E28:$E29)/$E30 -> 0 | L31: =L30/1000*3600*24*31/U30/1000/1000 -> 4.1992657 | Q31: =SUMPRODUCT(Q28:Q29,$E28:$E29)/$E30 -> 0.05 | R31: =R30/L30 -> 3.8624684 | T31: =T30/1000 -> 16.219531 | W31: =W30*K30/1000/1000 -> 16.18734
C38: منطقه 7 | D38: 452.6981 | E38: =هیدرومدول!C11 -> 335.02763 | F38: =هیدرومدول!K11*$N$2 -> 0 | G38: =هیدرومدول!G11*$N$2 -> 199.80767 | H38: 0 | I38: =I6 -> 0.1 | J38: =J6 -> 0.05 | K38: =SUM(E38:H38)*(1+I38)*(1+J38) -> 617.73477 | L38: =هیدرومدول!E11*1000/31/24/3600*1000 -> 237.92076 | M38: =F38*هیدرومدول!N11 -> 0 | N38: =G38*هیدرومدول!J11 -> 138.97381 | O38: =H38*هیدرومدول!N11 -> 0 | P38: =SUM(L38:O38)*(J38+I38) -> 56.534186 | Q38: =Q6 -> 0.05 | R38: =SUM(L38:O38)*(1+J38)*(1+Q38)*(1+I38) -> 457.07889 | S38: =R38*3600*24*31/1000/1000 -> 1224.2401 | T38: =S38/U38 -> 5312.225 | U38: =(هیدرومدول!E11/هیدرومدول!D11) -> 0.23045713 | V38: =R38/K38 -> 0.73992742 | W38: =T38*1000/K38 -> 8599.5241
C39: پارک‏های بزرگ منطقه 7 | E39: =هیدرومدول!C26 -> 193.3615 | F39: =هیدرومدول!K26*$N$2 -> 0 | G39: =هیدرومدول!G26*$N$2 -> 0 | H39: 0 | I39: =I7 -> 0.1 | J39: =J7 -> 0.05 | K39: =SUM(E39:H39)*(1+I39)*(1+J39) -> 223.33253 | L39: =هیدرومدول!E26*1000/31/24/3600*1000 -> 117.29144 | M39: =F39*هیدرومدول!N26 -> 0 | N39: =G39*هیدرومدول!J26 -> 0 | O39: =H39*هیدرومدول!N26 -> 0 | P39: =SUM(L39:O39)*(J39+I39) -> 17.593716 | Q39: =Q7 -> 0.05 | R39: =SUM(L39:O39)*(1+J39)*(1+Q39)*(1+I39) -> 142.2452 | S39: =R39*3600*24*31/1000/1000 -> 380.98954 | T39: =S39/U39 -> 1647.7392 | U39: =(هیدرومدول!E26/هیدرومدول!D26) -> 0.23121957 | V39: =R39/K39 -> 0.63692108 | W39: =T39*1000/K39 -> 7377.963
C40: بوستان غدیر
C41: جنگل اباصلت
C42: بوستان شهرک ابوذر (فاز 1و2و3)
C43: فاز4
C44: فاز3
C45: بوستان شهرک ابوذر (فاز 4و5و6)
C46: فاز2
C47: فاز1
C48: جنگل کمپوست
