Workbook
Name çسçر76: [2]çسçرءهآس!$C$2:$J$39
Name Spots: #REF!
Name بسوآهè: [2]çسçرءهآس!$CY$83:$DD$97
Name مشآسطçسçرهآèآوè: [2]çسçرءهآس!$T$6:$AA$23

Sheet هیدرومدول
M1: درصد فضای سبز | N1: 0.7
C2: لکه‏های موجود | G2: لکه‏های طرح تفصیلی | K2: لکه‏های طرح توسعه
B3: منطقه شهرداری | C3: مساحت | D3: نیاز آبیاری سالانه | E3: نیاز آبیاری ماه اوج | F3: هیدرومدول ماه اوج | G3: مساحت | H3: نیاز آبیاری سالانه | I3: نیاز آبیاری ماه اوج | J3: هیدرومدول ماه اوج | K3: مساحت | L3: نیاز آبیاری سالانه | M3: نیاز آبیاری ماه اوج | N3: هیدرومدول ماه اوج
C4: هکتار | D4: هزار متر مکعب | E4: هزار متر مکعب | F4: لیتر در ثانیه در هکتار | G4: هکتار | H4: هزار متر مکعب | I4: هزار متر مکعب | J4: لیتر در ثانیه در هکتار | K4: هکتار | L4: هزار متر مکعب | M4: هزار متر مکعب | N4: لیتر در ثانیه در هکتار
B5: 1 | C5: 43.871777 | D5: 592.16576 | E5: 136.33004 | F5: =E5*1000*1000/31/24/3600/C5 -> 1.1601948 | G5: 10.38644 | H5: =I5/(E5/D5) -> 85.016321 | I5: =J5*G5*$N$1*31*24*3600/1000/1000 -> 19.572693 | J5: 1.0051026 | K5: 1.15334 | L5: =M5/(E5/D5) -> 9.4404554 | M5: =N5*K5*$N$1*31*24*3600/1000/1000 -> 2.1734078 | N5: =J5 -> 1.0051026
B6: 2 | C6: 124.18176 | D6: 1416.3674 | E6: 325.71665 | F6: =E6*1000*1000/31/24/3600/C6 -> 0.97927958 | G6: 112.97669 | H6: =I6/(E6/D6) -> 908.2685 | I6: =J6*G6*$N$1*31*24*3600/1000/1000 -> 208.87106 | J6: 0.98608863 | K6: 23.272738 | L6: =M6/(E6/D6) -> 187.09961 | M6: =N6*K6*$N$1*31*24*3600/1000/1000 -> 43.026588 | N6: =J6 -> 0.98608863
B7: 3 | C7: 102.8218 | D7: 1110.3664 | E7: 255.93615 | F7: =E7*1000*1000/31/24/3600/C7 -> 0.92933218 | G7: 147.78486 | H7: =I7/(E7/D7) -> 1032.9905 | I7: =J7*G7*$N$1*31*24*3600/1000/1000 -> 238.10123 | J7: 0.85932655 | K7: 0 | L7: =M7/(E7/D7) -> 0 | M7: =N7*K7*$N$1*31*24*3600/1000/1000 -> 0 | N7: =J7 -> 0.85932655
B8: 4 | C8: 60.116224 | D8: 640.84225 | E8: 147.39885 | F8: =E8*1000*1000/31/24/3600/C8 -> 0.91543382 | G8: 67.01362 | H8: =I8/(E8/D8) -> 470.71332 | I8: =J8*G8*$N$1*31*24*3600/1000/1000 -> 108.26783 | J8: 0.86171346 | K8: 12.292322 | L8: =M8/(E8/D8) -> 86.34304 | M8: =N8*K8*$N$1*31*24*3600/1000/1000 -> 19.85959 | N8: =J8 -> 0.86171346
B9: 5 | C9: 52.672954 | D9: 579.61529 | E9: 133.37671 | F9: =E9*1000*1000/31/24/3600/C9 -> 0.94540285 | G9: 46.409062 | H9: =I9/(E9/D9) -> 342.26889 | I9: =J9*G9*$N$1*31*24*3600/1000/1000 -> 78.760345 | J9: 0.90517248 | K9: 65.252427 | L9: =M9/(E9/D9) -> 481.23954 | M9: =N9*K9*$N$1*31*24*3600/1000/1000 -> 110.73923 | N9: =J9 -> 0.90517248
B10: 6 | C10: 83.623541 | D10: 946.54868 | E10: 217.67174 | F10: =E10*1000*1000/31/24/3600/C10 -> 0.97184734 | G10: 150.22809 | H10: =I10/(E10/D10) -> 1145.3864 | I10: =J10*G10*$N$1*31*24*3600/1000/1000 -> 263.39718 | J10: 0.93516123 | K10: 5.157133 | L10: =M10/(E10/D10) -> 39.319611 | M10: =N10*K10*$N$1*31*24*3600/1000/1000 -> 9.0420791 | N10: =J10 -> 0.93516123
B11: 7 | C11: 372.47933 | D11: 3068.2807 | E11: 707.21497 | F11: =E11*1000*1000/31/24/3600/C11 -> 0.70888181 | G11: 285.43953 | H11: =I11/(E11/D11) -> 1615.8409 | I11: =J11*G11*$N$1*31*24*3600/1000/1000 -> 372.43882 | J11: 0.69593289 | K11: 0 | L11: =M11/(E11/D11) -> 0 | M11: =N11*K11*$N$1*31*24*3600/1000/1000 -> 0 | N11: =J11 -> 0.69593289
B12: 8 | C12: 94.759658 | D12: 878.39226 | E12: 202.33148 | F12: =E12*1000*1000/31/24/3600/C12 -> 0.79719494 | G12: 162.43614 | H12: =I12/(E12/D12) -> 1004.5353 | I12: =J12*G12*$N$1*31*24*3600/1000/1000 -> 231.38763 | J12: 0.75977324 | K12: 0 | L12: =M12/(E12/D12) -> 0 | M12: =N12*K12*$N$1*31*24*3600/1000/1000 -> 0 | N12: =J12 -> 0.75977324
B13: 9 | C13: 289.47211 | D13: 2598.7951 | E13: 598.54563 | F13: =E13*1000*1000/31/24/3600/C13 -> 0.7719961 | G13: 357.8686 | H13: =I13/(E13/D13) -> 2313.5467 | I13: =J13*G13*$N$1*31*24*3600/1000/1000 -> 532.84818 | J13: 0.79415709 | K13: 0 | L13: =M13/(E13/D13) -> 0 | M13: =N13*K13*$N$1*31*24*3600/1000/1000 -> 0 | N13: =J13 -> 0.79415709
B14: 10 | C14: 151.97112 | D14: 1592.1372 | E14: 365.75945 | F14: =E14*1000*1000/31/24/3600/C14 -> 0.89858476 | G14: 39.023788 | H14: =I14/(E14/D14) -> 299.03156 | I14: =J14*G14*$N$1*31*24*3600/1000/1000 -> 68.696103 | J14: 0.93892132 | K14: 0 | L14: =M14/(E14/D14) -> 0 | M14: =N14*K14*$N$1*31*24*3600/1000/1000 -> 0 | N14: =J14 -> 0.93892132
B15: 11 | C15: 128.95198 | D15: 1439.0444 | E15: 331.01398 | F15: =E15*1000*1000/31/24/3600/C15 -> 0.95839134 | G15: 152.21255 | H15: =I15/(E15/D15) -> 1076.4375 | I15: =J15*G15*$N$1*31*24*3600/1000/1000 -> 247.60589 | J15: 0.86763498 | K15: 0 | L15: =M15/(E15/D15) -> 0 | M15: =N15*K15*$N$1*31*24*3600/1000/1000 -> 0 | N15: =J15 -> 0.86763498
B16: 12 | C16: 92.646562 | D16: 907.72578 | E16: 208.60115 | F16: =E16*1000*1000/31/24/3600/C16 -> 0.84064369 | G16: 344.33336 | H16: =I16/(E16/D16) -> 2619.4773 | I16: =J16*G16*$N$1*31*24*3600/1000/1000 -> 601.97254 | J16: 0.93244688 | K16: 243.74626 | L16: =M16/(E16/D16) -> 1854.2723 | M16: =N16*K16*$N$1*31*24*3600/1000/1000 -> 426.12355 | N16: =J16 -> 0.93244688
B17: 13 | C17: 8.3469744 | D17: 107.34165 | E17: 24.745046 | F17: =E17*1000*1000/31/24/3600/C17 -> 1.1068372 | G17: 60 | H17: =I17/(E17/D17) -> 467.59973 | I17: =J17*G17*$N$1*31*24*3600/1000/1000 -> 107.79392 | J17: 0.95822948 | K17: 1.231675 | L17: =M17/(E17/D17) -> 9.5988483 | M17: =N17*K17*$N$1*31*24*3600/1000/1000 -> 2.2127846 | N17: =J17 -> 0.95822948
B18: جمع کل | C18: =SUM(C5:C17) -> 1605.9158 | D18: =SUM(D5:D17) -> 15877.623 | E18: =SUM(E5:E17) -> 3654.6418 | F18: =SUMPRODUCT(F5:F17,C5:C17)/C18 -> 0.84966282 | G18: =SUM(G5:G17) -> 1936.1127 | H18: =SUM(H5:H17) -> 13381.113 | I18: =SUM(I5:I17) -> 3079.7134 | J18: =SUMPRODUCT(J5:J17,C5:C17)/C18 -> 0.83606576 | K18: =SUM(K5:K17) -> 352.1059 | L18: =SUM(L5:L17) -> 2667.3134 | M18: =SUM(M5:M17) -> 613.17723 | N18: =SUMPRODUCT(N5:N17,C5:C17)/C18 -> 0.83606576

Sheet نتایج
E2: برآورد آب موردنیاز آبیاری و خدمات شهری در مناطق شهری | L2: درصد فضای سبز | N2: 0.7
C3: منطقه | D3: سطح کاربری فضای سبز؛ هکتار | I3: توسعهء تکمیلی فضای سبز | J3: سهم فضاهای سبز متفرقه | K3: فضای سبز مبنای طراحی؛ هکتار | L3: نیاز آبیاری ماه اوج؛ لیتردرثانیه | S3: نیاز آبیاری؛ هزارمترمکعب | W3: ظرفیت واحد ماه اوج
D4: وضعِ موجود | E4: مساحت محاسبه نیاز آبیاری | F4: درحال توسعه‌ | G4: طرح تفصیلی | H4: پهنه‌های ‌توسعه‌نیافته | L4: وضع موجود | M4: درحال توسعه‌ | N4: طرح تفصیلی | O4: پهنه‌های ‌توسعه‌نیافته | P4: توسعه متفرقه و تکمیلی | Q4: خدمات غیرآبیاری | R4: مبنای طراحی | S4: ماه اوج | T4: سالانه | V4: سهم ماه اوج نسبت به سال | W4: لیتردرثانیه درهکتار | X4: مترمکعب در هکتار
C6: 1 | D6: 42.5879 | E6: =هیدرومدول!C5 -> 43.871777 | F6: =هیدرومدول!K5*$N$2 -> 0.807338 | G6: =هیدرومدول!G5*$N$2 -> 7.270508 | H6: 0 | I6: 0.1 | J6: 0.05 | K6: =SUM(E6:H6)*(1+I6)*(1+J6) -> 60.001814 | L6: =هیدرومدول!E5*1000/31/24/3600*1000 -> 50.899806 | M6: =F6*هیدرومدول!N5 -> 0.8114575 | N6: =G6*هیدرومدول!J5 -> 7.3076063 | O6: =H6*هیدرومدول!N5 -> 0 | P6: =SUM(L6:O6)*(J6+I6) -> 8.8528304 | Q6: 0.05 | R6: =SUM(L6:O6)*(1+J6)*(1+Q6)*(1+I6) -> 71.575134 | S6: =R6*3600*24*31/1000/1000 -> 191.70684 | T6: =S6/V6 -> 832.70148 | U6: =T6*1000/K6 -> 13877.938 | V6: =(هیدرومدول!E5/هیدرومدول!D5) -> 0.23022277 | W6: =R6/K6 -> 1.1928828 | X6: =S6*1000/K6 -> 3195.0174
C7: 2 | D7: 124.5886 | E7: =هیدرومدول!C6 -> 124.18176 | F7: =هیدرومدول!K6*$N$2 -> 16.290917 | G7: =هیدرومدول!G6*$N$2 -> 79.083683 | H7: 0 | I7: =I6 -> 0.1 | J7: =J6 -> 0.05 | K7: =SUM(E7:H7)*(1+I7)*(1+J7) -> 253.5876 | L7: =هیدرومدول!E6*1000/31/24/3600*1000 -> 121.60866 | M7: =F7*هیدرومدول!N6 -> 16.064288 | N7: =G7*هیدرومدول!J6 -> 77.983521 | O7: =H7*هیدرومدول!N6 -> 0 | P7: =SUM(L7:O7)*(J7+I7) -> 32.348471 | Q7: =Q6 -> 0.05 | R7: =SUM(L7:O7)*(1+J7)*(1+Q7)*(1+I7) -> 261.53739 | S7: =R7*3600*24*31/1000/1000 -> 700.50174 | T7: =S7/V7 -> 3046.1073 | U7: =T7*1000/K7 -> 12012.052 | V7: =(هیدرومدول!E6/هیدرومدول!D6) -> 0.22996621 | W7: =R7/K7 -> 1.0313493 | X7: =S7*1000/K7 -> 2762.3659
C8: 3 | D8: 103.5865 | E8: =هیدرومدول!C7 -> 102.8218 | F8: =هیدرومدول!K7*$N$2 -> 0 | G8: =هیدرومدول!G7*$N$2 -> 103.4494 | H8: 7.1359824 | I8: =I7 -> 0.1 | J8: =J7 -> 0.05 | K8: =SUM(E8:H8)*(1+I8)*(1+J8) -> 246.4853 | L8: =هیدرومدول!E7*1000/31/24/3600*1000 -> 95.55561 | M8: =F8*هیدرومدول!N7 -> 0 | N8: =G8*هیدرومدول!J7 -> 88.896815 | O8: =H8*هیدرومدول!N7 -> 6.1321391 | P8: =SUM(L8:O8)*(J8+I8) -> 28.587685 | Q8: =Q7 -> 0.05 | R8: =SUM(L8:O8)*(1+J8)*(1+Q8)*(1+I8) -> 231.13143 | S8: =R8*3600*24*31/1000/1000 -> 619.06243 | T8: =S8/V8 -> 2685.772 | U8: =T8*1000/K8 -> 10896.277 | V8: =(هیدرومدول!E7/هیدرومدول!D7) -> 0.23049701 | W8: =R8/K8 -> 0.93770879 | X8: =S8*1000/K8 -> 2511.5592
C9: 4 | D9: 51.905 | E9: =هیدرومدول!C8 -> 60.116224 | F9: =هیدرومدول!K8*$N$2 -> 8.6046254 | G9: =هیدرومدول!G8*$N$2 -> 46.909534 | H9: 0 | I9: =I8 -> 0.1 | J9: =J8 -> 0.05 | K9: =SUM(E9:H9)*(1+I9)*(1+J9) -> 133.55309 | L9: =هیدرومدول!E8*1000/31/24/3600*1000 -> 55.032425 | M9: =F9*هیدرومدول!N8 -> 7.4147216 | N9: =G9*هیدرومدول!J8 -> 40.422577 | O9: =H9*هیدرومدول!N8 -> 0 | P9: =SUM(L9:O9)*(J9+I9) -> 15.430458 | Q9: =Q8 -> 0.05 | R9: =SUM(L9:O9)*(1+J9)*(1+Q9)*(1+I9) -> 124.75526 | S9: =R9*3600*24*31/1000/1000 -> 334.14448 | T9: =S9/V9 -> 1452.7515 | U9: =T9*1000/K9 -> 10877.708 | V9: =(هیدرومدول!E8/هیدرومدول!D8) -> 0.230008 | W9: =R9/K9 -> 0.93412481 | X9: =S9*1000/K9 -> 2501.9599
C10: 5 | D10: 44.6798 | E10: =هیدرومدول!C9 -> 52.672954 | F10: =هیدرومدول!K9*$N$2 -> 45.676699 | G10: =هیدرومدول!G9*$N$2 -> 32.486343 | H10: 9.038227 | I10: =I9 -> 0.1 | J10: =J9 -> 0.05 | K10: =SUM(E10:H10)*(1+I10)*(1+J10) -> 161.55473 | L10: =هیدرومدول!E9*1000/31/24/3600*1000 -> 49.79716 | M10: =F10*هیدرومدول!N9 -> 41.345291 | N10: =G10*هیدرومدول!J9 -> 29.405744 | O10: =H10*هیدرومدول!N9 -> 8.1811544 | P10: =SUM(L10:O10)*(J10+I10) -> 19.309402 | Q10: =Q9 -> 0.05 | R10: =SUM(L10:O10)*(1+J10)*(1+Q10)*(1+I10) -> 156.11652 | S10: =R10*3600*24*31/1000/1000 -> 418.14248 | T10: =S10/V10 -> 1817.1221 | U10: =T10*1000/K10 -> 11247.719 | V10: =(هیدرومدول!E9/هیدرومدول!D9) -> 0.23011249 | W10: =R10/K10 -> 0.96633829 | X10: =S10*1000/K10 -> 2588.2405
C11: 6 | D11: 78.9624 | E11: =هیدرومدول!C10 -> 83.623541 | F11: =هیدرومدول!K10*$N$2 -> 3.6099931 | G11: =هیدرومدول!G10*$N$2 -> 105.15967 | H11: 0 | I11: =I10 -> 0.1 | J11: =J10 -> 0.05 | K11: =SUM(E11:H11)*(1+I11)*(1+J11) -> 222.21415 | L11: =هیدرومدول!E10*1000/31/24/3600*1000 -> 81.269316 | M11: =F11*هیدرومدول!N10 -> 3.3759256 | N11: =G11*هیدرومدول!J10 -> 98.341241 | O11: =H11*هیدرومدول!N10 -> 0 | P11: =SUM(L11:O11)*(J11+I11) -> 27.447972 | Q11: =Q10 -> 0.05 | R11: =SUM(L11:O11)*(1+J11)*(1+Q11)*(1+I11) -> 221.91686 | S11: =R11*3600*24*31/1000/1000 -> 594.38211 | T11: =S11/V11 -> 2584.6792 | U11: =T11*1000/K11 -> 11631.479 | V11: =(هیدرومدول!E10/هیدرومدول!D10) -> 0.22996359 | W11: =R11/K11 -> 0.99866216 | X11: =S11*1000/K11 -> 2674.8167
C12: 7 | D12: 478.2859 | E12: =هیدرومدول!C11 -> 372.47933 | F12: =هیدرومدول!K11*$N$2 -> 0 | G12: =هیدرومدول!G11*$N$2 -> 199.80767 | H12: 0 | I12: =I11 -> 0.1 | J12: =J11 -> 0.05 | K12: =SUM(E12:H12)*(1+I12)*(1+J12) -> 660.99148 | L12: =هیدرومدول!E11*1000/31/24/3600*1000 -> 264.04382 | M12: =F12*هیدرومدول!N11 -> 0 | N12: =G12*هیدرومدول!J11 -> 139.05273 | O12: =H12*هیدرومدول!N11 -> 0 | P12: =SUM(L12:O12)*(J12+I12) -> 60.464482 | Q12: =Q11 -> 0.05 | R12: =SUM(L12:O12)*(1+J12)*(1+Q12)*(1+I12) -> 488.85534 | S12: =R12*3600*24*31/1000/1000 -> 1309.3501 | T12: =S12/V12 -> 5680.6685 | U12: =T12*1000/K12 -> 8594.1629 | V12: =(هیدرومدول!E11/هیدرومدول!D11) -> 0.23049226 | W12: =R12/K12 -> 0.73957888 | X12: =S12*1000/K12 -> 1980.8881
C13: 8 | D13: 111.2728 | E13: =هیدرومدول!C12 -> 94.759658 | F13: =هیدرومدول!K12*$N$2 -> 0 | G13: =هیدرومدول!G12*$N$2 -> 113.7053 | H13: 0 | I13: =I12 -> 0.1 | J13: =J12 -> 0.05 | K13: =SUM(E13:H13)*(1+I13)*(1+J13) -> 240.77703 | L13: =هیدرومدول!E12*1000/31/24/3600*1000 -> 75.54192 | M13: =F13*هیدرومدول!N12 -> 0 | N13: =G13*هیدرومدول!J12 -> 86.390245 | O13: =H13*هیدرومدول!N12 -> 0 | P13: =SUM(L13:O13)*(J13+I13) -> 24.289825 | Q13: =Q12 -> 0.05 | R13: =SUM(L13:O13)*(1+J13)*(1+Q13)*(1+I13) -> 196.38323 | S13: =R13*3600*24*31/1000/1000 -> 525.99285 | T13: =S13/V13 -> 2283.5204 | U13: =T13*1000/K13 -> 9483.9628 | V13: =(هیدرومدول!E12/هیدرومدول!D12) -> 0.23034296 | W13: =R13/K13 -> 0.8156228 | X13: =S13*1000/K13 -> 2184.5641
C14: 9 | D14: 386.3511 | E14: =هیدرومدول!C13 -> 289.47211 | F14: =هیدرومدول!K13*$N$2 -> 0 | G14: =هیدرومدول!G13*$N$2 -> 250.50802 | H14: 0 | I14: =I13 -> 0.1 | J14: =J13 -> 0.05 | K14: =SUM(E14:H14)*(1+I14)*(1+J14) -> 623.67705 | L14: =هیدرومدول!E13*1000/31/24/3600*1000 -> 223.47134 | M14: =F14*هیدرومدول!N13 -> 0 | N14: =G14*هیدرومدول!J13 -> 198.94272 | O14: =H14*هیدرومدول!N13 -> 0 | P14: =SUM(L14:O14)*(J14+I14) -> 63.362109 | Q14: =Q13 -> 0.05 | R14: =SUM(L14:O14)*(1+J14)*(1+Q14)*(1+I14) -> 512.28265 | S14: =R14*3600*24*31/1000/1000 -> 1372.0979 | T14: =S14/V14 -> 5957.4426 | U14: =T14*1000/K14 -> 9552.1272 | V14: =(هیدرومدول!E13/هیدرومدول!D13) -> 0.23031659 | W14: =R14/K14 -> 0.82139089 | X14: =S14*1000/K14 -> 2200.0134
C15: 10 | D15: 154.0668 | E15: =هیدرومدول!C14 -> 151.97112 | F15: =هیدرومدول!K14*$N$2 -> 0 | G15: =هیدرومدول!G14*$N$2 -> 27.316652 | H15: 0 | I15: =I14 -> 0.1 | J15: =J14 -> 0.05 | K15: =SUM(E15:H15)*(1+I15)*(1+J15) -> 207.07738 | L15: =هیدرومدول!E14*1000/31/24/3600*1000 -> 136.55894 | M15: =F15*هیدرومدول!N14 -> 0 | N15: =G15*هیدرومدول!J14 -> 25.648187 | O15: =H15*هیدرومدول!N14 -> 0 | P15: =SUM(L15:O15)*(J15+I15) -> 24.331068 | Q15: =Q14 -> 0.05 | R15: =SUM(L15:O15)*(1+J15)*(1+Q15)*(1+I15) -> 196.71669 | S15: =R15*3600*24*31/1000/1000 -> 526.88597 | T15: =S15/V15 -> 2293.5149 | U15: =T15*1000/K15 -> 11075.642 | V15: =(هیدرومدول!E14/هیدرومدول!D14) -> 0.2297286 | W15: =R15/K15 -> 0.94996705 | X15: =S15*1000/K15 -> 2544.3917
C16: 11 | D16: 107.7125 | E16: =هیدرومدول!C15 -> 128.95198 | F16: =هیدرومدول!K15*$N$2 -> 0 | G16: =هیدرومدول!G15*$N$2 -> 106.54878 | H16: 0 | I16: =I15 -> 0.1 | J16: =J15 -> 0.05 | K16: =SUM(E16:H16)*(1+I16)*(1+J16) -> 272.00338 | L16: =هیدرومدول!E15*1000/31/24/3600*1000 -> 123.58646 | M16: =F16*هیدرومدول!N15 -> 0 | N16: =G16*هیدرومدول!J15 -> 92.44545 | O16: =H16*هیدرومدول!N15 -> 0 | P16: =SUM(L16:O16)*(J16+I16) -> 32.404787 | Q16: =Q15 -> 0.05 | R16: =SUM(L16:O16)*(1+J16)*(1+Q16)*(1+I16) -> 261.9927 | S16: =R16*3600*24*31/1000/1000 -> 701.72126 | T16: =S16/V16 -> 3050.6507 | U16: =T16*1000/K16 -> 11215.488 | V16: =(هیدرومدول!E15/هیدرومدول!D15) -> 0.23002347 | W16: =R16/K16 -> 0.96319649 | X16: =S16*1000/K16 -> 2579.8255
C17: 12 | D17: 90.4393 | E17: =هیدرومدول!C16 -> 92.646562 | F17: =هیدرومدول!K16*$N$2 -> 170.62238 | G17: =هیدرومدول!G16*$N$2 -> 241.03335 | H17: 13.520211 | I17: =I16 -> 0.1 | J17: =J16 -> 0.05 | K17: =SUM(E17:H17)*(1+I17)*(1+J17) -> 598.085 | L17: =هیدرومدول!E16*1000/31/24/3600*1000 -> 77.882748 | M17: =F17*هیدرومدول!N16 -> 159.09631 | N17: =G17*هیدرومدول!J16 -> 224.7508 | O17: =H17*هیدرومدول!N16 -> 12.606879 | P17: =SUM(L17:O17)*(J17+I17) -> 71.15051 | Q17: =Q16 -> 0.05 | R17: =SUM(L17:O17)*(1+J17)*(1+Q17)*(1+I17) -> 575.25188 | S17: =R17*3600*24*31/1000/1000 -> 1540.7546 | T17: =S17/V17 -> 6704.5779 | U17: =T17*1000/K17 -> 11210.075 | V17: =(هیدرومدول!E16/هیدرومدول!D16) -> 0.22980636 | W17: =R17/K17 -> 0.96182295 | X17: =S17*1000/K17 -> 2576.1466
C18: 13 | D18: 7.2237 | E18: =هیدرومدول!C17 -> 8.3469744 | F18: =هیدرومدول!K17*$N$2 -> 0.8621725 | G18: =هیدرومدول!G17*$N$2 -> 42 | H18: 0 | I18: =I17 -> 0.1 | J18: =J17 -> 0.05 | K18: =SUM(E18:H18)*(1+I18)*(1+J18) -> 59.146565 | L18: =هیدرومدول!E17*1000/31/24/3600*1000 -> 9.238742 | M18: =F18*هیدرومدول!N17 -> 0.82615911 | N18: =G18*هیدرومدول!J17 -> 40.245638 | O18: =H18*هیدرومدول!N17 -> 0 | P18: =SUM(L18:O18)*(J18+I18) -> 7.5465809 | Q18: =Q17 -> 0.05 | R18: =SUM(L18:O18)*(1+J18)*(1+Q18)*(1+I18) -> 61.014107 | S18: =R18*3600*24*31/1000/1000 -> 163.42018 | T18: =S18/V18 -> 708.90116 | U18: =T18*1000/K18 -> 11985.5 | V18: =(هیدرومدول!E17/هیدرومدول!D17) -> 0.23052605 | W18: =R18/K18 -> 1.0315748 | X18: =S18*1000/K18 -> 2762.97
C19: - | D19: =SUM(D6:D18) -> 1781.6623 | E19: =SUM(E6:E18) -> 1605.9158 | F19: =SUM(F6:F18) -> 246.47413 | G19: =SUM(G6:G18) -> 1355.2789 | H19: =SUM(H6:H18) -> 29.694421 | I19: =SUM($E19:$H19)*(I20) -> 323.73633 | J19: =SUM($E19:$I19)*(J20) -> 178.05498 | K19: =SUM(K6:K18) -> 3739.1546 | L19: =SUM(L6:L18) -> 1364.4869 | M19: =SUM(M6:M18) -> 228.93415 | N19: =SUM(N6:N18) -> 1149.8333 | O19: =SUM(O6:O18) -> 26.920172 | P19: =SUM(P6:P18) -> 415.52618 | Q19: =SUM($L19:$P19)*(Q20) -> 159.28504 | R19: =SUM(R6:R18) -> 3359.5292 | S19: =SUM(S6:S18) -> 8998.163 | T19: =SUM(T6:T18) -> 39098.41 | U19: =T19*1000/K19 -> 10456.484 | V19: =SUMPRODUCT(V6:V18,K6:K18)/K19 -> 0.23016296 | W19: =SUMPRODUCT(W6:W18,K6:K18)/K19 -> 0.89847294 | X19: =ROUND(SUMPRODUCT(X6:X18,K6:K18)/K19,-1) -> 2410
E20: حجم نیاز سالانه | G20: میلیون مترمکعب | I20: =SUMPRODUCT(I6:I18,$E6:$E18)/$E19 -> 0.1 | J20: =SUMPRODUCT(J6:J18,$E6:$E18)/$E19 -> 0.05 | L20: =L19/1000*3600*24*31/V19/1000/1000 -> 15.878497 | M20: میلیون مترمکعب در سال | Q20: =SUMPRODUCT(Q6:Q18,$E6:$E18)/$E19 -> 0.05 | R20: =R19/L19 -> 2.462119 | T20: =T19/1000 -> 39.09841 | U20: میلیون مترمکعب در سال | X20: =X19*K19/1000/1000 -> 9.0113625
B24: کمربند | C24: 14 | E24: 3468.566 | F24: 0 | G24: 7000 | H24: 0 | I24: =I23 -> 0 | J24: =J23 -> 0 | K24: =SUM(E24:H24)*(1+I24)*(1+J24) -> 10468.566 | L24: 342.71609 | M24: 0 | N24: 965.88209 | O24: 0 | P24: =SUM(L24:O24)*(J24+I24) -> 0 | Q24: =Q8 -> 0.05 | R24: =SUM(L24:O24)*(1+J24)*(1+Q24)*(1+I24) -> 1374.0281 | S24: =R24*3600*24*31/1000/1000 -> 3680.1968 | T24: =S24/V24 -> 16000.856 | U24: =T24*1000/K24 -> 1528.4668 | V24: 0.23 | W24: =R24/K24 -> 0.13125275 | X24: =S24*1000/K24 -> 351.54737
C25: 15 | E25: 181 | F25: 0 | G25: 0 | H25: 0 | I25: =I24 -> 0 | J25: =J24 -> 0 | K25: =SUM(E25:H25)*(1+I25)*(1+J25) -> 181 | L25: 17.883936 | M25: 0 | N25: 0 | O25: 0 | P25: =SUM(L25:O25)*(J25+I25) -> 0 | Q25: =Q24 -> 0.05 | R25: =SUM(L25:O25)*(1+J25)*(1+Q25)*(1+I25) -> 18.778133 | S25: =R25*3600*24*31/1000/1000 -> 50.295351 | T25: =S25/V25 -> 218.67544 | U25: =T25*1000/K25 -> 1208.1516 | V25: 0.23 | W25: =R25/K25 -> 0.10374659 | X25: =S25*1000/K25 -> 277.87487
C26: - | E26: =SUM(E24:E25) -> 3649.566 | F26: =SUM(F24:F25) -> 0 | G26: =SUM(G24:G25) -> 7000 | H26: =SUM(H24:H25) -> 0 | I26: =SUM($E26:$H26)*(I27) -> 0 | J26: =SUM($E26:$I26)*(J27) -> 0 | K26: =SUM(K24:K25) -> 10649.566 | L26: =SUM(L24:L25) -> 360.60003 | M26: =SUM(M24:M25) -> 0 | N26: =SUM(N24:N25) -> 965.88209 | O26: =SUM(O24:O25) -> 0 | P26: =SUM(P24:P25) -> 0 | Q26: =SUM($L26:$P26)*(Q27) -> 66.324106 | R26: =SUM(R24:R25) -> 1392.8062 | S26: =SUM(S24:S25) -> 3730.4922 | T26: =SUM(T24:T25) -> 16219.531 | U26: =T26*1000/K26 -> 1523.0227 | V26: =SUMPRODUCT(V24:V25,K24:K25)/K26 -> 0.23 | W26: =SUMPRODUCT(W24:W25,K24:K25)/K26 -> 0.13078526 | X26: =ROUND(SUMPRODUCT(X24:X25,K24:K25)/K26,-1) -> 350
E27: حجم نیاز سالانه | G27: میلیون مترمکعب | I27: =SUMPRODUCT(I24:I25,$E24:$E25)/$E26 -> 0 | J27: =SUMPRODUCT(J24:J25,$E24:$E25)/$E26 -> 0 | L27: =L26/1000*3600*24*31/V26/1000/1000 -> 4.1992657 | M27: میلیون مترمکعب در سال | Q27: =SUMPRODUCT(Q24:Q25,$E24:$E25)/$E26 -> 0.05 | R27: =R26/L26 -> 3.8624684 | T27: =T26/1000 -> 16.219531 | U27: میلیون مترمکعب در سال | X27: =X26*K26/1000/1000 -> 3.7273481
L29: =L20+L27 -> 20.077762 | M29: میلیون مترمکعب در سال | T29: =T20+T27 -> 55.317941 | U29: میلیون مترمکعب در سال

Sheet نتایج - بدون ضرایب مساحت
E2: برآورد آب موردنیاز آبیاری و خدمات شهری در مناطق شهری | L2: درصد فضای سبز | N2: 0.7
C3: منطقه | D3: سطح کاربری فضای سبز؛ هکتار | I3: توسعهء تکمیلی فضای سبز | J3: سهم فضاهای سبز متفرقه | K3: فضای سبز مبنای طراحی؛ هکتار | L3: نیاز آبیاری ماه اوج؛ لیتردرثانیه | S3: نیاز آبیاری؛ هزارمترمکعب | W3: ظرفیت واحد ماه اوج
D4: وضعِ موجود | E4: مساحت محاسبه نیاز آبیاری | F4: درحال توسعه‌ | G4: طرح تفصیلی | H4: پهنه‌های ‌توسعه‌نیافته | L4: وضع موجود | M4: درحال توسعه‌ | N4: طرح تفصیلی | O4: پهنه‌های ‌توسعه‌نیافته | P4: توسعه متفرقه و تکمیلی | Q4: خدمات غیرآبیاری | R4: مبنای طراحی | S4: ماه اوج | T4: سالانه | V4: سهم ماه اوج نسبت به سال | W4: لیتردرثانیه درهکتار | X4: مترمکعب در هکتار
C6: 1 | D6: 42.5879 | E6: =هیدرومدول!C5 -> 43.871777 | F6: =هیدرومدول!K5*$N$2 -> 0.807338 | G6: =هیدرومدول!G5*$N$2 -> 7.270508 | H6: 0 | I6: 0.1 | J6: 0.05 | K6: =SUM(E6:H6)*(1+I6)*(1+J6) -> 60.001814 | L6: =هیدرومدول!E5*1000/31/24/3600*1000 -> 50.899806 | M6: =F6*هیدرومدول!N5 -> 0.8114575 | N6: =G6*هیدرومدول!J5 -> 7.3076063 | O6: =H6*هیدرومدول!N5 -> 0 | P6: =SUM(L6:O6)*(J6+I6) -> 8.8528304 | Q6: 0.05 | R6: =SUM(L6:O6)*(1+J6)*(1+Q6)*(1+I6) -> 71.575134 | S6: =R6*3600*24*31/1000/1000 -> 191.70684 | T6: =S6/V6 -> 832.70148 | U6: =T6*1000/K6 -> 13877.938 | V6: =(هیدرومدول!E5/هیدرومدول!D5) -> 0.23022277 | W6: =R6/K6 -> 1.1928828 | X6: =S6*1000/K6 -> 3195.0174
C7: 2 | D7: 124.5886 | E7: =هیدرومدول!C6 -> 124.18176 | F7: =هیدرومدول!K6*$N$2 -> 16.290917 | G7: =هیدرومدول!G6*$N$2 -> 79.083683 | H7: 0 | I7: =I6 -> 0.1 | J7: =J6 -> 0.05 | K7: =SUM(E7:H7)*(1+I7)*(1+J7) -> 253.5876 | L7: =هیدرومدول!E6*1000/31/24/3600*1000 -> 121.60866 | M7: =F7*هیدرومدول!N6 -> 16.064288 | N7: =G7*هیدرومدول!J6 -> 77.983521 | O7: =H7*هیدرومدول!N6 -> 0 | P7: =SUM(L7:O7)*(J7+I7) -> 32.348471 | Q7: =Q6 -> 0.05 | R7: =SUM(L7:O7)*(1+J7)*(1+Q7)*(1+I7) -> 261.53739 | S7: =R7*3600*24*31/1000/1000 -> 700.50174 | T7: =S7/V7 -> 3046.1073 | U7: =T7*1000/K7 -> 12012.052 | V7: =(هیدرومدول!E6/هیدرومدول!D6) -> 0.22996621 | W7: =R7/K7 -> 1.0313493 | X7: =S7*1000/K7 -> 2762.3659
C8: 3 | D8: 103.5865 | E8: =هیدرومدول!C7 -> 102.8218 | F8: =هیدرومدول!K7*$N$2 -> 0 | G8: =هیدرومدول!G7*$N$2 -> 103.4494 | H8: 7.1359824 | I8: 0 | J8: 0 | K8: =SUM(E8:H8)*(1+I8)*(1+J8) -> 213.40719 | L8: =هیدرومدول!E7*1000/31/24/3600*1000 -> 95.55561 | M8: =F8*هیدرومدول!N7 -> 0 | N8: =G8*هیدرومدول!J7 -> 88.896815 | O8: =H8*هیدرومدول!N7 -> 6.1321391 | P8: =SUM(L8:O8)*(J8+I8) -> 0 | Q8: =Q7 -> 0.05 | R8: =SUM(L8:O8)*(1+J8)*(1+Q8)*(1+I8) -> 200.11379 | S8: =R8*3600*24*31/1000/1000 -> 535.98478 | T8: =S8/V8 -> 2325.3437 | U8: =T8*1000/K8 -> 10896.277 | V8: =(هیدرومدول!E7/هیدرومدول!D7) -> 0.23049701 | W8: =R8/K8 -> 0.93770879 | X8: =S8*1000/K8 -> 2511.5592
C9: 4 | D9: 51.905 | E9: =هیدرومدول!C8 -> 60.116224 | F9: =هیدرومدول!K8*$N$2 -> 8.6046254 | G9: =هیدرومدول!G8*$N$2 -> 46.909534 | H9: 0 | I9: =I8 -> 0 | J9: =J8 -> 0 | K9: =SUM(E9:H9)*(1+I9)*(1+J9) -> 115.63038 | L9: =هیدرومدول!E8*1000/31/24/3600*1000 -> 55.032425 | M9: =F9*هیدرومدول!N8 -> 7.4147216 | N9: =G9*هیدرومدول!J8 -> 40.422577 | O9: =H9*هیدرومدول!N8 -> 0 | P9: =SUM(L9:O9)*(J9+I9) -> 0 | Q9: =Q8 -> 0.05 | R9: =SUM(L9:O9)*(1+J9)*(1+Q9)*(1+I9) -> 108.01321 | S9: =R9*3600*24*31/1000/1000 -> 289.30258 | T9: =S9/V9 -> 1257.7935 | U9: =T9*1000/K9 -> 10877.708 | V9: =(هیدرومدول!E8/هیدرومدول!D8) -> 0.230008 | W9: =R9/K9 -> 0.93412481 | X9: =S9*1000/K9 -> 2501.9599
C10: 5 | D10: 44.6798 | E10: =هیدرومدول!C9 -> 52.672954 | F10: =هیدرومدول!K9*$N$2 -> 45.676699 | G10: =هیدرومدول!G9*$N$2 -> 32.486343 | H10: 9.038227 | I10: =I9 -> 0 | J10: =J9 -> 0 | K10: =SUM(E10:H10)*(1+I10)*(1+J10) -> 139.87422 | L10: =هیدرومدول!E9*1000/31/24/3600*1000 -> 49.79716 | M10: =F10*هیدرومدول!N9 -> 41.345291 | N10: =G10*هیدرومدول!J9 -> 29.405744 | O10: =H10*هیدرومدول!N9 -> 8.1811544 | P10: =SUM(L10:O10)*(J10+I10) -> 0 | Q10: =Q9 -> 0.05 | R10: =SUM(L10:O10)*(1+J10)*(1+Q10)*(1+I10) -> 135.16582 | S10: =R10*3600*24*31/1000/1000 -> 362.02812 | T10: =S10/V10 -> 1573.2659 | U10: =T10*1000/K10 -> 11247.719 | V10: =(هیدرومدول!E9/هیدرومدول!D9) -> 0.23011249 | W10: =R10/K10 -> 0.96633829 | X10: =S10*1000/K10 -> 2588.2405
C11: 6 | D11: 78.9624 | E11: =هیدرومدول!C10 -> 83.623541 | F11: =هیدرومدول!K10*$N$2 -> 3.6099931 | G11: =هیدرومدول!G10*$N$2 -> 105.15967 | H11: 0 | I11: =I10 -> 0 | J11: =J10 -> 0 | K11: =SUM(E11:H11)*(1+I11)*(1+J11) -> 192.3932 | L11: =هیدرومدول!E10*1000/31/24/3600*1000 -> 81.269316 | M11: =F11*هیدرومدول!N10 -> 3.3759256 | N11: =G11*هیدرومدول!J10 -> 98.341241 | O11: =H11*هیدرومدول!N10 -> 0 | P11: =SUM(L11:O11)*(J11+I11) -> 0 | Q11: =Q10 -> 0.05 | R11: =SUM(L11:O11)*(1+J11)*(1+Q11)*(1+I11) -> 192.13581 | S11: =R11*3600*24*31/1000/1000 -> 514.61655 | T11: =S11/V11 -> 2237.8175 | U11: =T11*1000/K11 -> 11631.479 | V11: =(هیدرومدول!E10/هیدرومدول!D10) -> 0.22996359 | W11: =R11/K11 -> 0.99866216 | X11: =S11*1000/K11 -> 2674.8167
C12: 7 | D12: 478.2859 | E12: =هیدرومدول!C11 -> 372.47933 | F12: =هیدرومدول!K11*$N$2 -> 0 | G12: =هیدرومدول!G11*$N$2 -> 199.80767 | H12: 0 | I12: =I11 -> 0 | J12: =J11 -> 0 | K12: =SUM(E12:H12)*(1+I12)*(1+J12) -> 572.287 | L12: =هیدرومدول!E11*1000/31/24/3600*1000 -> 264.04382 | M12: =F12*هیدرومدول!N11 -> 0 | N12: =G12*هیدرومدول!J11 -> 139.05273 | O12: =H12*هیدرومدول!N11 -> 0 | P12: =SUM(L12:O12)*(J12+I12) -> 0 | Q12: =Q11 -> 0.05 | R12: =SUM(L12:O12)*(1+J12)*(1+Q12)*(1+I12) -> 423.25137 | S12: =R12*3600*24*31/1000/1000 -> 1133.6365 | T12: =S12/V12 -> 4918.3277 | U12: =T12*1000/K12 -> 8594.1629 | V12: =(هیدرومدول!E11/هیدرومدول!D11) -> 0.23049226 | W12: =R12/K12 -> 0.73957888 | X12: =S12*1000/K12 -> 1980.8881
C13: 8 | D13: 111.2728 | E13: =هیدرومدول!C12 -> 94.759658 | F13: =هیدرومدول!K12*$N$2 -> 0 | G13: =هیدرومدول!G12*$N$2 -> 113.7053 | H13: 0 | I13: =I12 -> 0 | J13: =J12 -> 0 | K13: =SUM(E13:H13)*(1+I13)*(1+J13) -> 208.46496 | L13: =هیدرومدول!E12*1000/31/24/3600*1000 -> 75.54192 | M13: =F13*هیدرومدول!N12 -> 0 | N13: =G13*هیدرومدول!J12 -> 86.390245 | O13: =H13*هیدرومدول!N12 -> 0 | P13: =SUM(L13:O13)*(J13+I13) -> 0 | Q13: =Q12 -> 0.05 | R13: =SUM(L13:O13)*(1+J13)*(1+Q13)*(1+I13) -> 170.02877 | S13: =R13*3600*24*31/1000/1000 -> 455.40507 | T13: =S13/V13 -> 1977.0739 | U13: =T13*1000/K13 -> 9483.9628 | V13: =(هیدرومدول!E12/هیدرومدول!D12) -> 0.23034296 | W13: =R13/K13 -> 0.8156228 | X13: =S13*1000/K13 -> 2184.5641
C14: 9 | D14: 386.3511 | E14: =هیدرومدول!C13 -> 289.47211 | F14: =هیدرومدول!K13*$N$2 -> 0 | G14: =هیدرومدول!G13*$N$2 -> 250.50802 | H14: 0 | I14: =I13 -> 0 | J14: =J13 -> 0 | K14: =SUM(E14:H14)*(1+I14)*(1+J14) -> 539.98013 | L14: =هیدرومدول!E13*1000/31/24/3600*1000 -> 223.47134 | M14: =F14*هیدرومدول!N13 -> 0 | N14: =G14*هیدرومدول!J13 -> 198.94272 | O14: =H14*هیدرومدول!N13 -> 0 | P14: =SUM(L14:O14)*(J14+I14) -> 0 | Q14: =Q13 -> 0.05 | R14: =SUM(L14:O14)*(1+J14)*(1+Q14)*(1+I14) -> 443.53476 | S14: =R14*3600*24*31/1000/1000 -> 1187.9635 | T14: =S14/V14 -> 5157.9589 | U14: =T14*1000/K14 -> 9552.1272 | V14: =(هیدرومدول!E13/هیدرومدول!D13) -> 0.23031659 | W14: =R14/K14 -> 0.82139089 | X14: =S14*1000/K14 -> 2200.0134
C15: 10 | D15: 154.0668 | E15: =هیدرومدول!C14 -> 151.97112 | F15: =هیدرومدول!K14*$N$2 -> 0 | G15: =هیدرومدول!G14*$N$2 -> 27.316652 | H15: 0 | I15: =I14 -> 0 | J15: =J14 -> 0 | K15: =SUM(E15:H15)*(1+I15)*(1+J15) -> 179.28777 | L15: =هیدرومدول!E14*1000/31/24/3600*1000 -> 136.55894 | M15: =F15*هیدرومدول!N14 -> 0 | N15: =G15*هیدرومدول!J14 -> 25.648187 | O15: =H15*هیدرومدول!N14 -> 0 | P15: =SUM(L15:O15)*(J15+I15) -> 0 | Q15: =Q14 -> 0.05 | R15: =SUM(L15:O15)*(1+J15)*(1+Q15)*(1+I15) -> 170.31748 | S15: =R15*3600*24*31/1000/1000 -> 456.17833 | T15: =S15/V15 -> 1985.7272 | U15: =T15*1000/K15 -> 11075.642 | V15: =(هیدرومدول!E14/هیدرومدول!D14) -> 0.2297286 | W15: =R15/K15 -> 0.94996705 | X15: =S15*1000/K15 -> 2544.3917
C16: 11 | D16: 107.7125 | E16: =هیدرومدول!C15 -> 128.95198 | F16: =هیدرومدول!K15*$N$2 -> 0 | G16: =هیدرومدول!G15*$N$2 -> 106.54878 | H16: 0 | I16: =I15 -> 0 | J16: =J15 -> 0 | K16: =SUM(E16:H16)*(1+I16)*(1+J16) -> 235.50077 | L16: =هیدرومدول!E15*1000/31/24/3600*1000 -> 123.58646 | M16: =F16*هیدرومدول!N15 -> 0 | N16: =G16*هیدرومدول!J15 -> 92.44545 | O16: =H16*هیدرومدول!N15 -> 0 | P16: =SUM(L16:O16)*(J16+I16) -> 0 | Q16: =Q15 -> 0.05 | R16: =SUM(L16:O16)*(1+J16)*(1+Q16)*(1+I16) -> 226.83351 | S16: =R16*3600*24*31/1000/1000 -> 607.55087 | T16: =S16/V16 -> 2641.256 | U16: =T16*1000/K16 -> 11215.488 | V16: =(هیدرومدول!E15/هیدرومدول!D15) -> 0.23002347 | W16: =R16/K16 -> 0.96319649 | X16: =S16*1000/K16 -> 2579.8255
C17: 12 | D17: 90.4393 | E17: =هیدرومدول!C16 -> 92.646562 | F17: =هیدرومدول!K16*$N$2 -> 170.62238 | G17: =هیدرومدول!G16*$N$2 -> 241.03335 | H17: 13.520211 | I17: =I16 -> 0 | J17: =J16 -> 0 | K17: =SUM(E17:H17)*(1+I17)*(1+J17) -> 517.82251 | L17: =هیدرومدول!E16*1000/31/24/3600*1000 -> 77.882748 | M17: =F17*هیدرومدول!N16 -> 159.09631 | N17: =G17*هیدرومدول!J16 -> 224.7508 | O17: =H17*هیدرومدول!N16 -> 12.606879 | P17: =SUM(L17:O17)*(J17+I17) -> 0 | Q17: =Q16 -> 0.05 | R17: =SUM(L17:O17)*(1+J17)*(1+Q17)*(1+I17) -> 498.05357 | S17: =R17*3600*24*31/1000/1000 -> 1333.9867 | T17: =S17/V17 -> 5804.8294 | U17: =T17*1000/K17 -> 11210.075 | V17: =(هیدرومدول!E16/هیدرومدول!D16) -> 0.22980636 | W17: =R17/K17 -> 0.96182295 | X17: =S17*1000/K17 -> 2576.1466
C18: 13 | D18: 7.2237 | E18: =هیدرومدول!C17 -> 8.3469744 | F18: =هیدرومدول!K17*$N$2 -> 0.8621725 | G18: =هیدرومدول!G17*$N$2 -> 42 | H18: 0 | I18: =I17 -> 0 | J18: =J17 -> 0 | K18: =SUM(E18:H18)*(1+I18)*(1+J18) -> 51.209147 | L18: =هیدرومدول!E17*1000/31/24/3600*1000 -> 9.238742 | M18: =F18*هیدرومدول!N17 -> 0.82615911 | N18: =G18*هیدرومدول!J17 -> 40.245638 | O18: =H18*هیدرومدول!N17 -> 0 | P18: =SUM(L18:O18)*(J18+I18) -> 0 | Q18: =Q17 -> 0.05 | R18: =SUM(L18:O18)*(1+J18)*(1+Q18)*(1+I18) -> 52.826066 | S18: =R18*3600*24*31/1000/1000 -> 141.48934 | T18: =S18/V18 -> 613.76724 | U18: =T18*1000/K18 -> 11985.5 | V18: =(هیدرومدول!E17/هیدرومدول!D17) -> 0.23052605 | W18: =R18/K18 -> 1.0315748 | X18: =S18*1000/K18 -> 2762.97
C19: - | D19: =SUM(D6:D18) -> 1781.6623 | E19: =SUM(E6:E18) -> 1605.9158 | F19: =SUM(F6:F18) -> 246.47413 | G19: =SUM(G6:G18) -> 1355.2789 | H19: =SUM(H6:H18) -> 29.694421 | I19: =SUM($E19:$H19)*(I20) -> 33.877888 | J19: =SUM($E19:$I19)*(J20) -> 17.116204 | K19: =SUM(K6:K18) -> 3279.4467 | L19: =SUM(L6:L18) -> 1364.4869 | M19: =SUM(M6:M18) -> 228.93415 | N19: =SUM(N6:N18) -> 1149.8333 | O19: =SUM(O6:O18) -> 26.920172 | P19: =SUM(P6:P18) -> 41.201301 | Q19: =SUM($L19:$P19)*(Q20) -> 140.56879 | R19: =SUM(R6:R18) -> 2953.3867 | S19: =SUM(S6:S18) -> 7910.3509 | T19: =SUM(T6:T18) -> 34371.97 | U19: =T19*1000/K19 -> 10481.027 | V19: =SUMPRODUCT(V6:V18,K6:K18)/K19 -> 0.23016107 | W19: =SUMPRODUCT(W6:W18,K6:K18)/K19 -> 0.90057469 | X19: =ROUND(SUMPRODUCT(X6:X18,K6:K18)/K19,-1) -> 2410
E20: حجم نیاز سالانه | G20: میلیون مترمکعب | I20: =SUMPRODUCT(I6:I18,$E6:$E18)/$E19 -> 0.010464654 | J20: =SUMPRODUCT(J6:J18,$E6:$E18)/$E19 -> 0.0052323272 | L20: =L19/1000*3600*24*31/V19/1000/1000 -> 15.878627 | M20: میلیون مترمکعب در سال | Q20: =SUMPRODUCT(Q6:Q18,$E6:$E18)/$E19 -> 0.05 | R20: =R19/L19 -> 2.1644668 | T20: =T19/1000 -> 34.37197 | U20: میلیون مترمکعب در سال | X20: =X19*K19/1000/1000 -> 7.9034665
B24: کمربند | C24: 14 | E24: 3468.566 | F24: 0 | G24: 7000 | H24: 0 | I24: =I23 -> 0 | J24: =J23 -> 0 | K24: =SUM(E24:H24)*(1+I24)*(1+J24) -> 10468.566 | L24: 342.71609 | M24: 0 | N24: 965.88209 | O24: 0 | P24: =SUM(L24:O24)*(J24+I24) -> 0 | Q24: =Q8 -> 0.05 | R24: =SUM(L24:O24)*(1+J24)*(1+Q24)*(1+I24) -> 1374.0281 | S24: =R24*3600*24*31/1000/1000 -> 3680.1968 | T24: =S24/V24 -> 16000.856 | U24: =T24*1000/K24 -> 1528.4668 | V24: 0.23 | W24: =R24/K24 -> 0.13125275 | X24: =S24*1000/K24 -> 351.54737
C25: 15 | E25: 181 | F25: 0 | G25: 0 | H25: 0 | I25: =I24 -> 0 | J25: =J24 -> 0 | K25: =SUM(E25:H25)*(1+I25)*(1+J25) -> 181 | L25: 17.883936 | M25: 0 | N25: 0 | O25: 0 | P25: =SUM(L25:O25)*(J25+I25) -> 0 | Q25: =Q24 -> 0.05 | R25: =SUM(L25:O25)*(1+J25)*(1+Q25)*(1+I25) -> 18.778133 | S25: =R25*3600*24*31/1000/1000 -> 50.295351 | T25: =S25/V25 -> 218.67544 | U25: =T25*1000/K25 -> 1208.1516 | V25: 0.23 | W25: =R25/K25 -> 0.10374659 | X25: =S25*1000/K25 -> 277.87487
C26: - | E26: =SUM(E24:E25) -> 3649.566 | F26: =SUM(F24:F25) -> 0 | G26: =SUM(G24:G25) -> 7000 | H26: =SUM(H24:H25) -> 0 | I26: =SUM($E26:$H26)*(I27) -> 0 | J26: =SUM($E26:$I26)*(J27) -> 0 | K26: =SUM(K24:K25) -> 10649.566 | L26: =SUM(L24:L25) -> 360.60003 | M26: =SUM(M24:M25) -> 0 | N26: =SUM(N24:N25) -> 965.88209 | O26: =SUM(O24:O25) -> 0 | P26: =SUM(P24:P25) -> 0 | Q26: =SUM($L26:$P26)*(Q27) -> 66.324106 | R26: =SUM(R24:R25) -> 1392.8062 | S26: =SUM(S24:S25) -> 3730.4922 | T26: =SUM(T24:T25) -> 16219.531 | U26: =T26*1000/K26 -> 1523.0227 | V26: =SUMPRODUCT(V24:V25,K24:K25)/K26 -> 0.23 | W26: =SUMPRODUCT(W24:W25,K24:K25)/K26 -> 0.13078526 | X26: =ROUND(SUMPRODUCT(X24:X25,K24:K25)/K26,-1) -> 350
E27: حجم نیاز سالانه | G27: میلیون مترمکعب | I27: =SUMPRODUCT(I24:I25,$E24:$E25)/$E26 -> 0 | J27: =SUMPRODUCT(J24:J25,$E24:$E25)/$E26 -> 0 | L27: =L26/1000*3600*24*31/V26/1000/1000 -> 4.1992657 | M27: میلیون مترمکعب در سال | Q27: =SUMPRODUCT(Q24:Q25,$E24:$E25)/$E26 -> 0.05 | R27: =R26/L26 -> 3.8624684 | T27: =T26/1000 -> 16.219531 | U27: میلیون مترمکعب در سال | X27: =X26*K26/1000/1000 -> 3.7273481
L29: =L20+L27 -> 20.077893 | M29: میلیون مترمکعب در سال | T29: =T20+T27 -> 50.591501 | U29: میلیون مترمکعب در سال
