Workbook

Sheet مساحت غیرسبز
A1: منطقه | B1: مساحت لکه (هکتار) | N1: مساحت معابر (هکتار) | Z1: نسبت معابر به مساحت لکه (%)
B2: آیلند ها | C2: آیلند های بزرگراه | D2: جنگل کاری داخل محدوده | E2: حاشیه معابر | F2: حاشیه های بزرگراه | G2: لچکی ها | H2: میادین | I2: پارک های بالای 10 هکتار | J2: پارک های بین 6 تا 10 هکتار | K2: پارک های زیر 6 هکتار | L2: کمربند سبز حفاظتی | M2: مجموع | N2: آیلند ها | O2: آیلند های بزرگراه | P2: جنگل کاری داخل محدوده | Q2: حاشیه معابر | R2: حاشیه های بزرگراه | S2: لچکی ها | T2: میادین | U2: پارک های بالای 10 هکتار | V2: پارک های بین 6 تا 10 هکتار | W2: پارک های زیر 6 هکتار | X2: کمربند سبز حفاظتی | Y2: مجموع | Z2: آیلند ها | AA2: آیلند های بزرگراه | AB2: جنگل کاری داخل محدوده | AC2: حاشیه معابر | AD2: حاشیه های بزرگراه | AE2: لچکی ها | AF2: میادین | AG2: پارک های بالای 10 هکتار | AH2: پارک های بین 6 تا 10 هکتار | AI2: پارک های زیر 6 هکتار | AJ2: کمربند سبز حفاظتی | AK2: میانگین
A3: 1 | B3: 8.3924 | C3: 0 | D3: 0 | E3: 13.7701 | F3: 0 | G3: 2.0179 | H3: 0.8687 | I3: 11.3887 | J3: 0 | K3: 12.7023 | L3: 0 | M3: =SUM(B3:L3) -> 49.1401 | N3: 0.1591 | O3: 0 | P3: 0 | Q3: 0.0144 | R3: 0 | S3: 0.5012 | T3: 0.2107 | U3: 0.5692 | V3: 0 | W3: 5.0516 | X3: 0 | Y3: =SUM(N3:X3) -> 6.5062 | Z3: =IFERROR(N3/B3,0) -> 0.018957628 | AA3: =IFERROR(O3/C3,0) -> 0 | AB3: =IFERROR(P3/D3,0) -> 0 | AC3: =IFERROR(Q3/E3,0) -> 0.001045744 | AD3: =IFERROR(R3/F3,0) -> 0 | AE3: =IFERROR(S3/G3,0) -> 0.24837703 | AF3: =IFERROR(T3/H3,0) -> 0.24254633 | AG3: =IFERROR(U3/I3,0) -> 0.049979366 | ... AJ3: =IFERROR(X3/L3,0) -> 0 | AK3: =SUMPRODUCT(Z3:AJ3,B3:L3)/M3 -> 0.13240103
A4: 2 | B4: 19.8093 | C4: 7.493 | D4: 16.9327 | E4: 10.214 | F4: 13.6428 | G4: 8.8999 | H4: 8.543 | I4: 27.014 | J4: 1.0294 | K4: 52.8537 | L4: 0 | M4: =SUM(B4:L4) -> 166.4318 | N4: 1.6268 | O4: 0.65 | P4: 0 | Q4: 0.0458 | R4: 3.0219 | S4: 1.8219 | T4: 0.9334 | U4: 11.4228 | V4: 0.3484 | W4: 20.5215 | X4: 0 | Y4: =SUM(N4:X4) -> 40.3925 | Z4: =IFERROR(N4/B4,0) -> 0.082123043 | AA4: =IFERROR(O4/C4,0) -> 0.086747631 | AB4: =IFERROR(P4/D4,0) -> 0 | AC4: =IFERROR(Q4/E4,0) -> 0.0044840415 | AD4: =IFERROR(R4/F4,0) -> 0.22150145 | AE4: =IFERROR(S4/G4,0) -> 0.20471017 | AF4: =IFERROR(T4/H4,0) -> 0.10925904 | AG4: =IFERROR(U4/I4,0) -> 0.42284741 | ... AJ4: =IFERROR(X4/L4,0) -> 0 | AK4: =SUMPRODUCT(Z4:AJ4,B4:L4)/M4 -> 0.24269701
A5: 3 | B5: 8.0592 | C5: 5.8331 | D5: 1.5659 | E5: 4.7234 | F5: 4.2147 | G5: 0.736 | H5: 5.4577 | I5: 60.664924 | J5: 0 | K5: 55.1629 | L5: 0 | M5: =SUM(B5:L5) -> 146.41782 | N5: 0.52 | O5: 0 | P5: 0.1945 | Q5: 0.0075 | R5: 0.4422 | S5: 0.188 | T5: 1.558 | U5: 15.590424 | V5: 0 | W5: 22.6514 | X5: 0 | Y5: =SUM(N5:X5) -> 41.152024 | Z5: =IFERROR(N5/B5,0) -> 0.064522533 | AA5: =IFERROR(O5/C5,0) -> 0 | AB5: =IFERROR(P5/D5,0) -> 0.12420972 | AC5: =IFERROR(Q5/E5,0) -> 0.0015878393 | AD5: =IFERROR(R5/F5,0) -> 0.1049185 | AE5: =IFERROR(S5/G5,0) -> 0.25543478 | AF5: =IFERROR(T5/H5,0) -> 0.28546824 | AG5: =IFERROR(U5/I5,0) -> 0.25699239 | ... AJ5: =IFERROR(X5/L5,0) -> 0 | AK5: =SUMPRODUCT(Z5:AJ5,B5:L5)/M5 -> 0.28105884
A6: 4 | B6: 3.3967 | C6: 2.2698 | D6: 0 | E6: 4.3614 | F6: 2.5705 | G6: 0.2551 | H6: 3.5994 | I6: 43.9221 | J6: 0 | K6: 12.7419 | L6: 0 | M6: =SUM(B6:L6) -> 73.1169 | N6: 0.4289 | O6: 0 | P6: 0 | Q6: 0 | R6: 0 | S6: 0.002 | T6: 0.0576 | U6: 15.5961 | V6: 0 | W6: 5.0419 | X6: 0 | Y6: =SUM(N6:X6) -> 21.1265 | Z6: =IFERROR(N6/B6,0) -> 0.12626961 | AA6: =IFERROR(O6/C6,0) -> 0 | AB6: =IFERROR(P6/D6,0) -> 0 | AC6: =IFERROR(Q6/E6,0) -> 0 | AD6: =IFERROR(R6/F6,0) -> 0 | AE6: =IFERROR(S6/G6,0) -> 0.0078400627 | AF6: =IFERROR(T6/H6,0) -> 0.016002667 | AG6: =IFERROR(U6/I6,0) -> 0.35508548 | ... AJ6: =IFERROR(X6/L6,0) -> 0 | AK6: =SUMPRODUCT(Z6:AJ6,B6:L6)/M6 -> 0.28894141
A7: 5 | B7: 5.4647 | C7: 6.4672 | D7: 0 | E7: 4.3986 | F7: 1.0609 | G7: 1.3218 | H7: 0.4118 | I7: 16.0152 | J7: 0 | K7: 32.38745 | L7: 0 | M7: =SUM(B7:L7) -> 67.52765 | N7: 0.151 | O7: 0 | P7: 0 | Q7: 0.316 | R7: 0.3455 | S7: 0.39 | T7: 0.015 | U7: 7.201 | V7: 0 | W7: 13.33835 | X7: 0 | Y7: =SUM(N7:X7) -> 21.75685 | Z7: =IFERROR(N7/B7,0) -> 0.027631892 | AA7: =IFERROR(O7/C7,0) -> 0 | AB7: =IFERROR(P7/D7,0) -> 0 | AC7: =IFERROR(Q7/E7,0) -> 0.07184104 | AD7: =IFERROR(R7/F7,0) -> 0.32566689 | AE7: =IFERROR(S7/G7,0) -> 0.2950522 | AF7: =IFERROR(T7/H7,0) -> 0.036425449 | AG7: =IFERROR(U7/I7,0) -> 0.44963535 | ... AJ7: =IFERROR(X7/L7,0) -> 0 | AK7: =SUMPRODUCT(Z7:AJ7,B7:L7)/M7 -> 0.32219172
A8: 6 | B8: 10.393 | C8: 14.4957 | D8: 0 | E8: 4.6979 | F8: 0.8 | G8: 4.7619 | H8: 1.3411 | I8: 25.2585 | J8: 6.8122 | K8: 36.1578 | L8: 0 | M8: =SUM(B8:L8) -> 104.7181 | N8: 0.0856 | O8: 0 | P8: 0 | Q8: 0.3566 | R8: 0 | S8: 0.9044 | T8: 0.1703 | U8: 11.7865 | V8: 2.5698 | W8: 9.4811 | X8: 0 | Y8: =SUM(N8:X8) -> 25.3543 | Z8: =IFERROR(N8/B8,0) -> 0.0082363129 | AA8: =IFERROR(O8/C8,0) -> 0 | AB8: =IFERROR(P8/D8,0) -> 0 | AC8: =IFERROR(Q8/E8,0) -> 0.075906256 | AD8: =IFERROR(R8/F8,0) -> 0 | AE8: =IFERROR(S8/G8,0) -> 0.18992419 | AF8: =IFERROR(T8/H8,0) -> 0.12698531 | AG8: =IFERROR(U8/I8,0) -> 0.46663499 | ... AJ8: =IFERROR(X8/L8,0) -> 0 | AK8: =SUMPRODUCT(Z8:AJ8,B8:L8)/M8 -> 0.24211956
A9: 7 | B9: 16.7119 | C9: 17.5223 | D9: 226.99968 | E9: 23.4462 | F9: 15.0152 | G9: 3.1929 | H9: 6.4469 | I9: 107.8682 | J9: 21.273 | K9: 56.9896 | L9: 2.727 | M9: =SUM(B9:L9) -> 498.19288 | N9: 0.5075 | O9: 0.1975 | P9: 6.14248 | Q9: 0.3102 | R9: 0 | S9: 0.2533 | T9: 0.204 | U9: 16.5827 | V9: 0.165 | W9: 19.5745 | X9: 0 | Y9: =SUM(N9:X9) -> 43.93718 | Z9: =IFERROR(N9/B9,0) -> 0.030367582 | AA9: =IFERROR(O9/C9,0) -> 0.011271351 | AB9: =IFERROR(P9/D9,0) -> 0.027059421 | AC9: =IFERROR(Q9/E9,0) -> 0.013230289 | AD9: =IFERROR(R9/F9,0) -> 0 | AE9: =IFERROR(S9/G9,0) -> 0.079332268 | AF9: =IFERROR(T9/H9,0) -> 0.031643115 | AG9: =IFERROR(U9/I9,0) -> 0.15373113 | ... AJ9: =IFERROR(X9/L9,0) -> 0 | AK9: =SUMPRODUCT(Z9:AJ9,B9:L9)/M9 -> 0.088193111
A10: 8 | B10: 3.8544 | C10: 2.1891 | D10: 5.7717 | E10: 16.5117 | F10: 9.3011 | G10: 1.3335 | H10: 2.3193 | I10: 63.6644 | J10: 0 | K10: 11.64405 | L10: 35.0118 | M10: =SUM(B10:L10) -> 151.60105 | N10: 0.0509 | O10: 0 | P10: 0 | Q10: 0.0206 | R10: 0.0111 | S10: 0.6477 | T10: 0.4338 | U10: 31.6535 | V10: 0 | W10: 4.50795 | X10: 0 | Y10: =SUM(N10:X10) -> 37.32555 | Z10: =IFERROR(N10/B10,0) -> 0.013205687 | AA10: =IFERROR(O10/C10,0) -> 0 | AB10: =IFERROR(P10/D10,0) -> 0 | AC10: =IFERROR(Q10/E10,0) -> 0.0012476002 | AD10: =IFERROR(R10/F10,0) -> 0.0011934072 | AE10: =IFERROR(S10/G10,0) -> 0.48571429 | AF10: =IFERROR(T10/H10,0) -> 0.18703919 | AG10: =IFERROR(U10/I10,0) -> 0.49719309 | ... AJ10: =IFERROR(X10/L10,0) -> 0 | AK10: =SUMPRODUCT(Z10:AJ10,B10:L10)/M10 -> 0.24620905
A11: 9 | B11: 25.2416 | C11: 19.2968 | D11: 217.8265 | E11: 16.9926 | F11: 16.1131 | G11: 0.2141 | H11: 6.6151 | I11: 68.8395 | J11: 11.6892 | K11: 62.963 | L11: 0 | M11: =SUM(B11:L11) -> 445.7915 | N11: 0.3997 | O11: 2.466 | P11: 8.917 | Q11: 0.2833 | R11: 2.5827 | S11: 0 | T11: 0.3783 | U11: 25.2967 | V11: 3.5546 | W11: 23.3649 | X11: 0 | Y11: =SUM(N11:X11) -> 67.2432 | Z11: =IFERROR(N11/B11,0) -> 0.015834971 | AA11: =IFERROR(O11/C11,0) -> 0.12779321 | AB11: =IFERROR(P11/D11,0) -> 0.04093625 | AC11: =IFERROR(Q11/E11,0) -> 0.016671963 | AD11: =IFERROR(R11/F11,0) -> 0.16028573 | AE11: =IFERROR(S11/G11,0) -> 0 | AF11: =IFERROR(T11/H11,0) -> 0.057187344 | AG11: =IFERROR(U11/I11,0) -> 0.36747362 | ... AJ11: =IFERROR(X11/L11,0) -> 0 | AK11: =SUMPRODUCT(Z11:AJ11,B11:L11)/M11 -> 0.15084002
A12: 10 | B12: 10.5114 | C12: 10.3851 | D12: 1.3684 | E12: 15.0934 | F12: 26.5691 | G12: 13.81945 | H12: 22.1292 | I12: 0 | J12: 0 | K12: 97.4784 | L12: 0 | M12: =SUM(B12:L12) -> 197.35445 | N12: 0.2092 | O12: 0.8247 | P12: 0 | Q12: 0.2677 | R12: 0.102 | S12: 0.56045 | T12: 0.234 | U12: 0 | V12: 0 | W12: 39.1221 | X12: 0 | Y12: =SUM(N12:X12) -> 41.32015 | Z12: =IFERROR(N12/B12,0) -> 0.019902201 | AA12: =IFERROR(O12/C12,0) -> 0.07941185 | AB12: =IFERROR(P12/D12,0) -> 0 | AC12: =IFERROR(Q12/E12,0) -> 0.017736229 | AD12: =IFERROR(R12/F12,0) -> 0.0038390461 | AE12: =IFERROR(S12/G12,0) -> 0.04055516 | AF12: =IFERROR(T12/H12,0) -> 0.010574264 | AG12: =IFERROR(U12/I12,0) -> 0 | ... AJ12: =IFERROR(X12/L12,0) -> 0 | AK12: =SUMPRODUCT(Z12:AJ12,B12:L12)/M12 -> 0.20937025
A13: 11 | B13: 12.5643 | C13: 3.3785 | D13: 10.0552 | E13: 10.7784 | F13: 4.08 | G13: 4.6497 | H13: 3.1001 | I13: 73.1543 | J13: 0 | K13: 26.8599 | L13: 0 | M13: =SUM(B13:L13) -> 148.6204 | N13: 1.5734 | O13: 0.358 | P13: 0 | Q13: 0.006 | R13: 0.536 | S13: 1.0341 | T13: 0.1788 | U13: 24.7271 | V13: 0 | W13: 11.2762 | X13: 0 | Y13: =SUM(N13:X13) -> 39.6896 | Z13: =IFERROR(N13/B13,0) -> 0.12522783 | AA13: =IFERROR(O13/C13,0) -> 0.10596419 | AB13: =IFERROR(P13/D13,0) -> 0 | AC13: =IFERROR(Q13/E13,0) -> 0.00055666889 | AD13: =IFERROR(R13/F13,0) -> 0.13137255 | AE13: =IFERROR(S13/G13,0) -> 0.22240145 | AF13: =IFERROR(T13/H13,0) -> 0.057675559 | AG13: =IFERROR(U13/I13,0) -> 0.33801294 | ... AJ13: =IFERROR(X13/L13,0) -> 0 | AK13: =SUMPRODUCT(Z13:AJ13,B13:L13)/M13 -> 0.26705351
A14: 12 | B14: 15.2089 | C14: 6.0338 | D14: 19.814033 | E14: 18.930933 | F14: 4.7211 | G14: 5.0453 | H14: 2.2796 | I14: 0 | J14: 0 | K14: 27.82605 | L14: 0 | M14: =SUM(B14:L14) -> 99.859717 | N14: 1.3196 | O14: 0 | P14: 0.0267 | Q14: 0.01 | R14: 0 | S14: 0.8819 | T14: 0.1382 | U14: 0 | V14: 0 | W14: 8.51355 | X14: 0 | Y14: =SUM(N14:X14) -> 10.88995 | Z14: =IFERROR(N14/B14,0) -> 0.086764986 | AA14: =IFERROR(O14/C14,0) -> 0 | AB14: =IFERROR(P14/D14,0) -> 0.0013475298 | AC14: =IFERROR(Q14/E14,0) -> 0.00052823597 | AD14: =IFERROR(R14/F14,0) -> 0 | AE14: =IFERROR(S14/G14,0) -> 0.17479635 | AF14: =IFERROR(T14/H14,0) -> 0.060624671 | AG14: =IFERROR(U14/I14,0) -> 0 | ... AJ14: =IFERROR(X14/L14,0) -> 0 | AK14: =SUMPRODUCT(Z14:AJ14,B14:L14)/M14 -> 0.10905248
... A16: 16 | B16: 0 | C16: 0 | D16: 0 | E16: 0 | F16: 0 | G16: 0 | H16: 0 | I16: 17.4768 | J16: 8.2094 | K16: 8.0762 | L16: 0 | M16: =SUM(B16:L16) -> 33.7624 | N16: 0 | O16: 0 | P16: 0 | Q16: 0 | R16: 0 | S16: 0 | T16: 0 | U16: 0 | V16: 0 | W16: 0 | X16: 0 | Y16: =SUM(N16:X16) -> 0 | Z16: =IFERROR(N16/B16,0) -> 0 | AA16: =IFERROR(O16/C16,0) -> 0 | AB16: =IFERROR(P16/D16,0) -> 0 | AC16: =IFERROR(Q16/E16,0) -> 0 | AD16: =IFERROR(R16/F16,0) -> 0 | AE16: =IFERROR(S16/G16,0) -> 0 | AF16: =IFERROR(T16/H16,0) -> 0 | AG16: =IFERROR(U16/I16,0) -> 0 | ... AJ16: =IFERROR(X16/L16,0) -> 0 | AK16: =SUMPRODUCT(Z16:AJ16,B16:L16)/M16 -> 0
A17: مجموع | B17: =SUM(B3:B16) -> 140.818 | C17: =SUM(C3:C16) -> 95.3644 | D17: =SUM(D3:D16) -> 500.33411 | E17: =SUM(E3:E16) -> 145.22313 | F17: =SUM(F3:F16) -> 98.0885 | G17: =SUM(G3:G16) -> 46.61425 | H17: =SUM(H3:H16) -> 63.83 | I17: =SUM(I3:I16) -> 515.26662 | ... Y17: =SUM(Y3:Y16) -> 398.64237 | Z17: =SUMPRODUCT(Z3:Z16,B3:B16)/B17 -> 0.050030536 | AA17: =SUMPRODUCT(AA3:AA16,C3:C16)/C17 -> 0.047147573 | AB17: =SUMPRODUCT(AB3:AB16,D3:D16)/D17 -> 0.030540952 | AC17: =SUMPRODUCT(AC3:AC16,E3:E16)/E17 -> 0.011314313 | AD17: =SUMPRODUCT(AD3:AD16,F3:F16)/F17 -> 0.071786193 | AE17: =SUMPRODUCT(AE3:AE16,G3:G16)/G17 -> 0.15473058 | AF17: =SUMPRODUCT(AF3:AF16,H3:H16)/H17 -> 0.071768761 | AG17: =SUMPRODUCT(AG3:AG16,I3:I16)/I17 -> 0.31134565 | ... AK17: =SUMPRODUCT(AK3:AK16,M3:M16)/M17 -> 0.18178054

Sheet نمودار
B2: منطقه | C2: مجموع مساحت نگهداری فضای سبز (هکتار) | D2: مجموع مساحت محاسبه نیاز آبیاری (هکتار) | E2: مجموع مساحت لکه (هکتار) | F2: مجموع مساحت معابر (هکتار) | G2: میانگین نسبت معابر به مساحت لکه (%) | I2: نوع لکه | J2: مجموع مساحت لکه (هکتار) | K2: مجموع مساحت معابر (هکتار) | L2: میانگین نسبت معابر به مساحت لکه (%)
B3: 1 | C3: 42.5879 | D3: 44.961444 | E3: ='مساحت غیرسبز'!M3 -> 49.1401 | F3: ='مساحت غیرسبز'!Y3 -> 6.5062 | G3: ='مساحت غیرسبز'!AK3 -> 0.13240103 | I3: آیلند ها | J3: ='مساحت غیرسبز'!B17 -> 140.818 | K3: ='مساحت غیرسبز'!N17 -> 7.0452 | L3: ='مساحت غیرسبز'!Z17 -> 0.050030536
B4: 2 | C4: 124.5886 | D4: 128.31016 | E4: ='مساحت غیرسبز'!M4 -> 166.4318 | F4: ='مساحت غیرسبز'!Y4 -> 40.3925 | G4: ='مساحت غیرسبز'!AK4 -> 0.24269701 | I4: آیلند های بزرگراه | J4: ='مساحت غیرسبز'!C17 -> 95.3644 | K4: ='مساحت غیرسبز'!O17 -> 4.4962 | L4: ='مساحت غیرسبز'!AA17 -> 0.047147573
B5: 3 | C5: 103.5865 | D5: 103.60649 | E5: ='مساحت غیرسبز'!M5 -> 146.41782 | F5: ='مساحت غیرسبز'!Y5 -> 41.152024 | G5: ='مساحت غیرسبز'!AK5 -> 0.28105884 | I5: جنگل کاری داخل محدوده | J5: ='مساحت غیرسبز'!D17 -> 500.33411 | K5: ='مساحت غیرسبز'!P17 -> 15.28068 | L5: ='مساحت غیرسبز'!AB17 -> 0.030540952
B6: 4 | C6: 51.905 | D6: 61.494784 | E6: ='مساحت غیرسبز'!M6 -> 73.1169 | F6: ='مساحت غیرسبز'!Y6 -> 21.1265 | G6: ='مساحت غیرسبز'!AK6 -> 0.28894141 | I6: حاشیه معابر | J6: ='مساحت غیرسبز'!E17 -> 145.22313 | K6: ='مساحت غیرسبز'!Q17 -> 1.6431 | L6: ='مساحت غیرسبز'!AC17 -> 0.011314313
B7: 5 | C7: 44.6798 | D7: 55.6803 | E7: ='مساحت غیرسبز'!M7 -> 67.52765 | F7: ='مساحت غیرسبز'!Y7 -> 21.75685 | G7: ='مساحت غیرسبز'!AK7 -> 0.32219172 | I7: حاشیه های بزرگراه | J7: ='مساحت غیرسبز'!F17 -> 98.0885 | K7: ='مساحت غیرسبز'!R17 -> 7.0414 | L7: ='مساحت غیرسبز'!AD17 -> 0.071786193
B8: 6 | C8: 78.9624 | D8: 84.709249 | E8: ='مساحت غیرسبز'!M8 -> 104.7181 | F8: ='مساحت غیرسبز'!Y8 -> 25.3543 | G8: ='مساحت غیرسبز'!AK8 -> 0.24211956 | I8: لچکی ها | J8: ='مساحت غیرسبز'!G17 -> 46.61425 | K8: ='مساحت غیرسبز'!S17 -> 7.21265 | L8: ='مساحت غیرسبز'!AE17 -> 0.15473058
B9: 7 | C9: 452.6981 | D9: 340.59345 | E9: ='مساحت غیرسبز'!M9 -> 498.19288 | F9: ='مساحت غیرسبز'!Y9 -> 43.93718 | G9: ='مساحت غیرسبز'!AK9 -> 0.088193111 | I9: میادین | J9: ='مساحت غیرسبز'!H17 -> 63.83 | K9: ='مساحت غیرسبز'!T17 -> 4.581 | L9: ='مساحت غیرسبز'!AF17 -> 0.071768761
B10: 8 | C10: 111.2728 | D10: 95.769858 | E10: ='مساحت غیرسبز'!M10 -> 151.60105 | F10: ='مساحت غیرسبز'!Y10 -> 37.32555 | G10: ='مساحت غیرسبز'!AK10 -> 0.24620905 | I10: پارک های بالای 10 هکتار | J10: ='مساحت غیرسبز'!I17 -> 515.26662 | K10: ='مساحت غیرسبز'!U17 -> 160.42602 | L10: ='مساحت غیرسبز'!AG17 -> 0.31134565
B11: 9 | C11: 386.3511 | D11: 293.21438 | E11: ='مساحت غیرسبز'!M11 -> 445.7915 | F11: ='مساحت غیرسبز'!Y11 -> 67.2432 | G11: ='مساحت غیرسبز'!AK11 -> 0.15084002 | I11: پارک های بین 6 تا 10 هکتار | J11: ='مساحت غیرسبز'!J17 -> 49.0132 | K11: ='مساحت غیرسبز'!V17 -> 6.6378 | L11: ='مساحت غیرسبز'!AH17 -> 0.13542882
B12: 10 | C12: 152.724 | D12: 154.71294 | E12: ='مساحت غیرسبز'!M12 -> 197.35445 | F12: ='مساحت غیرسبز'!Y12 -> 41.32015 | G12: ='مساحت غیرسبز'!AK12 -> 0.20937025 | I12: پارک های زیر 6 هکتار | J12: ='مساحت غیرسبز'!K17 -> 500.69602 | K12: ='مساحت غیرسبز'!W17 -> 184.27832 | L12: ='مساحت غیرسبز'!AI17 -> 0.36804431
B13: 11 | C13: 106.3791 | D13: 129.35023 | E13: ='مساحت غیرسبز'!M13 -> 148.6204 | F13: ='مساحت غیرسبز'!Y13 -> 39.6896 | G13: ='مساحت غیرسبز'!AK13 -> 0.26705351 | I13: کمربند سبز حفاظتی | J13: ='مساحت غیرسبز'!L17 -> 37.7388 | K13: ='مساحت غیرسبز'!X17 -> 0 | L13: ='مساحت غیرسبز'!AJ17 -> 0
B14: 12 | C14: 85.0393 | D14: 95.023304 | E14: ='مساحت غیرسبز'!M14 -> 99.859717 | F14: ='مساحت غیرسبز'!Y14 -> 10.88995 | G14: ='مساحت غیرسبز'!AK14 -> 0.10905248 | I14: مجموع | J14: =SUM(J3:J13) -> 2192.987 | K14: =SUM(K3:K13) -> 398.64237 | L14: =K14/J14 -> 0.18178054
B15: 13 | C15: 7.2237 | D15: 8.4318875 | E15: ='مساحت غیرسبز'!M15 -> 10.45227 | F15: ='مساحت غیرسبز'!Y15 -> 1.94837 | G15: ='مساحت غیرسبز'!AK15 -> 0.1864064 | I15: فقط پارک ها | J15: =J10+J11+J12 -> 1064.9758 | K15: =K10+K11+K12 -> 351.34214 | L15: =K15/J15 -> 0.32990621
B16: 16 | C16: 33.664 | D16: 45.5279 | E16: ='مساحت غیرسبز'!M16 -> 33.7624 | F16: ='مساحت غیرسبز'!Y16 -> 0 | G16: ='مساحت غیرسبز'!AK16 -> 0
B17: مجموع | C17: =SUM(C3:C16) -> 1781.6623 | D17: =SUM(D3:D16) -> 1641.3864 | E17: =SUM(E3:E16) -> 2192.987 | F17: =SUM(F3:F16) -> 398.64237 | G17: =SUMPRODUCT(G3:G16,E3:E16)/E17 -> 0.18178054
