Workbook
Name çسçر76: [2]çسçرءهآس!$C$2:$J$39
Name Spots: #REF!
Name بسوآهè: [2]çسçرءهآس!$CY$83:$DD$97
Name مشآسطçسçرهآèآوè: [2]çسçرءهآس!$T$6:$AA$23

Sheet روش ها
D2: روش دفتر محیط زیست | G2: روش دفتر محیط زیست - تغییر Kd درخت | J2: روش سه ضریبی
B3: منطقه شهرداری | C3: مساحت | D3: نیاز آبیاری سالانه | E3: نیاز آبیاری ماه اوج | F3: هیدرومودول ماه اوج | G3: نیاز آبیاری سالانه | H3: نیاز آبیاری ماه اوج | I3: هیدرومودول ماه اوج | J3: نیاز آبیاری سالانه | K3: نیاز آبیاری ماه اوج | L3: هیدرومودول ماه اوج
C4: هکتار | D4: هزار متر مکعب | E4: هزار متر مکعب | F4: لیتر در ثانیه در هکتار | G4: هزار متر مکعب | H4: هزار متر مکعب | I4: لیتر در ثانیه در هکتار | J4: هزار متر مکعب | K4: هزار متر مکعب | L4: لیتر در ثانیه در هکتار
B5: 1 | C5: 44.961444 | D5: 670.0982 | E5: 155.71284 | F5: =E5*1000*1000/31/24/3600/C5 -> 1.2930304 | G5: 731.06467 | H5: 170.31078 | I5: =H5*1000*1000/31/24/3600/C5 -> 1.4142509 | J5: 740.45979 | K5: 158.29005 | L5: =K5*1000*1000/31/24/3600/C5 -> 1.3144314
B6: 2 | C6: 128.31016 | D6: 1557.8702 | E6: 358.37945 | F6: =E6*1000*1000/31/24/3600/C6 -> 1.0428134 | G6: 1653.23 | H6: 381.07759 | I6: =H6*1000*1000/31/24/3600/C6 -> 1.1088606 | J6: 1773.5424 | K6: 380.50879 | L6: =K6*1000*1000/31/24/3600/C6 -> 1.1072054
B7: 3 | C7: 103.60649 | D7: 1273.6676 | E7: 292.22915 | F7: =E7*1000*1000/31/24/3600/C7 -> 1.0530794 | G7: 1329.5415 | H7: 305.5106 | I7: =H7*1000*1000/31/24/3600/C7 -> 1.1009406 | J7: 1057.727 | K7: 227.82645 | L7: =K7*1000*1000/31/24/3600/C7 -> 0.82099732
B8: 4 | C8: 61.494784 | D8: 738.81076 | E8: 167.93693 | F8: =E8*1000*1000/31/24/3600/C8 -> 1.0196063 | G8: 778.47479 | H8: 177.39397 | I8: =H8*1000*1000/31/24/3600/C8 -> 1.0770234 | J8: 699.62421 | K8: 149.06105 | L8: =K8*1000*1000/31/24/3600/C8 -> 0.90500394
B9: 5 | C9: 55.6803 | D9: 676.9769 | E9: 154.89247 | F9: =E9*1000*1000/31/24/3600/C9 -> 1.0386119 | G9: 776.74719 | H9: 178.75512 | I9: =H9*1000*1000/31/24/3600/C9 -> 1.1986199 | J9: 837.49634 | K9: 180.97724 | L9: =K9*1000*1000/31/24/3600/C9 -> 1.2135201
B10: 6 | C10: 84.709249 | D10: 1097.5263 | E10: 250.70488 | F10: =E10*1000*1000/31/24/3600/C10 -> 1.1049854 | G10: 1134.9298 | H10: 259.56093 | I10: =H10*1000*1000/31/24/3600/C10 -> 1.1440185 | J10: 902.3763 | K10: 191.53171 | L10: =K10*1000*1000/31/24/3600/C10 -> 0.84417874
B11: 7 | C11: 340.59345 | D11: 2507.5442 | E11: 594.47383 | F11: =E11*1000*1000/31/24/3600/C11 -> 0.65165992 | G11: 4122.1606 | H11: 977.81544 | I11: =H11*1000*1000/31/24/3600/C11 -> 1.0718775 | J11: 6419.1372 | K11: 1472.1948 | L11: =K11*1000*1000/31/24/3600/C11 -> 1.6138143
B12: 8 | C12: 95.769858 | D12: 886.43951 | E12: 206.91407 | F12: =E12*1000*1000/31/24/3600/C12 -> 0.80665113 | G12: 948.58555 | H12: 221.65283 | I12: =H12*1000*1000/31/24/3600/C12 -> 0.86410994 | J12: 1002.0545 | K12: 222.25403 | L12: =K12*1000*1000/31/24/3600/C12 -> 0.86645369
B13: 9 | C13: 293.21438 | D13: 2562.6139 | E13: 596.76731 | F13: =E13*1000*1000/31/24/3600/C13 -> 0.75987879 | G13: 2842.4561 | H13: 662.8233 | I13: =H13*1000*1000/31/24/3600/C13 -> 0.84398954 | J13: 3264.7563 | K13: 730.25004 | L13: =K13*1000*1000/31/24/3600/C13 -> 0.92984571
B14: 10 | C14: 154.71294 | D14: 1733.4492 | E14: 396.80207 | F14: =E14*1000*1000/31/24/3600/C14 -> 0.95757289 | G14: 1974.5434 | H14: 454.41136 | I14: =H14*1000*1000/31/24/3600/C14 -> 1.0965971 | J14: 2238.2011 | K14: 488.61359 | L14: =K14*1000*1000/31/24/3600/C14 -> 1.1791348
B15: 11 | C15: 129.35023 | D15: 1642.9154 | E15: 374.44355 | F15: =E15*1000*1000/31/24/3600/C15 -> 1.080796 | G15: 1609.7845 | H15: 366.18753 | I15: =H15*1000*1000/31/24/3600/C15 -> 1.0569657 | J15: 1350.8103 | K15: 283.44533 | L15: =K15*1000*1000/31/24/3600/C15 -> 0.81813819
B16: 12 | C16: 95.023304 | D16: 835.99398 | E16: 196.42041 | F16: =E16*1000*1000/31/24/3600/C16 -> 0.77175785 | G16: 1041.5379 | H16: 245.40423 | I16: =H16*1000*1000/31/24/3600/C16 -> 0.96422075 | J16: 1295.0791 | K16: 294.33443 | L16: =K16*1000*1000/31/24/3600/C16 -> 1.156473
... B18: 16 | C18: 45.5279 | D18: 421.73668 | E18: 97.316458 | F18: =E18*1000*1000/31/24/3600/C18 -> 0.79805576 | G18: 459.76581 | H18: 105.93603 | I18: =H18*1000*1000/31/24/3600/C18 -> 0.86874166 | J18: 329.82545 | K18: 74.605931 | L18: =K18*1000*1000/31/24/3600/C18 -> 0.61181525
B19: جمع کل | C19: =SUM(C5:C18) -> 1641.3864 | D19: =SUM(D5:D18) -> 16728.634 | E19: =SUM(E5:E18) -> 3871.7352 | F19: =SUMPRODUCT(F5:F18,C5:C18)/C19 -> 0.88068254 | G19: =SUM(G5:G18) -> 19530.49 | H19: =SUM(H5:H18) -> 4536.6994 | I19: =SUMPRODUCT(I5:I18,C5:C18)/C19 -> 1.0319383 | J19: =SUM(J5:J18) -> 22022.577 | K19: =SUM(K5:K18) -> 4877.8356 | L19: =SUMPRODUCT(L5:L18,C5:C18)/C19 -> 1.1095347

Sheet هیدرومدول
C1: روش دفتر محیط زیست
C2: لکه‏های موجود | G2: لکه‏های طرح تفصیلی | K2: لکه‏های طرح توسعه
B3: منطقه شهرداری | C3: مساحت | D3: نیاز آبیاری سالانه | E3: نیاز آبیاری ماه اوج | F3: هیدرومدول ماه اوج | G3: مساحت | H3: نیاز آبیاری سالانه | I3: نیاز آبیاری ماه اوج | J3: هیدرومدول ماه اوج | K3: مساحت | L3: نیاز آبیاری سالانه | M3: نیاز آبیاری ماه اوج | N3: هیدرومدول ماه اوج | O3: هیدرومدول ماه اوج (لیتر در ثانیه در هکتار)
C4: هکتار | D4: هزار متر مکعب | E4: هزار متر مکعب | F4: لیتر در ثانیه در هکتار | G4: هکتار | H4: هزار متر مکعب | I4: هزار متر مکعب | J4: لیتر در ثانیه در هکتار | K4: هکتار | L4: هزار متر مکعب | M4: هزار متر مکعب | N4: لیتر در ثانیه در هکتار | O4: میادین | P4: لچکی ها | Q4: آیلند های بزرگراه | R4: آیلند ها | S4: حاشیه های بزرگراه | T4: حاشیه معابر | U4: پارک های زیر 6 هکتار | V4: پارک های بین 6 تا 10 هکتار | W4: پارک های بالای 10 هکتار | X4: جنگل کاری داخل محدوده | Y4: کمربند سبز حفاظتی
B5: 1 | C5: 44.961444 | D5: 670.0982 | E5: 155.71284 | F5: =E5*1000*1000/31/24/3600/C5 -> 1.2930304 | G5: 10.386438 | H5: =I5/(E5/D5) -> 147.01867 | I5: =J5*G5*31*24*3600/1000/1000 -> 34.163192 | J5: 1.2280509 | K5: 1.15334 | L5: =M5/(E5/D5) -> 16.325376 | M5: =N5*K5*31*24*3600/1000/1000 -> 3.7935793 | N5: 1.2280509 | O5: 1.4485578 | P5: 1.2605523 | Q5: - | R5: 1.3613487 | S5: - | T5: 1.3013488 | U5: 1.2463012 | V5: - | W5: 1.2177509 | X5: - | Y5: -
B6: 2 | C6: 128.31016 | D6: 1557.8702 | E6: 358.37945 | F6: =E6*1000*1000/31/24/3600/C6 -> 1.0428134 | G6: 112.9767 | H6: =I6/(E6/D6) -> 1594.9487 | I6: =J6*G6*31*24*3600/1000/1000 -> 366.90914 | J6: 1.2125348 | K6: 23.27273 | L6: =M6/(E6/D6) -> 328.5528 | M6: =N6*K6*31*24*3600/1000/1000 -> 75.581759 | N6: 1.2125348 | O6: 1.1019996 | P6: 1.1369575 | Q6: 0.57534696 | R6: 1.3810882 | S6: 0.71126887 | T6: 1.0264216 | U6: 1.2458086 | V6: 1.1023784 | W6: 1.1979877 | X6: 0.43718193 | Y6: -
B7: 3 | C7: 103.60649 | D7: 1273.6676 | E7: 292.22915 | F7: =E7*1000*1000/31/24/3600/C7 -> 1.0530794 | G7: 147.78486 | H7: =I7/(E7/D7) -> 1732.272 | I7: =J7*G7*31*24*3600/1000/1000 -> 397.45093 | J7: 1.0041027 | K7: 0 | L7: =M7/(E7/D7) -> 0 | M7: =N7*K7*31*24*3600/1000/1000 -> 0 | N7: 1.0041027 | O7: 1.3399429 | P7: 0.91597057 | Q7: 1.2518701 | R7: 1.1962444 | S7: 1.3173854 | T7: 0.98103344 | U7: 1.1357667 | V7: - | W7: 0.89457834 | X7: 0.43781104 | Y7: -
B8: 4 | C8: 61.494784 | D8: 738.81076 | E8: 167.93693 | F8: =E8*1000*1000/31/24/3600/C8 -> 1.0196063 | G8: 67.0136 | H8: =I8/(E8/D8) -> 802.79667 | I8: =J8*G8*31*24*3600/1000/1000 -> 182.48139 | J8: 1.0166704 | K8: 12.292321 | L8: =M8/(E8/D8) -> 147.25719 | M8: =N8*K8*31*24*3600/1000/1000 -> 33.472605 | N8: 1.0166704 | O8: 1.334375 | P8: 1.3153398 | Q8: 0.82300136 | R8: 1.235082 | S8: 0.69116296 | T8: 0.99767678 | U8: 1.1667091 | V8: - | W8: 1.0066944 | X8: - | Y8: -
B9: 5 | C9: 55.6803 | D9: 676.9769 | E9: 154.89247 | F9: =E9*1000*1000/31/24/3600/C9 -> 1.0386119 | G9: 46.409068 | H9: =I9/(E9/D9) -> 599.60145 | I9: =J9*G9*31*24*3600/1000/1000 -> 137.18895 | J9: 1.1036741 | K9: 65.252419 | L9: =M9/(E9/D9) -> 843.05604 | M9: =N9*K9*31*24*3600/1000/1000 -> 192.89142 | N9: 1.1036741 | O9: 1.375642 | P9: 1.2065424 | Q9: 0.71418748 | R9: 1.1932119 | S9: 1.0406013 | T9: 0.95025476 | U9: 1.1246391 | V9: - | W9: 1.0633515 | X9: - | Y9: -
B10: 6 | C10: 84.709249 | D10: 1097.5263 | E10: 250.70488 | F10: =E10*1000*1000/31/24/3600/C10 -> 1.1049854 | G10: 150.22809 | H10: =I10/(E10/D10) -> 1974.1 | I10: =J10*G10*31*24*3600/1000/1000 -> 450.93817 | J10: 1.1207027 | K10: 5.157132 | L10: =M10/(E10/D10) -> 67.768247 | M10: =N10*K10*31*24*3600/1000/1000 -> 15.480112 | N10: 1.1207027 | O10: 1.5121971 | P10: 1.227978 | Q10: 0.85804848 | R10: 1.2561255 | S10: 0.46958914 | T10: 1.0009807 | U10: 1.146382 | V10: 1.2695045 | W10: 1.0408477 | X10: - | Y10: -
B11: 7 | C11: 340.59345 | D11: 2507.5442 | E11: 594.47383 | F11: =E11*1000*1000/31/24/3600/C11 -> 0.65165992 | G11: 285.43951 | H11: =I11/(E11/D11) -> 2158.5753 | I11: =J11*G11*31*24*3600/1000/1000 -> 511.74234 | J11: 0.66936321 | K11: 0 | L11: =M11/(E11/D11) -> 0 | M11: =N11*K11*31*24*3600/1000/1000 -> 0 | N11: 0.66936321 | O11: 1.2700737 | P11: 0.9917972 | Q11: 0.92378179 | R11: 1.1172131 | S11: 0.69651809 | T11: 0.76007889 | U11: 0.99963849 | V11: 0.69102497 | W11: 0.47098027 | X11: 0.43079187 | Y11: 0.29747728
B12: 8 | C12: 95.769858 | D12: 886.43951 | E12: 206.91407 | F12: =E12*1000*1000/31/24/3600/C12 -> 0.80665113 | G12: =162.436147+42.376 -> 204.81215 | H12: =I12/(E12/D12) -> 1960.2032 | I12: =J12*G12*31*24*3600/1000/1000 -> 457.55364 | J12: 0.83408607 | K12: 0 | L12: =M12/(E12/D12) -> 0 | M12: =N12*K12*31*24*3600/1000/1000 -> 0 | N12: 0.83408607 | O12: 1.5046243 | P12: 1.3539142 | Q12: 1.4259378 | R12: 1.1978493 | S12: 0.47926005 | T12: 1.1733159 | U12: 0.92169526 | V12: - | W12: 0.8243469 | X12: 0.42142615 | Y12: 0.30816712
B13: 9 | C13: 293.21438 | D13: 2562.6139 | E13: 596.76731 | F13: =E13*1000*1000/31/24/3600/C13 -> 0.75987879 | G13: 357.86857 | H13: =I13/(E13/D13) -> 3606.6319 | I13: =J13*G13*31*24*3600/1000/1000 -> 839.89241 | J13: 0.87624321 | K13: 0 | L13: =M13/(E13/D13) -> 0 | M13: =N13*K13*31*24*3600/1000/1000 -> 0 | N13: 0.87624321 | O13: 1.4609665 | P13: 1.0398506 | Q13: 0.90626093 | R13: 1.0939074 | S13: 1.1094536 | T13: 0.93517369 | U13: 1.040642 | V13: 1.1567172 | W13: 0.77345449 | X13: 0.39372636 | Y13: -
B14: 10 | C14: 154.71294 | D14: 1733.4492 | E14: 396.80207 | F14: =E14*1000*1000/31/24/3600/C14 -> 0.95757289 | G14: 39.023784 | H14: =I14/(E14/D14) -> 518.38217 | I14: =J14*G14*31*24*3600/1000/1000 -> 118.66233 | J14: 1.1352932 | K14: 0 | L14: =M14/(E14/D14) -> 0 | M14: =N14*K14*31*24*3600/1000/1000 -> 0 | N14: 1.1352932 | O14: 1.2746713 | P14: 0.82341383 | Q14: 1.2507503 | R14: 1.3116049 | S14: 0.5613192 | T14: 0.7844466 | U14: 1.1308141 | V14: - | W14: - | X14: 0.36122241 | Y14: -
B15: 11 | C15: 129.35023 | D15: 1642.9154 | E15: 374.44355 | F15: =E15*1000*1000/31/24/3600/C15 -> 1.080796 | G15: =152.2125+8.5 -> 160.7125 | H15: =I15/(E15/D15) -> 1916.9582 | I15: =J15*G15*31*24*3600/1000/1000 -> 436.90176 | J15: 1.0149829 | K15: 0 | L15: =M15/(E15/D15) -> 0 | M15: =N15*K15*31*24*3600/1000/1000 -> 0 | N15: 1.0149829 | O15: 1.4535615 | P15: 1.2583403 | Q15: 1.40308 | R15: 1.4975935 | S15: 1.4190344 | T15: 1.103866 | U15: 1.1941725 | V15: - | W15: 0.94200613 | X15: 0.43415154 | Y15: -
B16: 12 | C16: 95.023304 | D16: 835.99398 | E16: 196.42041 | F16: =E16*1000*1000/31/24/3600/C16 -> 0.77175785 | G16: 344.33338 | H16: =I16/(E16/D16) -> 4294.4565 | I16: =J16*G16*31*24*3600/1000/1000 -> 1009.0012 | J16: 1.0940499 | K16: 56.337607 | L16: =M16/(E16/D16) -> 702.63129 | M16: =N16*K16*31*24*3600/1000/1000 -> 165.08627 | N16: 1.0940499 | O16: 1.4798147 | P16: 1.2310897 | Q16: 0.77981011 | R16: 0.84842961 | S16: 0.66366932 | T16: 0.54861351 | U16: 1.0680701 | V16: - | W16: - | X16: 0.43438389 | Y16: -
B17: 13 | C17: 8.4318875 | D17: 122.99092 | E17: 28.741801 | F17: =E17*1000*1000/31/24/3600/C17 -> 1.272664 | G17: 0 | H17: =I17/(E17/D17) -> 0 | I17: =J17*G17*31*24*3600/1000/1000 -> 0 | J17: 1.1614772 | K17: 1.231675 | L17: =M17/(E17/D17) -> 16.396129 | M17: =N17*K17*31*24*3600/1000/1000 -> 3.8316186 | N17: 1.1614772 | O17: 1.3044817 | P17: 1.5075607 | Q17: - | R17: 1.4867223 | S17: - | T17: 1.3168967 | U17: 1.1933528 | V17: - | W17: - | X17: - | Y17: -
B18: 7 | C18: 37.4517 | D18: 297.98852 | E18: 69.815795 | F18: =E18*1000*1000/31/24/3600/C18 -> 0.69599595 | O18: - | P18: - | Q18: - | R18: - | S18: - | T18: - | U18: 1.2534722 | V18: 0.64542424 | W18: 0.71564092 | X18: - | Y18: -
B19: 10 | C19: 1.3428 | D19: 18.725314 | E19: 4.1792022 | F19: =E19*1000*1000/31/24/3600/C19 -> 1.1620013
B20: 11 | C20: 1.3334 | D20: 20.565599 | E20: 4.6758371 | F20: =E20*1000*1000/31/24/3600/C20 -> 1.3092527
B21: 12 | C21: 5.4 | D21: 84.457242 | E21: 18.645624 | F21: =E21*1000*1000/31/24/3600/C21 -> 1.2891627
B22: جمع کل | C22: =SUM(C5:C21) -> 1641.3864 | D22: =SUM(D5:D21) -> 16728.634 | E22: =SUM(E5:E21) -> 3871.7352 | F22: =SUMPRODUCT(F5:F21,C5:C21)/C22 -> 0.88068254 | G22: =SUM(G5:G21) -> 1926.9886 | H22: =SUM(H5:H21) -> 21305.945 | I22: =SUM(I5:I21) -> 4942.8855 | J22: =SUMPRODUCT(J5:J21,C5:C21)/C22 -> 0.92556415 | K22: =SUM(K5:K21) -> 164.69722 | L22: =SUM(L5:L21) -> 2121.9871 | M22: =SUM(M5:M21) -> 490.13736 | N22: =SUMPRODUCT(N5:N21,C5:C21)/C22 -> 0.92556415

Sheet نتایج
E2: برآورد آب موردنیاز آبیاری و خدمات شهری در مناطق شهری
C3: منطقه | D3: سطح کاربری فضای سبز؛ هکتار | I3: توسعهء تکمیلی فضای سبز | J3: سهم فضاهای سبز متفرقه | K3: فضای سبز مبنای طراحی؛ هکتار | L3: نیاز آبیاری ماه اوج؛ لیتردرثانیه | S3: نیاز آبیاری؛ هزارمترمکعب | V3: ظرفیت واحد ماه اوج
D4: وضعِ موجود | E4: مساحت محاسبه نیاز آبیاری | F4: درحال توسعه‌ | G4: طرح تفصیلی | H4: پهنه‌های ‌توسعه‌نیافته | L4: وضع موجود | M4: درحال توسعه‌ | N4: طرح تفصیلی | O4: پهنه‌های ‌توسعه‌نیافته | P4: توسعه متفرقه و تکمیلی | Q4: خدمات غیرآبیاری | R4: مبنای طراحی | S4: ماه اوج | T4: سالانه | U4: سهم ماه اوج نسبت به سال | V4: لیتردرثانیه درهکتار | W4: مترمکعب در هکتار
C6: 1 | D6: 42.5879 | E6: =هیدرومدول!C5 -> 44.961444 | F6: =هیدرومدول!K5 -> 1.15334 | G6: =هیدرومدول!G5 -> 10.386438 | H6: 0 | I6: 0.1 | J6: 0.05 | K6: =SUM(E6:H6)*(1+I6)*(1+J6) -> 65.258912 | L6: =هیدرومدول!E5*1000/31/24/3600*1000 -> 58.136513 | M6: =F6*هیدرومدول!N5 -> 1.4163602 | N6: =G6*هیدرومدول!J5 -> 12.755075 | O6: =H6*هیدرومدول!N5 -> 0 | P6: =SUM(L6:O6)*(J6+I6) -> 10.846192 | Q6: 0.05 | R6: =SUM(L6:O6)*(1+J6)*(1+Q6)*(1+I6) -> 87.691463 | S6: =R6*3600*24*31/1000/1000 -> 234.87282 | T6: =S6/U6 -> 1010.7571 | U6: =(هیدرومدول!E5/هیدرومدول!D5) -> 0.23237316 | V6: =R6/K6 -> 1.3437469 | W6: =T6*1000/K6 -> 15488.415
C7: 2 | D7: 124.5886 | E7: =هیدرومدول!C6 -> 128.31016 | F7: =هیدرومدول!K6 -> 23.27273 | G7: =هیدرومدول!G6 -> 112.9767 | H7: 0 | I7: =I6 -> 0.1 | J7: =J6 -> 0.05 | K7: =SUM(E7:H7)*(1+I7)*(1+J7) -> 305.56632 | L7: =هیدرومدول!E6*1000/31/24/3600*1000 -> 133.80356 | M7: =F7*هیدرومدول!N6 -> 28.218996 | N7: =G7*هیدرومدول!J6 -> 136.98818 | O7: =H7*هیدرومدول!N6 -> 0 | P7: =SUM(L7:O7)*(J7+I7) -> 44.85161 | Q7: =Q6 -> 0.05 | R7: =SUM(L7:O7)*(1+J7)*(1+Q7)*(1+I7) -> 362.62527 | S7: =R7*3600*24*31/1000/1000 -> 971.25552 | T7: =S7/U7 -> 4222.0335 | U7: =(هیدرومدول!E6/هیدرومدول!D6) -> 0.23004448 | V7: =R7/K7 -> 1.1867318 | W7: =T7*1000/K7 -> 13817.077
C8: 3 | D8: 103.5865 | E8: =هیدرومدول!C7 -> 103.60649 | F8: =هیدرومدول!K7 -> 0 | G8: =هیدرومدول!G7 -> 147.78486 | H8: 10 | I8: =I7 -> 0.1 | J8: =J7 -> 0.05 | K8: =SUM(E8:H8)*(1+I8)*(1+J8) -> 301.90702 | L8: =هیدرومدول!E7*1000/31/24/3600*1000 -> 109.10587 | M8: =F8*هیدرومدول!N7 -> 0 | N8: =G8*هیدرومدول!J7 -> 148.39118 | O8: =H8*هیدرومدول!N7 -> 10.041027 | P8: =SUM(L8:O8)*(J8+I8) -> 40.130711 | Q8: =Q7 -> 0.05 | R8: =SUM(L8:O8)*(1+J8)*(1+Q8)*(1+I8) -> 324.45679 | S8: =R8*3600*24*31/1000/1000 -> 869.02508 | T8: =S8/U8 -> 3787.6066 | U8: =(هیدرومدول!E7/هیدرومدول!D7) -> 0.22943911 | V8: =R8/K8 -> 1.0746911 | W8: =T8*1000/K8 -> 12545.606
C9: 4 | D9: 51.905 | E9: =هیدرومدول!C8 -> 61.494784 | F9: =هیدرومدول!K8 -> 12.292321 | G9: =هیدرومدول!G8 -> 67.0136 | H9: 0 | I9: =I8 -> 0.1 | J9: =J8 -> 0.05 | K9: =SUM(E9:H9)*(1+I9)*(1+J9) -> 162.62481 | L9: =هیدرومدول!E8*1000/31/24/3600*1000 -> 62.700468 | M9: =F9*هیدرومدول!N8 -> 12.497239 | N9: =G9*هیدرومدول!J8 -> 68.130744 | O9: =H9*هیدرومدول!N8 -> 0 | P9: =SUM(L9:O9)*(J9+I9) -> 21.499268 | Q9: =Q8 -> 0.05 | R9: =SUM(L9:O9)*(1+J9)*(1+Q9)*(1+I9) -> 173.82158 | S9: =R9*3600*24*31/1000/1000 -> 465.56372 | T9: =S9/U9 -> 2048.1706 | U9: =(هیدرومدول!E8/هیدرومدول!D8) -> 0.2273071 | V9: =R9/K9 -> 1.0688503 | W9: =T9*1000/K9 -> 12594.453
C10: 5 | D10: 44.6798 | E10: =هیدرومدول!C9 -> 55.6803 | F10: =هیدرومدول!K9 -> 65.252419 | G10: =هیدرومدول!G9 -> 46.409068 | H10: 23.8 | I10: =I9 -> 0.1 | J10: =J9 -> 0.05 | K10: =SUM(E10:H10)*(1+I10)*(1+J10) -> 220.76876 | L10: =هیدرومدول!E9*1000/31/24/3600*1000 -> 57.830223 | M10: =F10*هیدرومدول!N9 -> 72.017404 | N10: =G10*هیدرومدول!J9 -> 51.220486 | O10: =H10*هیدرومدول!N9 -> 26.267443 | P10: =SUM(L10:O10)*(J10+I10) -> 31.100333 | Q10: =Q9 -> 0.05 | R10: =SUM(L10:O10)*(1+J10)*(1+Q10)*(1+I10) -> 251.4462 | S10: =R10*3600*24*31/1000/1000 -> 673.47349 | T10: =S10/U10 -> 2943.5001 | U10: =(هیدرومدول!E9/هیدرومدول!D9) -> 0.22880023 | V10: =R10/K10 -> 1.1389573 | W10: =T10*1000/K10 -> 13332.955
C11: 6 | D11: 78.9624 | E11: =هیدرومدول!C10 -> 84.709249 | F11: =هیدرومدول!K10 -> 5.157132 | G11: =هیدرومدول!G10 -> 150.22809 | H11: 0 | I11: =I10 -> 0.1 | J11: =J10 -> 0.05 | K11: =SUM(E11:H11)*(1+I11)*(1+J11) -> 277.30911 | L11: =هیدرومدول!E10*1000/31/24/3600*1000 -> 93.60248 | M11: =F11*هیدرومدول!N10 -> 5.7796117 | N11: =G11*هیدرومدول!J10 -> 168.36102 | O11: =H11*هیدرومدول!N10 -> 0 | P11: =SUM(L11:O11)*(J11+I11) -> 40.161467 | Q11: =Q10 -> 0.05 | R11: =SUM(L11:O11)*(1+J11)*(1+Q11)*(1+I11) -> 324.70546 | S11: =R11*3600*24*31/1000/1000 -> 869.69111 | T11: =S11/U11 -> 3807.3008 | U11: =(هیدرومدول!E10/هیدرومدول!D10) -> 0.22842722 | V11: =R11/K11 -> 1.1709152 | W11: =T11*1000/K11 -> 13729.447
C12: 7 | D12: 452.6981 | E12: =هیدرومدول!C11 -> 340.59345 | F12: =هیدرومدول!K11 -> 0 | G12: =هیدرومدول!G11 -> 285.43951 | H12: 0 | I12: =I11 -> 0.1 | J12: =J11 -> 0.05 | K12: =SUM(E12:H12)*(1+I12)*(1+J12) -> 723.06807 | L12: =هیدرومدول!E11*1000/31/24/3600*1000 -> 221.9511 | M12: =F12*هیدرومدول!N11 -> 0 | N12: =G12*هیدرومدول!J11 -> 191.0627 | O12: =H12*هیدرومدول!N11 -> 0 | P12: =SUM(L12:O12)*(J12+I12) -> 61.952071 | Q12: =Q11 -> 0.05 | R12: =SUM(L12:O12)*(1+J12)*(1+Q12)*(1+I12) -> 500.88249 | S12: =R12*3600*24*31/1000/1000 -> 1341.5637 | T12: =S12/U12 -> 5658.8364 | U12: =(هیدرومدول!E11/هیدرومدول!D11) -> 0.23707412 | V12: =R12/K12 -> 0.69271832 | W12: =T12*1000/K12 -> 7826.1462
C13: 8 | D13: 111.2728 | E13: =هیدرومدول!C12 -> 95.769858 | F13: =هیدرومدول!K12 -> 0 | G13: =هیدرومدول!G12 -> 204.81215 | H13: 0 | I13: =I12 -> 0.1 | J13: =J12 -> 0.05 | K13: =SUM(E13:H13)*(1+I13)*(1+J13) -> 347.17222 | L13: =هیدرومدول!E12*1000/31/24/3600*1000 -> 77.252864 | M13: =F13*هیدرومدول!N12 -> 0 | N13: =G13*هیدرومدول!J12 -> 170.83096 | O13: =H13*هیدرومدول!N12 -> 0 | P13: =SUM(L13:O13)*(J13+I13) -> 37.212573 | Q13: =Q12 -> 0.05 | R13: =SUM(L13:O13)*(1+J13)*(1+Q13)*(1+I13) -> 300.86366 | S13: =R13*3600*24*31/1000/1000 -> 805.83322 | T13: =S13/U13 -> 3452.266 | U13: =(هیدرومدول!E12/هیدرومدول!D12) -> 0.23342153 | V13: =R13/K13 -> 0.86661214 | W13: =T13*1000/K13 -> 9943.9581
C14: 9 | D14: 386.3511 | E14: =هیدرومدول!C13 -> 293.21438 | F14: =هیدرومدول!K13 -> 0 | G14: =هیدرومدول!G13 -> 357.86857 | H14: 0 | I14: =I13 -> 0.1 | J14: =J13 -> 0.05 | K14: =SUM(E14:H14)*(1+I14)*(1+J14) -> 752.0008 | L14: =هیدرومدول!E13*1000/31/24/3600*1000 -> 222.80739 | M14: =F14*هیدرومدول!N13 -> 0 | N14: =G14*هیدرومدول!J13 -> 313.5799 | O14: =H14*هیدرومدول!N13 -> 0 | P14: =SUM(L14:O14)*(J14+I14) -> 80.458094 | Q14: =Q13 -> 0.05 | R14: =SUM(L14:O14)*(1+J14)*(1+Q14)*(1+I14) -> 650.50369 | S14: =R14*3600*24*31/1000/1000 -> 1742.3091 | T14: =S14/U14 -> 7481.7528 | U14: =(هیدرومدول!E13/هیدرومدول!D13) -> 0.23287445 | V14: =R14/K14 -> 0.86503058 | W14: =T14*1000/K14 -> 9949.1288
C15: 10 | D15: 152.724 | E15: =هیدرومدول!C14 -> 154.71294 | F15: =هیدرومدول!K14 -> 0 | G15: =هیدرومدول!G14 -> 39.023784 | H15: 0 | I15: =I14 -> 0.1 | J15: =J14 -> 0.05 | K15: =SUM(E15:H15)*(1+I15)*(1+J15) -> 223.76592 | L15: =هیدرومدول!E14*1000/31/24/3600*1000 -> 148.14892 | M15: =F15*هیدرومدول!N14 -> 0 | N15: =G15*هیدرومدول!J14 -> 44.303438 | O15: =H15*هیدرومدول!N14 -> 0 | P15: =SUM(L15:O15)*(J15+I15) -> 28.867854 | Q15: =Q14 -> 0.05 | R15: =SUM(L15:O15)*(1+J15)*(1+Q15)*(1+I15) -> 233.3966 | S15: =R15*3600*24*31/1000/1000 -> 625.12945 | T15: =S15/U15 -> 2730.9085 | U15: =(هیدرومدول!E14/هیدرومدول!D14) -> 0.22890897 | V15: =R15/K15 -> 1.0430391 | W15: =T15*1000/K15 -> 12204.309
C16: 11 | D16: 106.3791 | E16: =هیدرومدول!C15 -> 129.35023 | F16: =هیدرومدول!K15 -> 0 | G16: =هیدرومدول!G15 -> 160.7125 | H16: 0 | I16: =I15 -> 0.1 | J16: =J15 -> 0.05 | K16: =SUM(E16:H16)*(1+I16)*(1+J16) -> 335.02245 | L16: =هیدرومدول!E15*1000/31/24/3600*1000 -> 139.80121 | M16: =F16*هیدرومدول!N15 -> 0 | N16: =G16*هیدرومدول!J15 -> 163.12043 | O16: =H16*هیدرومدول!N15 -> 0 | P16: =SUM(L16:O16)*(J16+I16) -> 45.438245 | Q16: =Q15 -> 0.05 | R16: =SUM(L16:O16)*(1+J16)*(1+Q16)*(1+I16) -> 367.36821 | S16: =R16*3600*24*31/1000/1000 -> 983.95903 | T16: =S16/U16 -> 4317.2368 | U16: =(هیدرومدول!E15/هیدرومدول!D15) -> 0.22791408 | V16: =R16/K16 -> 1.096548 | W16: =T16*1000/K16 -> 12886.41
C17: 12 | D17: 85.0393 | E17: =هیدرومدول!C16 -> 95.023304 | F17: =هیدرومدول!K16 -> 56.337607 | G17: =هیدرومدول!G16 -> 344.33338 | H17: 40 | I17: =I16 -> 0.1 | J17: =J16 -> 0.05 | K17: =SUM(E17:H17)*(1+I17)*(1+J17) -> 618.7269 | L17: =هیدرومدول!E16*1000/31/24/3600*1000 -> 73.334981 | M17: =F17*هیدرومدول!N16 -> 61.636152 | N17: =G17*هیدرومدول!J16 -> 376.71789 | O17: =H17*هیدرومدول!N16 -> 43.761995 | P17: =SUM(L17:O17)*(J17+I17) -> 83.317652 | Q17: =Q16 -> 0.05 | R17: =SUM(L17:O17)*(1+J17)*(1+Q17)*(1+I17) -> 673.62322 | S17: =R17*3600*24*31/1000/1000 -> 1804.2324 | T17: =S17/U17 -> 7679.0769 | U17: =(هیدرومدول!E16/هیدرومدول!D16) -> 0.23495434 | V17: =R17/K17 -> 1.0887246 | W17: =T17*1000/K17 -> 12411.093
C18: 13 | D18: 7.2237 | E18: =هیدرومدول!C17 -> 8.4318875 | F18: =هیدرومدول!K17 -> 1.231675 | G18: =هیدرومدول!G17 -> 0 | H18: 0 | I18: =I17 -> 0.1 | J18: =J17 -> 0.05 | K18: =SUM(E18:H18)*(1+I18)*(1+J18) -> 11.161415 | L18: =هیدرومدول!E17*1000/31/24/3600*1000 -> 10.730959 | M18: =F18*هیدرومدول!N17 -> 1.4305625 | N18: =G18*هیدرومدول!J17 -> 0 | O18: =H18*هیدرومدول!N17 -> 0 | P18: =SUM(L18:O18)*(J18+I18) -> 1.8242283 | Q18: =Q17 -> 0.05 | R18: =SUM(L18:O18)*(1+J18)*(1+Q18)*(1+I18) -> 14.748885 | S18: =R18*3600*24*31/1000/1000 -> 39.503415 | T18: =S18/U18 -> 169.04164 | U18: =(هیدرومدول!E17/هیدرومدول!D17) -> 0.23369043 | V18: =R18/K18 -> 1.3214172 | W18: =T18*1000/K18 -> 15145.181
B19: سازمان پارک‏ها | C19: 7 | D19: 33.664 | E19: =هیدرومدول!C18 -> 37.4517 | F19: =هیدرومدول!K18 -> 0 | G19: =هیدرومدول!G18 -> 0 | H19: 0 | I19: 0 | J19: 0 | K19: =SUM(E19:H19)*(1+I19)*(1+J19) -> 37.4517 | L19: =هیدرومدول!E18*1000/31/24/3600*1000 -> 26.066232 | M19: =F19*هیدرومدول!N18 -> 0 | N19: =G19*هیدرومدول!J18 -> 0 | O19: =H19*هیدرومدول!N18 -> 0 | P19: =SUM(L19:O19)*(J19+I19) -> 0 | Q19: 0.05 | R19: =SUM(L19:O19)*(1+J19)*(1+Q19)*(1+I19) -> 27.369543 | S19: =R19*3600*24*31/1000/1000 -> 73.306585 | T19: =S19/U19 -> 312.88795 | U19: =(هیدرومدول!E18/هیدرومدول!D18) -> 0.23429021 | V19: =R19/K19 -> 0.73079575 | W19: =T19*1000/K19 -> 8354.4392
C20: 10 | E20: =هیدرومدول!C19 -> 1.3428 | F20: =هیدرومدول!K19 -> 0 | G20: =هیدرومدول!G19 -> 0 | H20: 0 | I20: 0 | J20: 0 | K20: =SUM(E20:H20)*(1+I20)*(1+J20) -> 1.3428 | L20: =هیدرومدول!E19*1000/31/24/3600*1000 -> 1.5603354 | M20: =F20*هیدرومدول!N19 -> 0 | N20: =G20*هیدرومدول!J19 -> 0 | O20: =H20*هیدرومدول!N19 -> 0 | P20: =SUM(L20:O20)*(J20+I20) -> 0 | Q20: =Q19 -> 0.05 | R20: =SUM(L20:O20)*(1+J20)*(1+Q20)*(1+I20) -> 1.6383521 | S20: =R20*3600*24*31/1000/1000 -> 4.3881624 | T20: =S20/U20 -> 19.66158 | U20: =(هیدرومدول!E19/هیدرومدول!D19) -> 0.22318463 | V20: =R20/K20 -> 1.2201014 | W20: =T20*1000/K20 -> 14642.225
C21: 11 | E21: =هیدرومدول!C20 -> 1.3334 | F21: =هیدرومدول!K20 -> 0 | G21: =هیدرومدول!G20 -> 0 | H21: 0 | I21: 0 | J21: 0 | K21: =SUM(E21:H21)*(1+I21)*(1+J21) -> 1.3334 | L21: =هیدرومدول!E20*1000/31/24/3600*1000 -> 1.7457576 | M21: =F21*هیدرومدول!N20 -> 0 | N21: =G21*هیدرومدول!J20 -> 0 | O21: =H21*هیدرومدول!N20 -> 0 | P21: =SUM(L21:O21)*(J21+I21) -> 0 | Q21: =Q20 -> 0.05 | R21: =SUM(L21:O21)*(1+J21)*(1+Q21)*(1+I21) -> 1.8330455 | S21: =R21*3600*24*31/1000/1000 -> 4.9096289 | T21: =S21/U21 -> 21.593879 | U21: =(هیدرومدول!E20/هیدرومدول!D20) -> 0.22736206 | V21: =R21/K21 -> 1.3747154 | W21: =T21*1000/K21 -> 16194.6
C22: 12 | E22: =هیدرومدول!C21 -> 5.4 | F22: =هیدرومدول!K21 -> 0 | G22: =هیدرومدول!G21 -> 0 | H22: 0 | I22: 0 | J22: 0 | K22: =SUM(E22:H22)*(1+I22)*(1+J22) -> 5.4 | L22: =هیدرومدول!E21*1000/31/24/3600*1000 -> 6.9614783 | M22: =F22*هیدرومدول!N21 -> 0 | N22: =G22*هیدرومدول!J21 -> 0 | O22: =H22*هیدرومدول!N21 -> 0 | P22: =SUM(L22:O22)*(J22+I22) -> 0 | Q22: =Q21 -> 0.05 | R22: =SUM(L22:O22)*(1+J22)*(1+Q22)*(1+I22) -> 7.3095522 | S22: =R22*3600*24*31/1000/1000 -> 19.577905 | T22: =S22/U22 -> 88.680104 | U22: =(هیدرومدول!E21/هیدرومدول!D21) -> 0.22076998 | V22: =R22/K22 -> 1.3536208 | W22: =T22*1000/K22 -> 16422.241
C23: - | D23: =SUM(D6:D22) -> 1781.6623 | E23: =SUM(E6:E22) -> 1641.3864 | F23: =SUM(F6:F22) -> 164.69722 | G23: =SUM(G6:G22) -> 1926.9886 | H23: =SUM(H6:H22) -> 73.8 | I23: =SUM($E23:$H23)*(I24) -> 370.12793 | J23: =SUM($E23:$I23)*(J24) -> 203.05704 | K23: =SUM(K6:K22) -> 4389.8806 | L23: =SUM(L6:L22) -> 1445.5403 | M23: =SUM(M6:M22) -> 182.99633 | N23: =SUM(N6:N22) -> 1845.462 | O23: =SUM(O6:O22) -> 80.070465 | P23: =SUM(P6:P22) -> 527.6603 | Q23: =SUM($L23:$P23)*(Q24) -> 204.08647 | R23: =SUM(R6:R22) -> 4304.284 | S23: =SUM(S6:S22) -> 11528.594 | T23: =SUM(T6:T22) -> 49751.311 | U23: =SUMPRODUCT(U6:U22,K6:K22)/K23 -> 0.23218376 | V23: =SUMPRODUCT(V6:V22,K6:K22)/K23 -> 0.98050138 | W23: =ROUND(SUMPRODUCT(W6:W22,K6:K22)/K23,-1) -> 11330
E24: حجم نیاز سالانه | G24: میلیون مترمکعب | I24: =SUMPRODUCT(I6:I22,$E6:$E22)/$E23 -> 0.097226253 | J24: =SUMPRODUCT(J6:J22,$E6:$E22)/$E23 -> 0.048613127 | L24: =L23/1000*3600*24*31/U23/1000/1000 -> 16.675306 | Q24: =SUMPRODUCT(Q6:Q22,$E6:$E22)/$E23 -> 0.05 | R24: =R23/L23 -> 2.9776298 | T24: =T23/1000 -> 49.751311 | W24: =W23*K23/1000/1000 -> 49.737347
B28: کمربند | C28: 14 | E28: 3620.816 | F28: 0 | G28: 7000 | H28: 0 | I28: =I27 -> 0 | J28: =J27 -> 0 | K28: =SUM(E28:H28)*(1+I28)*(1+J28) -> 10620.816 | L28: 359.43084 | M28: 0 | N28: 970.70664 | O28: 0 | P28: =SUM(L28:O28)*(J28+I28) -> 0 | Q28: =Q8 -> 0.05 | R28: =SUM(L28:O28)*(1+J28)*(1+Q28)*(1+I28) -> 1396.6443 | S28: =R28*3600*24*31/1000/1000 -> 3740.7722 | T28: =S28/U28 -> 16264.227 | U28: 0.23 | V28: =R28/K28 -> 0.13150066 | W28: =T28*1000/K28 -> 1531.3538
C29: 15 | E29: 181 | F29: 0 | G29: 0 | H29: 0 | I29: =I28 -> 0 | J29: =J28 -> 0 | K29: =SUM(E29:H29)*(1+I29)*(1+J29) -> 181 | L29: 17.967492 | M29: 0 | N29: 0 | O29: 0 | P29: =SUM(L29:O29)*(J29+I29) -> 0 | Q29: =Q28 -> 0.05 | R29: =SUM(L29:O29)*(1+J29)*(1+Q29)*(1+I29) -> 18.865866 | S29: =R29*3600*24*31/1000/1000 -> 50.530336 | T29: =S29/U29 -> 219.69711 | U29: 0.23 | V29: =R29/K29 -> 0.10423131 | W29: =T29*1000/K29 -> 1213.7962
C30: - | E30: =SUM(E28:E29) -> 3801.816 | F30: =SUM(F28:F29) -> 0 | G30: =SUM(G28:G29) -> 7000 | H30: =SUM(H28:H29) -> 0 | I30: =SUM($E30:$H30)*(I31) -> 0 | J30: =SUM($E30:$I30)*(J31) -> 0 | K30: =SUM(K28:K29) -> 10801.816 | L30: =SUM(L28:L29) -> 377.39833 | M30: =SUM(M28:M29) -> 0 | N30: =SUM(N28:N29) -> 970.70664 | O30: =SUM(O28:O29) -> 0 | P30: =SUM(P28:P29) -> 0 | Q30: =SUM($L30:$P30)*(Q31) -> 67.405248 | R30: =SUM(R28:R29) -> 1415.5102 | S30: =SUM(S28:S29) -> 3791.3026 | T30: =SUM(T28:T29) -> 16483.924 | U30: =SUMPRODUCT(U28:U29,K28:K29)/K30 -> 0.23 | V30: =SUMPRODUCT(V28:V29,K28:K29)/K30 -> 0.13104373 | W30: =ROUND(SUMPRODUCT(W28:W29,K28:K29)/K30,-1) -> 1530
E31: حجم نیاز سالانه | G31: میلیون مترمکعب | I31: =SUMPRODUCT(I28:I29,$E28:$E29)/$E30 -> 0 | J31: =SUMPRODUCT(J28:J29,$E28:$E29)/$E30 -> 0 | L31: =L30/1000*3600*24*31/U30/1000/1000 -> 4.3948856 | Q31: =SUMPRODUCT(Q28:Q29,$E28:$E29)/$E30 -> 0.05 | R31: =R30/L30 -> 3.7507061 | T31: =T30/1000 -> 16.483924 | W31: =W30*K30/1000/1000 -> 16.526778
